station_j,station_k,dist,state_class,n_days,n_sw_j,n_sw_k,n_joint,expected_joint,ratio_emp,ratio,rho_hat
ALACANT/ALICANTE,ALMEIDINHA,0.6538393164492697,dry-dry,618,19,33,3,1.5442999283816925,2.9569377990430623,1.942627817864221,0.21264010897545968
ALACANT/ALICANTE,ALMEIDINHA,0.6538393164492697,dry-wet,108,45,42,7,4.194560893110854,0.4,1.66882784119234,-0.1432087792118223
ALACANT/ALICANTE,AMARANTE,0.7700675757933936,dry-dry,755,24,61,1,2.549898275456656,0.5157103825136612,0.3921725072820452,-0.19124291938731294
ALACANT/ALICANTE,AMARANTE,0.7700675757933936,dry-wet,175,60,68,6,6.705321378322401,0.25735294117647056,0.8948116967812116,-0.2596549362407572
ALACANT/ALICANTE,ARANJUEZ,0.35246898311497993,dry-dry,706,19,33,6,1.579520855030978,6.755980861244019,3.7986203100068128,0.5286460279826336
ALACANT/ALICANTE,ARANJUEZ,0.35246898311497993,dry-wet,106,58,44,13,4.395344629127233,0.5399686520376176,2.9576747893330406,-0.06036174690472358
ALACANT/ALICANTE,BARCELOS,0.8294414107042047,dry-dry,729,22,65,0,2.832909170827187,0.0,0.0,-0.9669294740230622
ALACANT/ALICANTE,BARCELOS,0.8294414107042047,dry-wet,194,59,77,9,7.845652107341718,0.3843275368699097,1.1471321793096176,0.057876903174836514
ALACANT/ALICANTE,BEARIZ,0.8791399283682779,dry-dry,723,24,95,5,3.157831646739215,1.5855263157894737,1.5833649666419085,0.11471839148939729
ALACANT/ALICANTE,BEARIZ,0.8791399283682779,dry-wet,235,47,98,5,7.30087965911486,0.25510204081632654,0.6848489816919113,-0.2100178495398549
ALACANT/ALICANTE,BEJA,0.6451766347937,dry-dry,919,31,18,2,1.143944447909309,3.293906810035842,1.7483366466398185,0.29342377422257476
ALACANT/ALICANTE,BRAGANCA,0.718272765242701,dry-dry,1027,31,84,5,3.1914858726446136,1.9719662058371736,1.5666683794081055,0.15034789639185303
ALACANT/ALICANTE,BRAGANCA,0.718272765242701,dry-wet,215,81,98,16,8.560122639465101,0.4333585285966238,1.8691320993737301,0.08941905466018116
ALACANT/ALICANTE,CADIZ,0.564047078811086,dry-dry,639,21,4,0,0.48478865392185866,0.0,0.0,-0.9386071153101756
ALACANT/ALICANTE,CAMPDEVANOL,0.5737275336859148,dry-dry,893,26,197,14,8.023271118035451,2.440843420538852,1.7449242078495273,0.38049541981603874
ALACANT/ALICANTE,CAMPDEVANOL,0.5737275336859148,dry-wet,388,48,221,14,13.644136812428304,0.5120663650075414,1.0260817662900847,-0.3190102282062878
ALACANT/ALICANTE,CAMPI,0.7439571270234114,dry-dry,588,18,48,1,2.0464435349466097,0.6805555555555556,0.4886526224267846,-0.12069846013327858
ALACANT/ALICANTE,CAMPI,0.7439571270234114,dry-wet,128,46,53,6,5.10483733600466,0.31501230516817064,1.1753557665161463,-0.36791054035333504
ALACANT/ALICANTE,CUENCA,0.2715274868668432,dry-dry,1043,34,69,13,3.6504064857406795,5.779624893435635,3.561247233912433,0.5490054728781278
ALACANT/ALICANTE,CUENCA,0.2715274868668432,dry-wet,174,68,84,11,7.031099499942717,0.33508403361344535,1.5644779312381538,-0.267190824656312
ALACANT/ALICANTE,DAROCA,0.38202131459886346,dry-dry,1090,33,123,14,5.37397410652539,3.7595466863759546,2.6051483915786626,0.4585113282744164
ALACANT/ALICANTE,DAROCA,0.38202131459886346,dry-wet,259,71,136,12,10.949873123224865,0.32187241093620544,1.0959031091006706,-0.38419917299823264
ALACANT/ALICANTE,ENCISO,0.5374994382437821,dry-dry,330,8,39,3,1.239680925215535,3.173076923076923,2.419977543397637,0.3058737978977065
ALACANT/ALICANTE,EXTREMO,0.8505633689862772,dry-dry,662,19,83,3,2.7698038225306174,1.2593532022828156,1.083109199141427,0.021679735539897806
ALACANT/ALICANTE,EXTREMO,0.8505633689862772,dry-wet,223,53,89,8,7.648136093028178,0.3782064871740513,1.046006491345332,0.005083604977209563
ALACANT/ALICANTE,FISTERRA,0.9869814597548859,dry-dry,393,10,72,3,2.1809227763241354,1.6375,1.3755645236812963,0.07620486801885422
ALACANT/ALICANTE,FISTERRA,0.9869814597548859,dry-wet,168,28,83,4,5.859887530594861,0.2891566265060241,0.6826069577471812,-0.1220508009106934
ALACANT/ALICANTE,GETAFE,0.3850572944039493,dry-dry,986,27,42,3,2.4325802890486266,2.6084656084656084,1.2332583691094896,0.2413079299878131
ALACANT/ALICANTE,GETAFE,0.3850572944039493,dry-wet,143,62,67,11,5.94557529287761,0.3786711603273953,1.8501153308372433,-0.09028929941232766
ALACANT/ALICANTE,GUARDA,0.6571957404414749,dry-dry,384,13,20,2,1.027868348192214,2.953846153846154,1.9457744793071448,0.18929962319242655
ALACANT/ALICANTE,LORCA,0.14285873363064877,dry-dry,1294,47,28,16,1.8794467125675078,15.732522796352583,8.513143731615799,0.8263386730037275
ALACANT/ALICANTE,MONTSERRAT,0.4839024212077362,dry-dry,1170,31,107,10,6.046153261707642,3.527283690081399,1.6539441802333101,0.4444960939634183
ALACANT/ALICANTE,MONTSERRAT,0.4839024212077362,dry-wet,231,52,148,17,10.261191973212378,0.5102650727650727,1.6567276047831276,-0.1373561587589625
ALACANT/ALICANTE,OURENSE,0.8386011704741688,dry-dry,774,24,62,5,2.5940511448274446,2.600806451612903,1.9274870543589835,0.24977699262814812
ALACANT/ALICANTE,OURENSE,0.8386011704741688,dry-wet,208,57,88,10,7.074946578074911,0.41467304625199364,1.4134382344298908,0.07110964963712857
ALACANT/ALICANTE,OVIEDO,0.8252213407188747,dry-dry,855,22,201,6,7.54465331730133,1.1601085481682496,0.7952651696057199,0.02048504366634818
ALACANT/ALICANTE,OVIEDO,0.8252213407188747,dry-wet,480,85,228,23,17.914634397564818,0.5696594427244582,1.2838665578978519,-0.13790012488751055
ALACANT/ALICANTE,PAMPLONA,0.6138643361825086,dry-dry,900,28,116,11,4.7018861316552325,3.0480295566502464,2.3394866851289753,0.37980923071790307
ALACANT/ALICANTE,PAMPLONA,0.6138643361825086,dry-wet,281,56,151,14,10.303172966812795,0.4652317880794702,1.358804714343332,-0.18220840338085378
ALACANT/ALICANTE,PONFERRADA,0.7810935427555226,dry-dry,1020,32,91,4,3.7804836646268396,1.401098901098901,1.058065674883647,0.053741451402525967
ALACANT/ALICANTE,PONFERRADA,0.7810935427555226,dry-wet,266,79,119,12,9.312620547238467,0.33953834698436336,1.2885739238627563,-0.013608768992541957
ALACANT/ALICANTE,PORTO,0.813632993196391,dry-dry,994,37,88,4,3.5922437980666637,1.221130221130221,1.1135101693690137,0.04264089396416287
ALACANT/ALICANTE,PORTO,0.813632993196391,dry-wet,234,73,101,8,8.952505806951445,0.25389936253899364,0.8936045586016998,-0.004346177339753054
ALACANT/ALICANTE,SORIA,0.49503674472303477,dry-dry,1020,31,118,9,5.157507290198058,2.5095680699835974,1.7450290408904847,0.3021989541080614
ALACANT/ALICANTE,SORIA,0.49503674472303477,dry-wet,262,72,136,12,10.988498043459204,0.32107843137254904,1.0920509748047762,-0.23500648724277878
ALACANT/ALICANTE,TARIFA,0.5493210824679542,dry-dry,701,27,11,2,0.5786921895949508,4.720538720538721,3.4560687632571607,0.34992183807280747
ALACANT/ALICANTE,TAVIRA,0.6475272711192898,dry-dry,415,15,4,0,0.32532616279704935,0.0,0.0,-0.824489518688154
ALACANT/ALICANTE,TORREVIEJA,0.05710930357064892,dry-dry,915,34,21,17,1.2985353989012802,21.785714285714285,13.091672367487309,0.9273667047149438
ALACANT/ALICANTE,VALENCIA,0.1513896629727109,dry-dry,916,28,61,12,2.6775773196234955,6.43559718969555,4.4816632976587085,0.5722432914212167
ALACANT/ALICANTE,VALENCIA,0.1513896629727109,dry-wet,115,48,65,9,4.278027274067316,0.3317307692307692,2.1037734038201417,-0.3512996098504985
ALACANT/ALICANTE,VANDELLOS,0.37190724161817185,dry-dry,998,29,67,3,3.550643844213627,1.5409161091096244,0.8449171844957094,0.12728432141802817
ALACANT/ALICANTE,VANDELLOS,0.37190724161817185,dry-wet,158,62,82,7,6.9945149677972696,0.21754523996852873,1.0007841905018409,-0.41125171645837244
ALACANT/ALICANTE,VIMIANZO,0.982146198608166,dry-dry,1011,33,193,4,7.0699880430538435,0.634950541686293,0.5657718196468436,-0.14782621248523597
ALACANT/ALICANTE,VIMIANZO,0.982146198608166,dry-wet,501,80,217,16,17.411363757201116,0.46175115207373274,0.9189400797730509,-0.07048805529234746
ALACANT/ALICANTE,ZAMORA,0.6265980123945956,dry-dry,1107,38,79,10,3.2419423586612437,3.687541638907395,3.084570573342793,0.396904623076092
ALACANT/ALICANTE,ZAMORA,0.6265980123945956,dry-wet,215,74,94,9,7.882501243325223,0.27817711328349626,1.1417695630078153,-0.04571880255847063
ALMEIDINHA,AMARANTE,0.12273554912455735,dry-dry,1296,58,108,31,6.06933864764038,6.413793103448276,5.107640518963643,0.6875217678349754
ALMEIDINHA,AMARANTE,0.12273554912455735,dry-wet,164,58,86,5,7.102081291634319,0.16439454691259023,0.7040189762245609,-0.59145749463535
ALMEIDINHA,ARANJUEZ,0.3211217713699551,dry-dry,686,33,25,8,1.9275399330730896,6.652121212121212,4.150367970455246,0.6035636368654856
ALMEIDINHA,BARCELOS,0.18155012267780263,dry-dry,1261,56,106,22,6.851423165803158,4.673517520215634,3.2110117077290536,0.5653778660776502
ALMEIDINHA,BARCELOS,0.18155012267780263,dry-wet,215,68,101,9,9.679255367272793,0.28174140943506115,0.9298235926733093,-0.5112841343490675
ALMEIDINHA,BEJA,0.3566288718791259,dry-dry,1172,49,32,9,1.9816323232465392,6.7270408163265305,4.541710333658243,0.459731741887549
ALMEIDINHA,BEJA,0.3566288718791259,dry-wet,124,80,31,14,4.801557271136488,0.7,2.9157207150600786,-0.08105164534556758
ALMEIDINHA,BRAGANCA,0.1674069033869147,dry-dry,1263,31,95,9,5.254306908680173,3.8597623089983024,1.712880529519869,0.3404556566187979
ALMEIDINHA,BRAGANCA,0.1674069033869147,dry-wet,210,114,100,38,10.983422534803678,0.7,3.4597594583644256,-0.058466487492594685
ALMEIDINHA,CADIZ,0.5638838245496208,dry-dry,496,21,3,0,0.4927245398043359,0.0,0.0,-0.7827641196760778
ALMEIDINHA,CAMPDEVANOL,0.8409585597165793,dry-dry,714,34,156,11,8.431565099154447,1.4807692307692308,1.3046213687068757,0.14105179958212846
ALMEIDINHA,CAMPDEVANOL,0.8409585597165793,dry-wet,382,55,182,12,17.24331711965747,0.45794205794205795,0.6959217833046717,-0.2944988571709453
ALMEIDINHA,CAMPI,0.09574976331735373,dry-dry,1155,46,100,27,5.51547549841572,6.779347826086957,4.895316824044555,0.6902126791070968
ALMEIDINHA,CAMPI,0.09574976331735373,dry-wet,148,46,85,5,6.323730936812025,0.18925831202046037,0.790672476416374,-0.6047357034701282
ALMEIDINHA,CUENCA,0.442223534195703,dry-dry,1081,42,74,8,4.828668994730872,2.7824967824967826,1.6567712569922972,0.3005000397335178
ALMEIDINHA,CUENCA,0.442223534195703,dry-wet,184,67,90,14,8.100824601426172,0.42719734660033165,1.7282191244500298,-0.23764201110729638
ALMEIDINHA,DAROCA,0.5040920060275275,dry-dry,894,44,95,14,5.855548550519972,2.9942583732057417,2.3908947008486168,0.3741605220413056
ALMEIDINHA,DAROCA,0.5040920060275275,dry-wet,229,63,125,16,10.670576428777887,0.4652698412698413,1.4994503911568438,-0.2573443972006335
ALMEIDINHA,EXTREMO,0.21912319875388883,dry-dry,1202,49,123,16,6.786745563499212,3.190973950555832,2.3575364436898796,0.4105399548074396
ALMEIDINHA,EXTREMO,0.21912319875388883,dry-wet,270,75,130,15,10.967084483522488,0.4153846153846154,1.36772904617784,-0.34941482712541033
ALMEIDINHA,FISTERRA,0.3686346866914262,dry-dry,158,5,18,1,1.122441217117559,1.7555555555555555,0.8909152521750855,0.2299524749626583
ALMEIDINHA,GETAFE,0.3002415281416156,dry-dry,735,30,45,7,2.599627319367568,3.811111111111111,2.692693659529223,0.3475128608651524
ALMEIDINHA,GETAFE,0.3002415281416156,dry-wet,129,55,54,10,5.424323251194408,0.43434343434343436,1.8435479481791672,-0.22017631007057747
ALMEIDINHA,GUARDA,0.012879133335799167,dry-dry,845,41,40,30,3.262373493076418,15.457317073170731,9.195758874226875,0.9560355723949137
ALMEIDINHA,HUELVA,0.4558191737082425,dry-dry,134,4,2,0,0.1468348467164306,0.0,0.0,-0.6486321693117256
ALMEIDINHA,LORCA,0.62187903546678,dry-dry,937,58,24,5,1.7168436257240831,3.36566091954023,2.9123211485794096,0.3201432355148314
ALMEIDINHA,LORCA,0.62187903546678,dry-wet,142,66,33,5,3.987275914143142,0.32598714416896235,1.2539889658161494,-0.0877523544073333
ALMEIDINHA,MONTSERRAT,0.7943981610586509,dry-dry,842,38,96,5,5.865878006262079,1.1540570175438596,0.8523873143393509,0.04779498219985744
ALMEIDINHA,MONTSERRAT,0.7943981610586509,dry-wet,230,48,132,9,11.060838796210367,0.32670454545454547,0.8136815087734173,-0.31729432827262294
ALMEIDINHA,OURENSE,0.2435455048033554,dry-dry,711,23,57,4,3.2460348560388423,2.1693363844393594,1.2322726579964167,0.1791826298369666
ALMEIDINHA,OURENSE,0.2435455048033554,dry-wet,171,71,85,23,6.999232630804816,0.6516984258492129,3.286074518908413,-0.03382051669697926
ALMEIDINHA,OVIEDO,0.3908015888344242,dry-dry,665,25,150,11,7.908990756102418,1.9506666666666668,1.39082220971274,0.25182429129716105
ALMEIDINHA,OVIEDO,0.3908015888344242,dry-wet,365,71,179,24,14.906362419364532,0.6892753167046974,1.6100507504649237,-0.11858052336991799
ALMEIDINHA,PAMPLONA,0.5666045144360723,dry-dry,546,19,55,5,3.779219475946502,2.61244019138756,1.3230245112313184,0.3414603920564584
ALMEIDINHA,PAMPLONA,0.5666045144360723,dry-wet,162,35,83,8,6.3270605430860645,0.4461273666092943,1.2644102179079115,-0.34274947205865275
ALMEIDINHA,PONFERRADA,0.27155843653758494,dry-dry,705,19,62,6,3.594584772139714,3.590831918505942,1.6691774934628785,0.42094673317558995
ALMEIDINHA,PONFERRADA,0.27155843653758494,dry-wet,174,62,82,20,6.788498237554933,0.6845003933910306,2.9461597101634602,-0.09079365650561597
ALMEIDINHA,PORTO,0.16025033210091358,dry-dry,1251,42,105,7,6.127066126122466,1.9857142857142858,1.1424717566137927,0.17923819398163182
ALMEIDINHA,PORTO,0.16025033210091358,dry-wet,245,104,113,29,11.782588451375117,0.6045779441797141,2.4612588413554817,-0.12842345998349222
ALMEIDINHA,SORIA,0.43600919255387915,dry-dry,808,28,89,12,5.525755201789435,3.8908507223113964,2.171648862786027,0.4883071232616405
ALMEIDINHA,SORIA,0.43600919255387915,dry-wet,215,62,106,17,9.750596788187734,0.5561472915398661,1.7434830266588899,-0.16020025299752555
ALMEIDINHA,TARIFA,0.6390090811114342,dry-dry,788,31,11,2,0.836348234993747,4.621700879765396,2.3913483837446647,0.3929706773864765
ALMEIDINHA,TAVIRA,0.4767871520870836,dry-dry,706,35,9,0,0.7760120205884067,0.0,0.0,-0.9424340363359709
ALMEIDINHA,TORREVIEJA,0.664537414633144,dry-dry,857,48,20,4,1.4405512946829215,3.5708333333333333,2.7767147305090836,0.30644118426749173
ALMEIDINHA,TORREVIEJA,0.664537414633144,dry-wet,118,58,29,6,3.4268509330745918,0.42092746730083236,1.7508786104730745,-0.23914085066775445
ALMEIDINHA,VALENCIA,0.6096675360795282,dry-dry,568,29,36,3,2.1699513724538786,1.632183908045977,1.3825194601515265,0.12761281789171458
ALMEIDINHA,VALENCIA,0.6096675360795282,dry-wet,119,34,64,5,4.791663909181105,0.2734375,1.0434788613658212,-0.3287718807505917
ALMEIDINHA,VANDELLOS,0.7000052061225858,dry-dry,1050,54,69,4,4.977618982667321,1.1272141706924315,0.8035970639634109,0.04109448124258533
ALMEIDINHA,VANDELLOS,0.7000052061225858,dry-wet,205,70,100,17,9.78764713982908,0.49785714285714283,1.7368832117804431,-0.006493290016560614
ALMEIDINHA,VIMIANZO,0.3743031747072173,dry-dry,820,27,132,4,7.680056215132249,0.920314253647587,0.5208295210285933,0.0007677219843157123
ALMEIDINHA,VIMIANZO,0.3743031747072173,dry-wet,344,72,147,16,13.557739201081827,0.5200302343159486,1.180137762107365,-0.19246120514003573
ALMEIDINHA,ZAMORA,0.1742940890469591,dry-dry,709,21,55,9,3.00603402688679,5.524675324675325,2.9939780852450575,0.49580884593711505
ALMEIDINHA,ZAMORA,0.1742940890469591,dry-wet,148,78,75,26,6.879343365057727,0.6577777777777778,3.7794304805400314,-0.04201289346677481
AMARANTE,ARANJUEZ,0.42751185371600214,dry-dry,856,74,30,7,3.269955864394089,2.699099099099099,2.140701676197417,0.2893966688378598
AMARANTE,ARANJUEZ,0.42751185371600214,dry-wet,171,93,42,10,6.483619313160387,0.4377880184331797,1.5423484194548711,-0.299672663862207
AMARANTE,BARCELOS,0.05963808078565448,dry-dry,1550,105,129,67,11.962751946583209,7.6670358065706905,5.600717986895689,0.8474354662507374
AMARANTE,BARCELOS,0.05963808078565448,wet-wet,187,98,99,80,60.00430389406708,1.5419501133786848,1.3332376981030187,0.810475380802422
AMARANTE,BARCELOS,0.05963808078565448,dry-wet,177,85,86,18,10.568042523758407,0.4358413132694938,1.7032482561963138,-0.4451030719914959
AMARANTE,BEARIZ,0.16424810352365138,dry-dry,124,2,15,0,1.0141862937859367,0.0,0.0,-0.6577392548211703
AMARANTE,BEJA,0.44242764326121664,dry-dry,1393,104,30,10,3.04757692073133,4.464743589743589,3.281295356968476,0.41169636369204793
AMARANTE,BEJA,0.44242764326121664,dry-wet,213,126,34,10,6.452625748103841,0.49719887955182074,1.5497567022136043,-0.1652042262230332
AMARANTE,BRAGANCA,0.13673884086947732,dry-dry,1520,79,119,21,8.64370557711021,3.3953834698436336,2.4295135706161783,0.3863997747570726
AMARANTE,BRAGANCA,0.13673884086947732,dry-wet,305,195,103,50,17.659206823721007,0.7592730893701768,2.8313842461393404,-0.02138830810720478
AMARANTE,CADIZ,0.6689776080668476,dry-dry,500,39,2,0,0.6955388163370111,0.0,0.0,-0.9002516125035063
AMARANTE,CAMPDEVANOL,0.9027889425937078,dry-dry,844,74,182,23,13.92624805816606,1.4413424413424414,1.651557541122017,0.16389542651644748
AMARANTE,CAMPDEVANOL,0.9027889425937078,dry-wet,470,91,220,17,27.911052937720015,0.3991008991008991,0.6090777025837524,-0.36220656001868684
AMARANTE,CAMPI,0.08144949484159086,dry-dry,1174,91,97,62,7.955313558031797,8.24606321513538,7.793533158401271,0.8840485674460006
AMARANTE,CAMPI,0.08144949484159086,wet-wet,141,76,71,59,44.427908458049046,1.5416975537435138,1.327994093075766,0.7607487932645097
AMARANTE,CAMPI,0.08144949484159086,dry-wet,107,47,60,7,5.818486583181868,0.26560283687943265,1.2030619818275865,-0.5442140128618623
AMARANTE,CUENCA,0.5435608566686928,dry-dry,1260,94,87,8,7.7096131629267255,1.2325752017608218,1.03766555220561,0.054770314407443337
AMARANTE,CUENCA,0.5435608566686928,dry-wet,311,121,126,21,15.231827522565032,0.4283746556473829,1.3786920820164072,-0.030678600450236418
AMARANTE,DAROCA,0.5816240670524255,dry-dry,1068,75,116,15,9.626807671001226,1.8413793103448275,1.5581489225326906,0.214932111099997
AMARANTE,DAROCA,0.5816240670524255,dry-wet,335,112,150,22,19.017887973290318,0.4386904761904762,1.1568056364038903,-0.20681231668612948
AMARANTE,EXTREMO,0.10028796594422176,dry-dry,1452,97,156,67,11.702179936566614,6.429024583663759,5.725428968207919,0.8073048006825625
AMARANTE,EXTREMO,0.10028796594422176,wet-wet,195,101,86,72,55.79796832676807,1.6163941975592908,1.290369562890685,0.7686191712909598
AMARANTE,EXTREMO,0.10028796594422176,dry-wet,214,82,115,16,11.206992133697248,0.3630965005302227,1.4276801312183587,-0.438591403260813
AMARANTE,FISTERRA,0.2493581455877165,dry-dry,235,9,32,2,2.3662204140364036,1.6319444444444444,0.8452297969098793,0.11693026534004139
AMARANTE,GETAFE,0.40186222901811963,dry-dry,869,65,51,6,4.07194296700881,1.5728506787330316,1.4734980446957273,0.09940298635636756
AMARANTE,GETAFE,0.40186222901811963,dry-wet,209,87,77,14,9.073447254339158,0.4367816091954023,1.5429637278493946,-0.094673710213232
AMARANTE,GUARDA,0.1247050741330204,dry-dry,835,71,39,23,4.0066349332770335,6.93571686529433,5.7404780777439735,0.7185392534119335
AMARANTE,GUARDA,0.1247050741330204,dry-wet,102,62,31,5,4.762790010815204,0.26534859521331944,1.04980483889614,-0.5208411391273219
AMARANTE,HUELVA,0.5555134304663756,dry-dry,121,13,2,0,0.1847095277076464,0.0,0.0,-0.8328386846664124
AMARANTE,LORCA,0.743650385162144,dry-dry,979,78,23,5,2.4420937181964613,2.7285395763656632,2.047423472221454,0.25280274159138777
AMARANTE,LORCA,0.743650385162144,dry-wet,186,83,40,7,5.383042460509561,0.3921686746987952,1.3003798597823761,0.18987852286431264
AMARANTE,MONTSERRAT,0.8659272353040036,dry-dry,1009,80,108,14,9.82984518936735,1.6349537037037036,1.4242340271180853,0.18686572159716194
AMARANTE,MONTSERRAT,0.8659272353040036,dry-wet,314,93,155,20,19.28489057800861,0.4356573014221297,1.0370813315791825,-0.13003098167301147
AMARANTE,OURENSE,0.1449565790625715,dry-dry,837,23,68,7,5.232109658099777,3.74616368286445,1.3378924482523737,0.3471114239187368
AMARANTE,OURENSE,0.1449565790625715,dry-wet,205,129,77,30,10.722594313674566,0.6191482935668983,2.7978303685089423,-0.18778937942191343
AMARANTE,OVIEDO,0.34246519327302993,dry-dry,832,42,191,22,13.67162231046207,2.281725255547245,1.6091725985704508,0.34496869438477834
AMARANTE,OVIEDO,0.34246519327302993,wet-wet,120,54,53,27,33.24116894246113,1.1320754716981132,0.8122458041934598,0.17025212765437134
AMARANTE,OVIEDO,0.34246519327302993,dry-wet,434,126,205,31,23.678737411883258,0.5208672086720867,1.3091914260784252,-0.2756515568389806
AMARANTE,PAMPLONA,0.5996423145961836,dry-dry,704,42,75,14,7.090673981856975,3.128888888888889,1.9744244391748982,0.4552702107653119
AMARANTE,PAMPLONA,0.5996423145961836,dry-wet,237,70,106,15,12.485375931469136,0.47911051212938005,1.2014055549735434,-0.2422667694012164
AMARANTE,PONFERRADA,0.21803657893266967,dry-dry,930,35,83,15,6.624330321988706,4.802065404475043,2.2643798347750286,0.525292051688808
AMARANTE,PONFERRADA,0.21803657893266967,dry-wet,222,130,81,31,11.20719018987056,0.6535612535612536,2.766081370513267,-0.15670302927716612
AMARANTE,PORTO,0.053395469373533455,dry-dry,1509,41,131,7,9.911833503354606,1.9666728728355987,0.706226552093605,0.1164061079864287
AMARANTE,PORTO,0.053395469373533455,dry-wet,330,236,125,74,21.600757655754883,0.8277966101694916,3.42580576011809,-0.0855733638858794
AMARANTE,SORIA,0.49241913502285073,dry-dry,994,77,119,21,9.312928042328114,2.27807486631016,2.254929910824294,0.3079261281852647
AMARANTE,SORIA,0.49241913502285073,dry-wet,343,120,139,22,19.176984963595068,0.4523980815347722,1.1472084919378123,-0.18635663619302575
AMARANTE,TARIFA,0.7479390967867101,dry-dry,878,62,10,1,1.314396691640213,1.4161290322580644,0.7608053233549433,0.04658988255692969
AMARANTE,TARIFA,0.7479390967867101,dry-wet,127,77,19,6,2.6303034168488875,0.5208475734791524,2.281105655555138,-0.05550002892214477
AMARANTE,TAVIRA,0.5670993036397277,dry-dry,716,59,9,2,1.0715420278003316,2.696798493408663,1.866469021383709,0.21528590012876034
AMARANTE,TAVIRA,0.5670993036397277,dry-wet,122,66,17,5,2.3812721804231938,0.5436720142602496,2.0997179747471844,0.00968349081666353
AMARANTE,TORREVIEJA,0.7834859559219466,dry-dry,1013,83,19,1,2.3077934847862265,0.6423589093214965,0.4333143353564113,-0.09861947985916071
AMARANTE,TORREVIEJA,0.7834859559219466,dry-wet,205,89,39,5,5.604800915566657,0.29530394698934026,0.8920923464227077,-0.3044394245974275
AMARANTE,VALENCIA,0.7151618291735352,dry-dry,721,54,45,1,3.7847631170615648,0.29670781893004117,0.26421732855407487,-0.24651956739437625
AMARANTE,VALENCIA,0.7151618291735352,dry-wet,212,73,87,14,9.676132542403366,0.4673279798456936,1.4468590564100177,-0.06340723383441091
AMARANTE,VANDELLOS,0.7814961072152424,dry-dry,1149,97,75,12,7.640571809564337,1.895257731958763,1.570563080760344,0.19409286086832314
AMARANTE,VANDELLOS,0.7814961072152424,dry-wet,282,111,106,20,14.98204817377258,0.479347271800102,1.3349309632451853,-0.09790975755356564
AMARANTE,VIMIANZO,0.2580404822439067,dry-dry,1037,38,170,15,13.647249434216738,2.4078947368421053,1.0991225794108819,0.34970004097059443
AMARANTE,VIMIANZO,0.2580404822439067,wet-wet,144,65,60,37,37.30678005092251,1.366153846153846,0.9917768284879112,0.4388029577053585
AMARANTE,VIMIANZO,0.2580404822439067,dry-wet,399,150,162,36,21.334735702801552,0.5911111111111111,1.6873890776754592,-0.2523885668203704
AMARANTE,ZAMORA,0.20648632666523262,dry-dry,939,60,75,18,5.339027740584524,3.756,3.3714003512612085,0.4295789076006801
AMARANTE,ZAMORA,0.20648632666523262,dry-wet,230,116,89,24,11.389802315520441,0.5346764819837272,2.1071480729122167,-0.14626993904834265
ARANJUEZ,BARCELOS,0.48561569122587256,dry-dry,817,34,79,9,3.7083405828421374,2.7375279225614295,2.4269615476101287,0.33560263875251
ARANJUEZ,BARCELOS,0.48561569122587256,dry-wet,181,35,93,5,6.798301390177487,0.2780337941628264,0.7354778367467263,-0.40585447019649623
ARANJUEZ,BEARIZ,0.5268778566066761,dry-dry,547,24,71,6,2.9114141472962194,1.926056338028169,2.060854174790659,0.22583341150965344
ARANJUEZ,BEARIZ,0.5268778566066761,dry-wet,187,43,82,6,6.779123321012762,0.31820760068065795,0.8850701950504766,-0.28336871382096773
ARANJUEZ,BEJA,0.46859709323553483,dry-dry,869,37,24,8,1.3088223203353422,7.828828828828829,6.112365197095864,0.5734082752843163
ARANJUEZ,BRAGANCA,0.36581444188565804,dry-dry,973,33,75,8,3.584700567018183,3.145050505050505,2.2317066238685985,0.33455785771383884
ARANJUEZ,BRAGANCA,0.36581444188565804,dry-wet,164,57,87,12,6.806471606193457,0.396854204476709,1.7630279966320233,-0.3814343049636243
ARANJUEZ,CADIZ,0.5406486192633485,dry-dry,568,26,4,1,0.5255719552441989,5.461538461538462,1.902689041951193,0.41826274086346155
ARANJUEZ,CAMPDEVANOL,0.5786683445077687,dry-dry,735,29,148,8,7.375531642246745,1.369990680335508,1.0846675721891457,0.09228186523235976
ARANJUEZ,CAMPDEVANOL,0.5786683445077687,dry-wet,373,52,204,24,16.00475367930951,0.8438914027149321,1.4995544749324394,-0.13423878602002867
ARANJUEZ,CAMPI,0.41639195640515503,dry-dry,555,14,52,6,2.1303775908625897,4.574175824175824,2.816402137224228,0.4617890753156876
ARANJUEZ,CAMPI,0.41639195640515503,dry-wet,108,20,57,4,3.7537376986630413,0.37894736842105264,1.0656045576718558,-0.29952144722361684
ARANJUEZ,CUENCA,0.12341818181818187,dry-dry,1008,42,67,24,4.037243918065342,8.597014925373134,5.944649490363432,0.7647398693051972
ARANJUEZ,CUENCA,0.12341818181818187,dry-wet,127,46,77,11,5.604460776688385,0.3944099378881988,1.9627222739704462,-0.32792468117463225
ARANJUEZ,DAROCA,0.23474509833546878,dry-dry,1011,32,110,22,5.7274750564139945,6.31875,3.8411341443317135,0.7382568525366091
ARANJUEZ,DAROCA,0.23474509833546878,dry-wet,201,48,132,20,8.363650051492073,0.634469696969697,2.3913004342442576,-0.24182042565933506
ARANJUEZ,ENCISO,0.3046833894732552,dry-dry,343,10,41,6,1.6053856086572058,5.019512195121951,3.737419824647977,0.5778076362044027
ARANJUEZ,EXTREMO,0.5012120908788555,dry-dry,740,26,88,7,3.4987801395527915,2.263986013986014,2.000697306145887,0.2419712936453156
ARANJUEZ,EXTREMO,0.5012120908788555,dry-wet,201,39,104,11,7.157709099015714,0.5451183431952663,1.5368045624420046,-0.14450669905073432
ARANJUEZ,FISTERRA,0.6348427280970375,dry-dry,407,15,54,2,2.59683893793799,1.0049382716049382,0.7701671331176558,-0.04694778918758702
ARANJUEZ,FISTERRA,0.6348427280970375,dry-wet,144,26,73,7,5.931855852829182,0.5310853530031612,1.1800691341245877,-0.04444865826712117
ARANJUEZ,GETAFE,0.035176866488291186,dry-dry,822,38,44,23,2.6601115663529042,11.307416267942584,8.646253898115152,0.8483736353561618
ARANJUEZ,GUARDA,0.3275879213763869,dry-dry,573,14,23,3,1.5343963776923801,5.338509316770186,1.9551662423185465,0.5255566712684013
ARANJUEZ,HUELVA,0.48462168724674026,dry-dry,115,5,1,1,0.10788769008928245,23.0,9.268898047334687,0.9989959874894344
ARANJUEZ,LORCA,0.3665688811311133,dry-dry,1059,47,19,5,1.6639964178885882,5.929451287793953,3.004814160804745,0.5093332188468763
ARANJUEZ,LORCA,0.3665688811311133,dry-wet,125,71,49,17,4.652081639336739,0.6108077033630354,3.654278088383621,0.13970013793767833
ARANJUEZ,MONTSERRAT,0.513972878605175,dry-dry,1018,42,96,13,6.042944865537189,3.2822420634920637,2.1512690069602947,0.4159650029651084
ARANJUEZ,MONTSERRAT,0.513972878605175,dry-wet,225,55,142,18,11.202276752334662,0.5185659411011524,1.6068162211979478,-0.22842606746565383
ARANJUEZ,OURENSE,0.48621794943719665,dry-dry,635,28,49,5,2.5389389727673013,2.314139941690962,1.9693265783975422,0.27148477662889353
ARANJUEZ,OURENSE,0.48621794943719665,dry-wet,173,61,81,15,6.639538503279603,0.525197328476017,2.2591931641921716,-0.24543235264304705
ARANJUEZ,OVIEDO,0.4917013415610158,dry-dry,622,24,156,5,6.3091736459340675,0.8306623931623932,0.7924968118799898,-0.09170923124366484
ARANJUEZ,OVIEDO,0.4917013415610158,dry-wet,396,61,193,19,14.77435488261732,0.6390894419434299,1.2860121576174088,-0.2448475186569155
ARANJUEZ,PAMPLONA,0.4101315529476614,dry-dry,738,31,90,17,4.605151159204988,4.496774193548387,3.691518348104517,0.6023371464014147
ARANJUEZ,PAMPLONA,0.4101315529476614,dry-wet,212,42,124,15,8.442360395864164,0.6105990783410138,1.7767542839498258,-0.15652884677484208
ARANJUEZ,PONFERRADA,0.43220058763847147,dry-dry,723,29,65,8,3.2130184348229998,3.0684350132625995,2.489870557011201,0.372151001730603
ARANJUEZ,PONFERRADA,0.43220058763847147,dry-wet,194,56,99,14,7.0478224661920414,0.4898989898989899,1.9864291512956114,-0.24347311652774087
ARANJUEZ,PORTO,0.47525552790949094,dry-dry,932,34,86,4,3.9506908890946315,1.2749658002735977,1.0124811361581034,0.10433884559669945
ARANJUEZ,PORTO,0.47525552790949094,dry-wet,208,64,109,15,8.745629156430844,0.44724770642201833,1.7151424707929888,-0.3076944210935634
ARANJUEZ,SORIA,0.25053305760033817,dry-dry,931,38,111,21,5.524474121318898,4.635135135135135,3.801266788265182,0.6227849907352865
ARANJUEZ,SORIA,0.25053305760033817,dry-wet,213,51,118,12,8.21633845975467,0.4247258225324028,1.4605045859269903,-0.4165218618469231
ARANJUEZ,TARIFA,0.5805894673204941,dry-dry,669,27,9,3,0.6511414278376001,8.25925925925926,4.607294009786495,0.5808108722722102
ARANJUEZ,TAVIRA,0.5384151287043925,dry-dry,450,15,7,2,0.40040488430246807,8.571428571428571,4.99494406389206,0.609430662015984
ARANJUEZ,TORREVIEJA,0.37725811554629846,dry-dry,701,32,20,7,1.028735928578456,7.6671875,6.804467313271394,0.5758345373115821
ARANJUEZ,VALENCIA,0.28875293677680697,dry-dry,751,38,42,7,2.540387570121489,3.293859649122807,2.755485061543282,0.3506318920657733
ARANJUEZ,VALENCIA,0.28875293677680697,dry-wet,138,47,74,12,5.854362283275464,0.4761357101782634,2.049753571671022,-0.2844944206027875
ARANJUEZ,VANDELLOS,0.40417206133610895,dry-dry,924,34,64,8,3.7846187716718327,3.3970588235294117,2.11381924644052,0.3870123410375633
ARANJUEZ,VANDELLOS,0.40417206133610895,dry-wet,145,47,84,11,6.82657725540429,0.40400202634245186,1.611349229409482,-0.13708200416809468
ARANJUEZ,VIMIANZO,0.629689508325335,dry-dry,990,40,184,4,8.086947315203506,0.5380434782608695,0.4946242190152491,-0.1943920359299286
ARANJUEZ,VIMIANZO,0.629689508325335,dry-wet,473,84,212,20,18.421430571480677,0.5312219227313567,1.0856920108562687,-0.14580095635263426
ARANJUEZ,ZAMORA,0.27471860425379063,dry-dry,958,40,74,14,3.451860248675535,4.531081081081081,4.055784125493418,0.4882732332220184
ARANJUEZ,ZAMORA,0.27471860425379063,dry-wet,168,69,88,14,7.0768484376342915,0.38735177865612647,1.9782817342178431,-0.26897063989766073
BARCELOS,BEJA,0.4819972487758231,dry-dry,1331,111,31,9,3.4298691342888654,3.4812554489973846,2.6240068199762443,0.3780694648170351
BARCELOS,BEJA,0.4819972487758231,dry-wet,244,129,38,10,7.364582173370106,0.49775601795185637,1.357850284590402,0.03667393285547593
BARCELOS,BRAGANCA,0.16798652964943547,dry-dry,1468,109,121,30,9.926349190312603,3.3391462582455076,3.0222591835956996,0.4330037533338118
BARCELOS,BRAGANCA,0.16798652964943547,dry-wet,326,174,98,27,18.02885988794277,0.516185784658691,1.4975988591523137,-0.20651833703565906
BARCELOS,CADIZ,0.7157642163440581,dry-dry,497,39,3,0,0.8058779678950554,0.0,0.0,-0.8410515003464731
BARCELOS,CAMPDEVANOL,0.9461025684702606,dry-dry,814,78,170,22,15.711898954812128,1.35052790346908,1.4002126708727336,0.12343317832205318
BARCELOS,CAMPDEVANOL,0.9461025684702606,dry-wet,485,98,217,24,32.50620950105961,0.5473525815856296,0.7383204737918664,-0.18992329318051338
BARCELOS,CAMPI,0.12095669370792832,dry-dry,1130,93,83,44,8.847492699397081,6.441248866433476,4.973160362483081,0.7758872155519524
BARCELOS,CAMPI,0.12095669370792832,wet-wet,123,60,62,45,38.16536299613834,1.4879032258064515,1.1790795754923962,0.6764153878391068
BARCELOS,CAMPI,0.12095669370792832,dry-wet,163,77,80,17,9.649617422026127,0.4498376623376623,1.7617278754695453,-0.3912914115536638
BARCELOS,CUENCA,0.600297243823585,dry-dry,1207,103,90,11,8.554762010694319,1.4322545846817691,1.2858335493434985,0.0953165425542904
BARCELOS,CUENCA,0.600297243823585,dry-wet,342,124,114,13,17.28087591980674,0.31451612903225806,0.7522766820575253,-0.03125838647280594
BARCELOS,DAROCA,0.6317580150934523,dry-dry,1023,93,118,23,10.852707809432399,2.1440677966101696,2.119286762701751,0.3231982314565665
BARCELOS,DAROCA,0.6317580150934523,dry-wet,363,121,144,21,21.88040957288913,0.4375,0.959762655723776,-0.06889882884863942
BARCELOS,EXTREMO,0.060029139070066184,dry-dry,1462,114,154,87,14.03260208634088,7.245044429254955,6.199848001439766,0.8844249595013814
BARCELOS,EXTREMO,0.060029139070066184,wet-wet,226,119,109,93,64.19499523826289,1.6203839333898697,1.4487110662572045,0.8346157763031634
BARCELOS,EXTREMO,0.060029139070066184,dry-wet,180,72,94,15,10.832973601333293,0.39893617021276595,1.3846613637232386,-0.4629170399451048
BARCELOS,FISTERRA,0.1988372074456892,dry-dry,221,5,26,1,2.529258167324971,1.7,0.3953728460458561,0.08802018277707818
BARCELOS,GETAFE,0.4591653660801633,dry-dry,844,75,52,7,4.649386512863712,1.514871794871795,1.505574978684331,0.12276146097699465
BARCELOS,GETAFE,0.4591653660801633,dry-wet,235,89,76,8,10.274228151236649,0.2779420461265523,0.778647299071034,-0.23072108884813314
BARCELOS,GUARDA,0.18246411909278548,dry-dry,794,67,35,15,4.354212625057421,5.0788912579957355,3.4449397150884855,0.6155268868631214
BARCELOS,GUARDA,0.18246411909278548,dry-wet,149,77,40,8,7.281780419865524,0.38701298701298703,1.0986324138771189,-0.4396074988249884
BARCELOS,HUELVA,0.6002335346606957,dry-dry,119,13,2,0,0.2235707075762641,0.0,0.0,-0.9468738262900419
BARCELOS,LORCA,0.803074569951235,dry-dry,938,81,21,2,2.666136863199248,1.102880658436214,0.7501490368352985,-0.004302319216768284
BARCELOS,LORCA,0.803074569951235,dry-wet,199,80,40,2,5.866797899868448,0.124375,0.3409014651833918,-0.09213680081506054
BARCELOS,MONTSERRAT,0.9128176293538601,dry-dry,982,90,104,11,11.183569081013083,1.154059829059829,0.983585823122894,0.0687562913412921
BARCELOS,MONTSERRAT,0.9128176293538601,dry-wet,325,94,151,15,20.92783773059157,0.34345498097787797,0.7167486767194077,-0.2951170803814753
BARCELOS,OURENSE,0.12706132701948344,dry-dry,822,32,71,12,5.999435320058323,4.341549295774648,2.000188244363528,0.43212724274140646
BARCELOS,OURENSE,0.12706132701948344,dry-wet,202,132,73,30,11.64322169837409,0.6288916562889165,2.5766064391086303,-0.15763288764455896
BARCELOS,OVIEDO,0.34513326757742885,dry-dry,808,60,179,32,15.276758456058309,2.4074487895716947,2.094685210350351,0.44977615583334973
BARCELOS,OVIEDO,0.34513326757742885,wet-wet,124,53,56,29,33.57297586752692,1.2115902964959568,0.8637899754382489,0.26268233134676144
BARCELOS,OVIEDO,0.34513326757742885,dry-wet,429,122,208,36,26.591074620567376,0.6086065573770492,1.3538377261427077,-0.22681965065845078
BARCELOS,PAMPLONA,0.6340710178049938,dry-dry,669,56,67,13,7.81880836995173,2.317963752665245,1.662657451736505,0.3308209240178462
BARCELOS,PAMPLONA,0.6340710178049938,dry-wet,253,77,108,17,14.632300352191468,0.5171957671957672,1.1618132208073437,-0.19931861076844012
BARCELOS,PONFERRADA,0.22564370344525275,dry-dry,904,51,84,20,7.569224376244615,4.220354808590103,2.6422786544376127,0.5157575875364806
BARCELOS,PONFERRADA,0.22564370344525275,dry-wet,213,113,74,18,11.494021062361941,0.45850275053814876,1.566031583058638,-0.30974640497252187
BARCELOS,PORTO,0.040976134985846215,dry-dry,1474,48,130,23,11.20463353036691,5.43301282051282,2.0527222008346073,0.4706982400217057
BARCELOS,PORTO,0.040976134985846215,wet-wet,123,19,76,15,40.38878193688654,1.2777008310249307,0.37139025443846574,0.05425268705274675
BARCELOS,PORTO,0.040976134985846215,dry-wet,311,249,109,78,22.843184996039646,0.893776942632917,3.4145851383475185,-0.09364478119309295
BARCELOS,SORIA,0.5366030211861776,dry-dry,960,88,115,17,10.709127276861102,1.6126482213438735,1.5874309418967691,0.18195135601422174
BARCELOS,SORIA,0.5366030211861776,dry-wet,353,120,128,14,20.446564067009827,0.32174479166666664,0.6847116197184814,-0.3220119478096413
BARCELOS,TARIFA,0.7964956682434401,dry-dry,837,63,11,0,1.4470182720828946,0.0,0.0,-0.9644213685477063
BARCELOS,TARIFA,0.7964956682434401,dry-wet,141,71,22,3,3.0558711369394373,0.2708066581306018,0.9817167889496171,-0.10674380983724802
BARCELOS,TAVIRA,0.6072659181436411,dry-dry,700,63,9,2,1.2391176365032601,2.4691358024691357,1.6140517583495293,0.2568519859021167
BARCELOS,TAVIRA,0.6072659181436411,dry-wet,132,69,16,4,2.6463140360179196,0.4782608695652174,1.5115364032981737,0.17862694445857263
BARCELOS,TORREVIEJA,0.8431049232133687,dry-dry,974,86,17,0,2.5786404408045405,0.0,0.0,-0.946879006269966
BARCELOS,TORREVIEJA,0.8431049232133687,dry-wet,215,98,38,9,6.454061131859596,0.5196025778732546,1.3944708325697013,0.16948675794588317
BARCELOS,VALENCIA,0.7725271503818149,dry-dry,707,64,45,5,4.272250710817717,1.2274305555555556,1.1703433010940947,0.0786203968611548
BARCELOS,VALENCIA,0.7725271503818149,dry-wet,220,77,84,15,10.611869447143158,0.5102040816326531,1.4135115471137065,0.1709801925340752
BARCELOS,VANDELLOS,0.8319730421067628,dry-dry,1117,106,75,11,8.723003315382687,1.5455345911949685,1.2610335686336283,0.1329630648506686
BARCELOS,VANDELLOS,0.8319730421067628,dry-wet,304,115,103,13,16.544786754108465,0.333642887294217,0.7857459992206784,-0.2992248937216752
BARCELOS,VIMIANZO,0.21143889579062577,dry-dry,1013,40,162,19,15.342824616624664,2.970216049382716,1.238363891575259,0.4334311724804839
BARCELOS,VIMIANZO,0.21143889579062577,wet-wet,164,69,61,32,41.53339620571796,1.2468519838441434,0.7704643232521041,0.304994503565102
BARCELOS,VIMIANZO,0.21143889579062577,dry-wet,385,168,166,44,24.510678503538024,0.607429718875502,1.7951359442639976,-0.25123454966928654
BARCELOS,ZAMORA,0.25174102695500494,dry-dry,890,74,73,17,5.995440347769174,2.8008145131432802,2.835488139970483,0.3554884090633306
BARCELOS,ZAMORA,0.25174102695500494,dry-wet,248,111,86,12,12.557747091554068,0.3117536140791955,0.9555854177116538,-0.39933235283012153
BEARIZ,BEJA,0.6063763446126246,dry-dry,504,57,1,0,1.4375879515152654,0.0,0.0,-0.17144309106623998
BEARIZ,BEJA,0.6063763446126246,dry-wet,119,64,11,2,2.356973811266743,0.3380681818181818,0.8485457031553145,-0.4954569067242612
BEARIZ,BRAGANCA,0.16172822748933469,dry-dry,613,74,34,14,4.760228594604024,3.4109697933227343,2.9410352300874276,0.4725658592995904
BEARIZ,BRAGANCA,0.16172822748933469,dry-wet,143,64,47,4,6.404569245050494,0.1901595744680851,0.6245541030087596,-0.5771341177488083
BEARIZ,CADIZ,0.832147877610787,dry-dry,430,54,2,0,0.8203826573473624,0.0,0.0,-0.7770849720376405
BEARIZ,CADIZ,0.832147877610787,dry-wet,138,65,12,3,2.0892704453513433,0.5307692307692308,1.4359079298111181,0.024808555252726898
BEARIZ,CAMPDEVANOL,0.912176071432521,dry-dry,604,70,118,14,12.960118452951903,1.023728813559322,1.0802370403343995,0.012812247781055516
BEARIZ,CAMPDEVANOL,0.912176071432521,dry-wet,409,111,191,44,29.84096144570514,0.8488278854771001,1.4744833232017964,0.038375641616838735
BEARIZ,CUENCA,0.6283106282640837,dry-dry,733,90,47,4,5.915980455440163,0.6931442080378251,0.6761347557059146,-0.09079275254798987
BEARIZ,CUENCA,0.6283106282640837,dry-wet,294,111,78,13,13.385829560688272,0.44144144144144143,0.9711762682365699,-0.05835795796654562
BEARIZ,DAROCA,0.6271394781520138,dry-dry,839,108,85,13,9.94241223830219,1.1881263616557733,1.3075297712881735,0.07582062517190125
BEARIZ,DAROCA,0.6271394781520138,dry-wet,363,123,124,22,20.742265447998342,0.52360346184107,1.0606363155054035,-0.08000047981881891
BEARIZ,ENCISO,0.5258708499275143,dry-dry,448,52,54,15,4.443512781767648,2.393162393162393,3.375707629681429,0.37261735366415244
BEARIZ,ENCISO,0.5258708499275143,dry-wet,165,55,66,11,9.17024688844787,0.5,1.1995314994034831,-0.2108237235508856
BEARIZ,FISTERRA,0.10811111067835147,dry-dry,625,65,84,42,8.85631808901319,4.8076923076923075,4.742377089199585,0.7605114877368083
BEARIZ,FISTERRA,0.10811111067835147,wet-wet,143,55,71,43,35.491046262288506,1.5746478873239436,1.2115731861556935,0.6705237567061832
BEARIZ,FISTERRA,0.10811111067835147,dry-wet,159,81,63,15,11.025994659364166,0.4673721340388007,1.360421482451997,-0.38655013926348136
BEARIZ,GETAFE,0.49541758828778526,dry-dry,577,69,23,2,3.375623518992549,0.7271581600504096,0.5924831334854835,-0.114008199288187
BEARIZ,GETAFE,0.49541758828778526,dry-wet,214,88,49,11,7.958145450403059,0.5459183673469388,1.382231585053887,0.044245212625614296
BEARIZ,LORCA,0.8723882343311558,dry-dry,948,121,29,3,3.1869628438112234,0.8104873183243089,0.9413351039927286,-0.061194409078509614
BEARIZ,LORCA,0.8723882343311558,dry-wet,310,132,42,6,7.651385516898259,0.3354978354978355,0.7841717015498518,0.1083317162473064
BEARIZ,MONTSERRAT,0.890950172538324,dry-dry,905,118,73,12,11.292970961409566,1.2607383329463664,1.0626078860032935,0.047449946250857966
BEARIZ,MONTSERRAT,0.890950172538324,dry-wet,375,122,140,24,23.458959639774502,0.5269320843091335,1.0230632717108292,-0.06831575565414338
BEARIZ,OURENSE,0.04139023071767084,dry-dry,548,61,30,21,4.889837283965215,6.288524590163934,4.294621432263877,0.7832689460807468
BEARIZ,OURENSE,0.04139023071767084,wet-wet,121,45,55,37,27.82722229560525,1.808888888888889,1.3296332493036291,0.7966211088687479
BEARIZ,OVIEDO,0.24198027957244037,dry-dry,710,85,147,42,15.08194800276609,2.3865546218487395,2.784786155760319,0.46746568623178714
BEARIZ,OVIEDO,0.24198027957244037,wet-wet,169,83,82,48,37.82361409921077,1.1918895092565382,1.2690484805099989,0.28275990963797115
BEARIZ,OVIEDO,0.24198027957244037,dry-wet,366,80,186,27,24.10913060247887,0.6641129032258064,1.1199076584380814,-0.2979266835398948
BEARIZ,PAMPLONA,0.5814467973562686,dry-dry,894,107,99,24,11.615746778824242,2.0254885301614274,2.0661607434274067,0.29746160733027566
BEARIZ,PAMPLONA,0.5814467973562686,wet-wet,110,51,58,33,26.683995653072152,1.2271805273833671,1.236696348966789,0.33893472802770463
BEARIZ,PAMPLONA,0.5814467973562686,dry-wet,324,114,142,25,19.23464525874498,0.5003706449221645,1.2997380333091308,-0.24997174797721589
BEARIZ,PONFERRADA,0.14702946889315588,dry-dry,807,101,64,34,7.761727980645394,4.244740099009901,4.380467865503949,0.6189058942413791
BEARIZ,PONFERRADA,0.14702946889315588,wet-wet,134,58,70,47,30.137120384143444,1.5512315270935961,1.5595385159867134,0.7147216079209915
BEARIZ,PONFERRADA,0.14702946889315588,dry-wet,196,75,85,11,9.708258008417753,0.33819607843137256,1.1330560014435356,-0.4196084075755393
BEARIZ,PORTO,0.17205815380968065,dry-dry,602,67,44,27,5.567873831610003,5.513568521031208,4.849247812821344,0.7364199056462971
BEARIZ,PORTO,0.17205815380968065,dry-wet,107,56,40,7,5.906952036505135,0.334375,1.1850443268778545,-0.48353895534723645
BEARIZ,SORIA,0.5144861068207917,dry-dry,812,93,96,21,10.053445267133469,1.9099462365591398,2.088836159346567,0.28372647231492815
BEARIZ,SORIA,0.5144861068207917,dry-wet,334,115,139,29,19.57481262624662,0.6059430716296528,1.4814956624982325,-0.014566281876610165
BEARIZ,TARIFA,0.9099670904386328,dry-dry,288,30,3,1,0.5938508120722974,3.2,1.6839246148547098,0.3471181687403045
BEARIZ,TORREVIEJA,0.9003575192516919,dry-dry,434,52,11,2,1.3351765720393303,1.5174825174825175,1.4979292191632958,0.11326955461362387
BEARIZ,TORREVIEJA,0.9003575192516919,dry-wet,129,55,15,0,3.051363013608772,0.0,0.0,-0.4564452710298488
BEARIZ,VALENCIA,0.8015313580962197,dry-dry,726,90,45,6,4.882347159840507,1.0755555555555556,1.228917117847065,0.024322932843389468
BEARIZ,VALENCIA,0.8015313580962197,dry-wet,291,106,73,12,11.827109707322938,0.4512794003618506,1.0146181355339938,-0.05799165268413353
BEARIZ,VANDELLOS,0.824577826822438,dry-dry,587,71,42,0,5.191022525257307,0.0,0.0,-0.9547840174236599
BEARIZ,VANDELLOS,0.824577826822438,dry-wet,236,89,78,20,11.80566799086327,0.6799193316047248,1.6941015125513057,0.11643918254579608
BEARIZ,VIMIANZO,0.10464247278259048,dry-dry,1021,106,197,77,18.170413233149077,3.7648213772627144,4.2376581650617355,0.7440832356319156
BEARIZ,VIMIANZO,0.10464247278259048,wet-wet,289,128,105,87,60.847353321697945,1.8707589285714286,1.4298074649201893,0.7994289573183779
BEARIZ,VIMIANZO,0.10464247278259048,dry-wet,312,95,149,16,17.954479632051104,0.35266690215471563,0.8911425074908826,-0.4740277635771057
BEARIZ,ZAMORA,0.2570797435445883,dry-dry,1062,130,50,15,7.55322663204516,2.4507692307692306,1.9859062531450224,0.3006719542414311
BEARIZ,ZAMORA,0.2570797435445883,dry-wet,300,136,89,15,12.634470000231833,0.3717779246530073,1.1872282731072028,-0.3458149734429069
BEJA,BRAGANCA,0.524008380970907,dry-dry,1809,29,139,14,3.9016588172699387,6.282808236169685,3.5882173853930297,0.481519559164052
BEJA,BRAGANCA,0.524008380970907,dry-wet,247,47,153,11,7.587673416855456,0.37783340286469197,1.449719748818434,-0.397835342041891
BEJA,CADIZ,0.2509216760525587,dry-dry,628,18,4,3,0.37588015873518377,26.166666666666668,7.981267247770769,0.8085848677369619
BEJA,CAMPDEVANOL,1.045890151359976,dry-dry,978,20,210,9,5.682889135060144,2.0957142857142856,1.5837014916365688,0.2515710631317342
BEJA,CAMPDEVANOL,1.045890151359976,dry-wet,495,49,254,22,14.665717973090242,0.8749799132251326,1.5000970317557756,0.37054385114962063
BEJA,CAMPI,0.36299208338120537,dry-dry,1003,25,77,10,2.310321312381904,5.21038961038961,4.328402264397657,0.4901515894590771
BEJA,CAMPI,0.36299208338120537,dry-wet,149,26,93,10,4.618976742232686,0.6162117452440034,2.164981674093963,-0.16834685536881056
BEJA,CUENCA,0.5726264192859728,dry-dry,1478,29,100,13,3.302545922947253,6.625517241379311,3.936357072182227,0.5802588673679904
BEJA,CUENCA,0.5726264192859728,dry-wet,208,42,137,18,6.751462843862065,0.6506777893639207,2.6660888782590697,0.09312677817202765
BEJA,DAROCA,0.7033172805107611,dry-dry,1217,24,127,10,3.9049139677982216,3.992782152230971,2.5608758816365116,0.41819588011211434
BEJA,DAROCA,0.7033172805107611,dry-wet,286,38,182,16,9.03802453790026,0.6616541353383458,1.770298358109699,-0.1061738475457093
BEJA,EXTREMO,0.5386660019178984,dry-dry,1227,26,133,7,3.3644036148476455,2.483805668016194,2.0806064911795636,0.2363375218244796
BEJA,EXTREMO,0.5386660019178984,dry-wet,282,36,146,8,6.729441704543953,0.4292237442922374,1.1888058996927073,-0.238404258526629
BEJA,FISTERRA,0.6789768940522658,dry-dry,356,6,45,1,1.3424360485025983,1.3185185185185184,0.7449144420067058,-0.03966201996256851
BEJA,FISTERRA,0.6789768940522658,dry-wet,104,8,63,2,2.31986913386764,0.4126984126984127,0.862117595687667,0.42233230626192136
BEJA,GETAFE,0.47626727654950846,dry-dry,1025,21,58,4,1.8206422355998724,3.3661740558292284,2.197026918186408,0.23814092650904914
BEJA,GETAFE,0.47626727654950846,dry-wet,128,24,84,4,3.709770038514999,0.25396825396825395,1.0782339494016666,-0.3866515791351047
BEJA,GUARDA,0.3457533384978151,dry-dry,734,24,33,8,1.3247230530560614,7.414141414141414,6.03899809967408,0.5173955884443153
BEJA,HUELVA,0.13186120765476556,dry-dry,138,4,2,1,0.09340027273278408,17.25,10.706606851791276,0.6726536278683399
BEJA,LORCA,0.5417106453534878,dry-dry,1145,37,32,4,1.160198695000707,3.8682432432432434,3.447685312210735,0.346705286252055
BEJA,LORCA,0.5417106453534878,dry-wet,112,39,49,2,2.8124627627198553,0.11721611721611722,0.7111205262912904,-0.43344523219590403
BEJA,MONTSERRAT,0.9767158029751792,dry-dry,1266,25,132,6,4.178465313394062,2.3018181818181818,1.4359339015611814,0.2666495576607407
BEJA,MONTSERRAT,0.9767158029751792,dry-wet,290,37,189,13,9.361167962078909,0.5391105391105391,1.3887156017990074,0.13506139243248402
BEJA,OURENSE,0.5858600984301142,dry-dry,948,19,74,7,2.253808631290001,4.7197724039829305,3.1058537547588703,0.4392892463646532
BEJA,OURENSE,0.5858600984301142,dry-wet,212,41,120,16,5.681953317806689,0.6894308943089431,2.8159330260348243,-0.18966596412503758
BEJA,OVIEDO,0.7464429486749602,dry-dry,1013,22,231,12,5.830094747695092,2.3919716646989375,2.058285588710914,0.3220923353063303
BEJA,OVIEDO,0.7464429486749602,dry-wet,506,41,269,18,11.229151688190997,0.8258228307190135,1.6029705982981317,-0.04963962986150818
BEJA,PAMPLONA,0.8496340445087667,dry-dry,946,17,104,6,3.318847181354621,3.2104072398190047,1.8078566659254975,0.41040656443094614
BEJA,PAMPLONA,0.8496340445087667,dry-wet,241,20,148,5,5.721232024259994,0.40709459459459457,0.8739376376973139,-0.5192441682546817
BEJA,PONFERRADA,0.6281793364717346,dry-dry,1125,20,103,13,2.787544073882984,7.099514563106796,4.663603392606203,0.6426032098475192
BEJA,PONFERRADA,0.6281793364717346,dry-wet,222,26,135,10,5.405822437523334,0.6324786324786325,1.849857281768485,-0.24060366936508276
BEJA,PORTO,0.4425592502640899,dry-dry,1779,27,149,10,4.385749286510327,4.4220730797912005,2.280112096411431,0.44173632031230364
BEJA,PORTO,0.4425592502640899,dry-wet,277,51,160,10,8.122904175412382,0.3394607843137255,1.2310867867024078,-0.42971075647322304
BEJA,SORIA,0.6940998394861666,dry-dry,1214,20,132,11,4.039162077644361,5.058333333333334,2.7233371151115575,0.5469934779035784
BEJA,SORIA,0.6940998394861666,dry-wet,275,26,167,9,7.283144281281323,0.5700138185168125,1.2357300161046145,-0.1015806795288731
BEJA,TARIFA,0.33809894201674173,dry-dry,885,17,11,3,0.5050623539500882,14.197860962566844,5.9398606459915815,0.6358101476392186
BEJA,TAVIRA,0.12527982956954045,dry-dry,771,24,8,3,0.45994751202715334,12.046875,6.522483373761337,0.5941730430908576
BEJA,TORREVIEJA,0.6245926964369501,dry-dry,1307,30,27,1,1.132837241741211,1.6135802469135803,0.8827393407926496,0.07889308358873905
BEJA,VALENCIA,0.683956752653656,dry-dry,868,20,58,2,1.678031653364656,1.4965517241379311,1.1918726300482823,0.052465348075225994
BEJA,VALENCIA,0.683956752653656,dry-wet,158,32,102,10,4.582082032599162,0.4840686274509804,2.1824140049992846,-0.11707167757414502
BEJA,VANDELLOS,0.8609538300279723,dry-dry,1386,32,89,3,3.2399857583197864,1.4599719101123596,0.9259299959255871,0.10435985960356003
BEJA,VANDELLOS,0.8609538300279723,dry-wet,209,45,132,15,7.332030889129047,0.5277777777777778,2.0458178950446033,0.22614137843248547
BEJA,VIMIANZO,0.6933160825760697,dry-dry,1182,19,211,7,5.409791116870151,2.0638563232726366,1.293950144982653,0.22675859288210562
BEJA,VIMIANZO,0.6933160825760697,dry-wet,534,45,235,11,11.507287595017772,0.5554609929078014,0.955915971437317,-0.25563931830499503
BEJA,ZAMORA,0.5106261810133333,dry-dry,1237,22,93,9,2.559209888459359,5.441348973607038,3.51671038807137,0.4349389516792294
BEJA,ZAMORA,0.5106261810133333,dry-wet,190,33,136,16,5.8938423800022095,0.6773618538324421,2.7146976400807654,-0.20554033545603717
BRAGANCA,CADIZ,0.7239212000378984,dry-dry,579,43,3,0,0.7812410986584929,0.0,0.0,-0.940716392427039
BRAGANCA,CAMPDEVANOL,0.7796732351870507,dry-dry,1142,95,235,25,16.8964167132362,1.2788353863381858,1.4796036594206197,0.09564738118409336
BRAGANCA,CAMPDEVANOL,0.7796732351870507,dry-wet,641,112,337,43,37.44499097330862,0.7302617634590929,1.1483511915025184,-0.08077067784443434
BRAGANCA,CAMPI,0.2001201206647177,dry-dry,1099,78,65,17,6.358588820550467,3.685009861932939,2.6735491914585383,0.4536747199159399
BRAGANCA,CAMPI,0.2001201206647177,dry-wet,218,74,146,40,12.422284210801372,0.807108478341355,3.220019709838821,0.00013399233530862276
BRAGANCA,CUENCA,0.46682019550136017,dry-dry,1677,118,99,14,9.29662762622186,2.009758602978942,1.505922422934518,0.20393495651999555
BRAGANCA,CUENCA,0.46682019550136017,dry-wet,366,154,164,37,19.10926309417494,0.5361894203357618,1.9362337426438323,-0.10691787483725575
BRAGANCA,DAROCA,0.4747846831028662,dry-dry,1478,97,140,26,12.126445527772155,2.8297496318114876,2.144074282975538,0.380916721492307
BRAGANCA,DAROCA,0.4747846831028662,dry-wet,394,121,212,34,23.05858625811533,0.5222204896304382,1.474504968318858,-0.28335408455643024
BRAGANCA,EXTREMO,0.15224337296101123,dry-dry,1364,104,124,28,9.557215596504726,2.9615384615384617,2.92972359127696,0.3908047069671008
BRAGANCA,EXTREMO,0.15224337296101123,wet-wet,105,63,22,18,31.52412184019792,1.3636363636363635,0.570991321859673,0.2947669468712307
BRAGANCA,EXTREMO,0.15224337296101123,dry-wet,360,100,206,40,19.17203700661228,0.6990291262135923,2.0863719377447647,-0.11373531603859616
BRAGANCA,FISTERRA,0.2698283326744405,dry-dry,347,23,47,9,3.3814646779926063,2.8889916743755784,2.661568538205999,0.4751427023210935
BRAGANCA,FISTERRA,0.2698283326744405,dry-wet,118,28,63,6,6.2023795279505975,0.4013605442176871,0.9673706636237611,-0.23052048388873805
BRAGANCA,GETAFE,0.33392945921896694,dry-dry,1158,86,56,14,5.217829733100914,3.366279069767442,2.6831078659364214,0.36259971160952253
BRAGANCA,GETAFE,0.33392945921896694,dry-wet,208,104,90,20,9.826336321701287,0.4444444444444444,2.035346577323062,-0.2868453836807594
BRAGANCA,GUARDA,0.17861565598157245,dry-dry,813,57,21,6,3.5103000471339945,4.075187969924812,1.7092555962270906,0.3708908329219656
BRAGANCA,GUARDA,0.17861565598157245,dry-wet,130,65,71,27,7.125190405564988,0.7605633802816901,3.7893724185829742,0.030837472302162754
BRAGANCA,HUELVA,0.6197697103525259,dry-dry,122,10,2,0,0.180326257532282,0.0,0.0,-0.7469105728031521
BRAGANCA,LORCA,0.7171210143965437,dry-dry,1278,114,34,6,2.9795660721581485,1.978328173374613,2.0137160427706515,0.13431735916543033
BRAGANCA,LORCA,0.7171210143965437,dry-wet,273,128,63,13,8.526726498903347,0.4401041666666667,1.5246179177521382,0.07144374452597452
BRAGANCA,MONTSERRAT,0.7495117478832102,dry-dry,1395,112,147,17,12.315935871895615,1.4404154518950438,1.3803254723657012,0.1096086684273725
BRAGANCA,MONTSERRAT,0.7495117478832102,dry-wet,429,115,221,21,26.04588437384433,0.3544757033248082,0.8062694166410612,-0.1911063751527589
BRAGANCA,OURENSE,0.12064456737178203,dry-dry,1073,67,79,35,6.708298273384729,7.095220102021538,5.2174185722872535,0.7728873756680044
BRAGANCA,OURENSE,0.12064456737178203,wet-wet,151,76,72,59,45.33486766636566,1.628106725146199,1.3014265406971204,0.7898074613636316
BRAGANCA,OURENSE,0.12064456737178203,dry-wet,176,79,88,17,8.49676539616752,0.43037974683544306,2.0007613729888174,-0.3881359314388483
BRAGANCA,OVIEDO,0.22435278377673468,dry-dry,1185,92,263,55,17.64190901048512,2.693627045792693,3.117576446364837,0.5141184705895367
BRAGANCA,OVIEDO,0.22435278377673468,wet-wet,176,106,74,58,51.335086116391984,1.30137684854666,1.1298315516311137,0.5029080831897501
BRAGANCA,OVIEDO,0.22435278377673468,dry-wet,544,90,289,24,26.725939771419892,0.5019607843137255,0.8980039693745419,-0.41481407410261545
BRAGANCA,PAMPLONA,0.46645327053594415,dry-dry,1104,76,121,19,10.021021213552713,2.28099173553719,1.8960143477496947,0.3005407586092891
BRAGANCA,PAMPLONA,0.46645327053594415,dry-wet,329,91,189,32,17.56566397976281,0.6121286121286121,1.8217358613296266,-0.1902582781066933
BRAGANCA,PONFERRADA,0.10437614211645599,dry-dry,1380,90,125,60,9.363059035389718,7.36,6.408162094590769,0.8339555113833464
BRAGANCA,PONFERRADA,0.10437614211645599,wet-wet,182,99,86,75,53.69317859508091,1.6032417195207893,1.3968254806742082,0.8371006988647169
BRAGANCA,PONFERRADA,0.10437614211645599,dry-wet,182,62,103,12,8.72278582986797,0.34199812088944564,1.3757072836650897,-0.41227290023133345
BRAGANCA,PORTO,0.1860591662914998,dry-dry,2042,127,180,45,13.30562343086121,4.019685039370079,3.382028676358486,0.5317082231475938
BRAGANCA,PORTO,0.1860591662914998,wet-wet,166,90,85,67,59.70357438772151,1.4538562091503269,1.1222108673912001,0.7250921253176693
BRAGANCA,PORTO,0.1860591662914998,dry-wet,349,153,156,22,18.53382923673985,0.32168593933299816,1.1870185982068462,-0.47551323922323785
BRAGANCA,SORIA,0.3717776204921634,dry-dry,1405,101,140,33,12.174376230809095,3.278995756718529,2.7106111536530735,0.45049375778528145
BRAGANCA,SORIA,0.3717776204921634,wet-wet,113,73,61,45,38.26485371683435,1.1419267909274646,1.1760139038556567,0.3275259457541521
BRAGANCA,SORIA,0.3717776204921634,dry-wet,369,123,198,36,21.205512827942023,0.5454545454545454,1.6976717465924058,-0.23317506145282352
BRAGANCA,TARIFA,0.7951340263533716,dry-dry,979,62,11,1,1.3505337108470488,1.435483870967742,0.7404480110109983,0.12877934916826544
BRAGANCA,TARIFA,0.7951340263533716,dry-wet,125,76,26,6,2.9100700871784557,0.37955465587044535,2.061806011626846,-0.08746365858850155
BRAGANCA,TAVIRA,0.6434725936071012,dry-dry,720,54,8,3,1.0062338622848088,5.0,2.9814142740019087,0.4586492738774573
BRAGANCA,TAVIRA,0.6434725936071012,dry-wet,112,62,14,5,2.0672784896596665,0.6451612903225806,2.418638816690413,-0.1268906629709219
BRAGANCA,TORREVIEJA,0.7409251484698183,dry-dry,1358,108,25,3,2.873821600087409,1.508888888888889,1.0439061352690624,0.06935511589293954
BRAGANCA,TORREVIEJA,0.7409251484698183,dry-wet,246,128,51,11,7.528388083715544,0.41452205882352944,1.4611361526106508,-0.1578711274619414
BRAGANCA,VALENCIA,0.6401888244730894,dry-dry,1004,76,68,10,4.841674975384737,1.9427244582043344,2.065400930636688,0.20564062682226175
BRAGANCA,VALENCIA,0.6401888244730894,dry-wet,243,88,112,15,11.298706778436994,0.369825487012987,1.3275855630333495,-0.12480462666013564
BRAGANCA,VANDELLOS,0.6744162478337545,dry-dry,1466,117,97,15,8.917552063100267,1.9376156489558551,1.6820759658996727,0.2078654369823272
BRAGANCA,VANDELLOS,0.6744162478337545,dry-wet,326,126,138,22,17.685022759283086,0.41246836899010814,1.2439904827632708,-0.09265402127223808
BRAGANCA,VIMIANZO,0.2638751617933556,dry-dry,1415,86,250,28,17.023626477975014,1.8427906976744186,1.6447729299174945,0.2644698501240519
BRAGANCA,VIMIANZO,0.2638751617933556,wet-wet,168,96,45,37,45.91158895797029,1.4388888888888889,0.8058967428435467,0.546333920320583
BRAGANCA,VIMIANZO,0.2638751617933556,dry-wet,630,134,272,27,29.361324986680877,0.4666922739244952,0.9195770290423868,-0.32902919361618665
BRAGANCA,ZAMORA,0.0962742235541101,dry-dry,1436,115,90,57,7.931222183267804,7.908405797101449,7.18678643504033,0.8111509024219634
BRAGANCA,ZAMORA,0.0962742235541101,wet-wet,159,99,103,83,58.326259905536254,1.2942041776993234,1.4230296976769077,0.74335231930988
BRAGANCA,ZAMORA,0.0962742235541101,dry-wet,166,77,86,12,8.730246415542958,0.3008154636061613,1.3745316488015404,-0.5366800986238298
CADIZ,CAMPDEVANOL,1.0717890415033757,dry-dry,490,3,106,2,1.8274005898034318,3.0817610062893084,1.0944507795168952,0.4238296191516153
CADIZ,CAMPDEVANOL,1.0717890415033757,dry-wet,229,14,121,7,3.736159463006011,0.9462809917355371,1.8735817004898374,0.05973352943775732
CADIZ,CAMPI,0.594807536450854,dry-dry,441,2,35,0,0.6312978697184033,0.0,0.0,-0.9422705373837165
CADIZ,CUENCA,0.6049412438117716,dry-dry,726,3,43,0,1.015771894759199,0.0,0.0,-0.928097052781612
CADIZ,DAROCA,0.7578655035387859,dry-dry,716,2,74,1,1.4425395154376972,4.837837837837838,0.6932219112878711,0.4232264789953207
CADIZ,DAROCA,0.7578655035387859,dry-wet,138,16,87,5,2.67451105554499,0.4956896551724138,1.8695005913823532,-0.14493971701553562
CADIZ,ENCISO,0.8447094329758403,dry-dry,359,2,48,0,0.5911092671319763,0.0,0.0,-0.9628546369781437
CADIZ,EXTREMO,0.7686705679666319,dry-dry,454,3,49,0,0.7919353558019863,0.0,0.0,-0.9039423423732783
CADIZ,EXTREMO,0.7686705679666319,dry-wet,109,14,51,2,1.8800393344391793,0.30532212885154064,1.0638075296422482,-0.25958179531830544
CADIZ,FISTERRA,0.914597475652859,dry-dry,386,4,50,0,0.878765708194069,0.0,0.0,-0.8773758126910063
CADIZ,FISTERRA,0.914597475652859,dry-wet,127,13,62,4,2.443589509317697,0.630272952853598,1.63693614854194,0.07766683225283713
CADIZ,GETAFE,0.5630490639145191,dry-dry,668,5,29,1,0.7266676731135475,4.606896551724138,1.3761448830045067,0.4773144122937164
CADIZ,GUARDA,0.5556891139451701,dry-dry,342,2,13,0,0.3424106376076764,0.0,0.0,-0.9664088075869813
CADIZ,LORCA,0.4288301474473304,dry-dry,838,7,19,1,0.48508897189883254,6.3007518796992485,2.061477497799217,0.5042150834378983
CADIZ,MONTSERRAT,0.9905720963354331,dry-dry,725,7,78,2,1.5785931855836888,2.6556776556776556,1.2669508637594271,0.2667733758638186
CADIZ,MONTSERRAT,0.9905720963354331,dry-wet,157,21,99,5,3.4088131317720265,0.3775853775853776,1.4667861823803805,0.13469197883183487
CADIZ,OURENSE,0.8060136534809668,dry-dry,528,4,38,1,0.7616445094689426,3.473684210526316,1.3129484786770813,0.36020684184197077
CADIZ,OURENSE,0.8060136534809668,dry-wet,109,9,55,4,1.6358463530749903,0.8808080808080808,2.4452174206220407,-0.07514314964044412
CADIZ,OVIEDO,0.9344404310848965,dry-dry,484,4,119,2,1.7697817655251393,2.033613445378151,1.1300828378726961,0.15436260588918885
CADIZ,OVIEDO,0.9344404310848965,dry-wet,276,13,138,6,3.882703087303556,0.9230769230769231,1.5453151747863512,0.028030421539954456
CADIZ,PAMPLONA,0.9506366288314548,dry-dry,593,4,70,2,1.3044008425895712,4.235714285714286,1.5332710120222597,0.43009446104118626
CADIZ,PAMPLONA,0.9506366288314548,dry-wet,156,13,93,4,2.663055326448915,0.5161290322580645,1.5020341336031688,-0.17755720507190362
CADIZ,PONFERRADA,0.8268519850314745,dry-dry,523,4,48,1,0.8429369543895567,2.7239583333333335,1.1863283425795303,0.25714222224094896
CADIZ,PONFERRADA,0.8268519850314745,dry-wet,134,11,78,5,1.9398486332783138,0.7808857808857809,2.5775206963184947,-0.14624235647940503
CADIZ,PORTO,0.6785283486645897,dry-dry,577,3,45,1,0.8958014265604317,4.274074074074074,1.1163188295420057,0.39768924305584114
CADIZ,SORIA,0.7907146176192608,dry-dry,601,4,80,2,1.2942331979061317,3.75625,1.545316565233908,0.3245837069979215
CADIZ,SORIA,0.7907146176192608,dry-wet,140,15,95,5,2.665809237666556,0.49122807017543857,1.8756030736755247,-0.033454947366150505
CADIZ,TARIFA,0.08765658666392612,dry-dry,531,4,9,2,0.1899372726993126,29.5,10.52979213388083,0.7920157241662035
CADIZ,TAVIRA,0.14776927129606074,dry-dry,323,2,4,0,0.11816966261477432,0.0,0.0,0.16731361699503045
CADIZ,TORREVIEJA,0.5243109158763477,dry-dry,457,2,10,0,0.2511113768676886,0.0,0.0,-0.8794957680106866
CADIZ,VALENCIA,0.6552480366137539,dry-dry,573,6,38,1,0.6665382291930684,2.513157894736842,1.5002890400009474,0.1270892637622565
CADIZ,VANDELLOS,0.8695847380221294,dry-dry,640,4,44,1,0.9616789560811235,3.6363636363636362,1.0398480633027847,0.39507937899648554
CADIZ,VIMIANZO,0.9261247633723952,dry-dry,691,6,119,4,2.020965040309905,3.8711484593837535,1.979252446339507,0.5125285097213641
CADIZ,VIMIANZO,0.9261247633723952,dry-wet,306,19,134,5,4.86089258302728,0.600942655145326,1.0286176694087914,-0.025995069847638295
CADIZ,ZAMORA,0.684990967360994,dry-dry,739,3,54,0,0.938205839437001,0.0,0.0,-0.9413579223799092
CAMPDEVANOL,CAMPI,0.930551267779798,dry-dry,613,128,53,16,10.439282285412991,1.445754716981132,1.532672415838118,0.1603279948682721
CAMPDEVANOL,CAMPI,0.930551267779798,dry-wet,351,163,69,20,21.328090740626735,0.6241664443851693,0.9377304440056171,-0.1298783986906417
CAMPDEVANOL,CUENCA,0.47647032386013677,dry-dry,1153,235,70,28,18.210779935602567,1.9625531914893617,1.5375508407116185,0.28920009582129536
CAMPDEVANOL,CUENCA,0.47647032386013677,wet-wet,131,53,86,43,41.37495782034581,1.2358490566037736,1.0392759839589512,0.3780088252191843
CAMPDEVANOL,CUENCA,0.47647032386013677,dry-wet,549,306,101,41,30.76779998897647,0.7283051834595224,1.3325619646087643,-0.16556321681256916
CAMPDEVANOL,DAROCA,0.3467956985495724,dry-dry,1132,222,109,47,26.26773283522242,2.1986941069509878,1.7892674748457038,0.39596094422095374
CAMPDEVANOL,DAROCA,0.3467956985495724,wet-wet,215,89,138,69,65.16995012452679,1.2078651685393258,1.0587701827016094,0.32024604322540534
CAMPDEVANOL,DAROCA,0.3467956985495724,dry-wet,544,301,130,42,41.79807439825274,0.5838998211091234,1.0048309785714842,-0.3810422242150281
CAMPDEVANOL,ENCISO,0.38762069543729993,dry-dry,233,48,25,9,4.391742858077707,1.7475,2.049300309886393,0.274594156320239
CAMPDEVANOL,ENCISO,0.38762069543729993,dry-wet,121,69,23,9,8.435778603084444,0.6862003780718336,1.066884329646733,-0.2831713889045142
CAMPDEVANOL,EXTREMO,0.9290053864072733,dry-dry,769,164,82,24,15.673568293356492,1.3723973825104105,1.5312403372863603,0.15254913559213573
CAMPDEVANOL,EXTREMO,0.9290053864072733,wet-wet,105,49,51,28,27.345456118049725,1.1764705882352942,1.0239361113277696,0.258780524676885
CAMPDEVANOL,EXTREMO,0.9290053864072733,dry-wet,478,207,113,29,32.776823912359205,0.592621093583002,0.8847715104288957,-0.15720847330627682
CAMPDEVANOL,FISTERRA,1.0045598354012788,dry-dry,401,80,57,20,10.32796154003476,1.7587719298245614,1.936490557451542,0.2782763938654347
CAMPDEVANOL,FISTERRA,1.0045598354012788,dry-wet,291,127,102,40,26.132596096586177,0.8985641500694767,1.5306554255903182,0.13236880384456998
CAMPDEVANOL,GETAFE,0.5769152621649386,dry-dry,838,181,35,14,9.605833077831235,1.8519337016574586,1.4574477701793316,0.25737813658030156
CAMPDEVANOL,GETAFE,0.5769152621649386,dry-wet,422,239,64,30,19.487749806222563,0.8276673640167364,1.5394286307196332,-0.07253089534881
CAMPDEVANOL,GUARDA,0.8518445380091043,dry-dry,448,96,24,10,5.3735229874066786,1.9444444444444444,1.8609764996699325,0.2356937566552554
CAMPDEVANOL,GUARDA,0.8518445380091043,dry-wet,242,114,35,7,11.774498798794848,0.4245614035087719,0.5945051351753902,-0.28300709050947603
CAMPDEVANOL,LORCA,0.7075167147417136,dry-dry,1051,241,20,10,6.790610680988221,2.180497925311203,1.472621605004857,0.2711160488222566
CAMPDEVANOL,LORCA,0.7075167147417136,dry-wet,528,292,44,19,13.863224157216935,0.7808219178082192,1.37053255321627,-0.10978573504095811
CAMPDEVANOL,MONTSERRAT,0.09030225521937843,dry-dry,1200,226,108,83,30.344954388963185,4.08062930186824,2.735215843006443,0.7803479782273081
CAMPDEVANOL,MONTSERRAT,0.09030225521937843,wet-wet,269,128,181,115,91.63082471706649,1.3352468922651934,1.255036177564611,0.7042854144719772
CAMPDEVANOL,MONTSERRAT,0.09030225521937843,dry-wet,363,207,117,30,29.84732407903633,0.4496469713861018,1.0051152297793726,-0.48284485988146636
CAMPDEVANOL,OURENSE,0.8751417513397731,dry-dry,664,145,55,15,10.850928059924819,1.2489028213166145,1.3823702375650926,0.08027345829055293
CAMPDEVANOL,OURENSE,0.8751417513397731,dry-wet,464,227,92,33,28.376275704705975,0.7331928749281746,1.1629433102289466,-0.017656521746980222
CAMPDEVANOL,OVIEDO,0.7184696533269695,dry-dry,905,160,206,50,38.202817564441624,1.372876213592233,1.3088039884926954,0.17349557340709965
CAMPDEVANOL,OVIEDO,0.7184696533269695,wet-wet,244,118,137,79,60.891027412013145,1.1923790671780279,1.2973996885527037,0.30241851514056756
CAMPDEVANOL,OVIEDO,0.7184696533269695,dry-wet,641,314,224,74,64.90534073347301,0.6743914922656961,1.1401218938804012,-0.25626616613229997
CAMPDEVANOL,PAMPLONA,0.3418258987508539,dry-dry,875,167,95,34,22.49790224518459,1.8751969744721084,1.5112520104969918,0.3255264238293117
CAMPDEVANOL,PAMPLONA,0.3418258987508539,wet-wet,163,77,93,55,44.19034969230293,1.251920122887865,1.2446156317604316,0.4065046677907809
CAMPDEVANOL,PAMPLONA,0.3418258987508539,dry-wet,466,252,130,46,37.505873935760434,0.6543345543345543,1.2264745537935788,-0.23425563628666052
CAMPDEVANOL,PONFERRADA,0.7665255483779059,dry-dry,910,186,81,20,16.601090629985737,1.20801805389619,1.204740124957512,0.07486459224290534
CAMPDEVANOL,PONFERRADA,0.7665255483779059,wet-wet,102,49,61,26,25.799334951566266,0.8872532619605219,1.0077779155474529,-0.22972162255305115
CAMPDEVANOL,PONFERRADA,0.7665255483779059,dry-wet,566,285,130,47,36.06068478306912,0.7180026990553307,1.3033584992281402,-0.07727419543711404
CAMPDEVANOL,PORTO,0.9561303283378876,dry-dry,1078,217,106,20,19.021089120639374,0.9373097991479001,1.0514645020141582,-0.016866122873502164
CAMPDEVANOL,PORTO,0.9561303283378876,dry-wet,669,327,143,51,45.47651017801866,0.7296465002887021,1.121458084632254,-0.04538894454029992
CAMPDEVANOL,SORIA,0.41037893444346774,dry-dry,1077,198,114,42,25.868113803663825,2.003987240829346,1.6236205051042933,0.3359841061022216
CAMPDEVANOL,SORIA,0.41037893444346774,wet-wet,178,79,124,65,51.45792897138111,1.1810943242139649,1.2631678207677277,0.3024176616018882
CAMPDEVANOL,SORIA,0.41037893444346774,dry-wet,522,281,122,40,40.55182053347822,0.6090659821480661,0.9863922130691357,-0.31189538144273593
CAMPDEVANOL,TARIFA,1.0839945897290157,dry-dry,643,143,6,3,2.4941882959026778,2.2482517482517483,1.202796118051008,0.25344183160952377
CAMPDEVANOL,TARIFA,1.0839945897290157,dry-wet,326,173,23,9,7.008924499579338,0.7373711987936667,1.2840771791078878,0.06316314068011271
CAMPDEVANOL,TAVIRA,1.1036618996395817,dry-dry,402,93,5,1,1.5752257998116022,0.864516129032258,0.6348296225973448,-0.08105375119235246
CAMPDEVANOL,TAVIRA,1.1036618996395817,dry-wet,218,110,11,6,4.143316391827661,1.08099173553719,1.4481153338505572,0.2565137506824454
CAMPDEVANOL,TORREVIEJA,0.6306718076793942,dry-dry,782,164,15,8,4.774453344104386,2.543089430894309,1.6755844959462425,0.3277035015137854
CAMPDEVANOL,TORREVIEJA,0.6306718076793942,dry-wet,346,195,30,11,8.462457364600994,0.6505982905982906,1.2998588384047536,-0.22803384170378155
CAMPDEVANOL,VALENCIA,0.43415396772255566,dry-dry,843,176,45,27,11.288600017348891,2.8738636363636365,2.391793487102478,0.492037948954581
CAMPDEVANOL,VALENCIA,0.43415396772255566,wet-wet,108,47,79,39,36.34918261357194,1.1343926743872879,1.072926464801393,0.2779421443003464
CAMPDEVANOL,VALENCIA,0.43415396772255566,dry-wet,362,201,71,23,17.775513735388284,0.5834209235512577,1.2939147831328541,-0.3085002475596592
CAMPDEVANOL,VANDELLOS,0.20610674919433536,dry-dry,1043,218,70,45,18.126777560797564,3.0756880733944953,2.4825151546693354,0.5756296310230232
CAMPDEVANOL,VANDELLOS,0.20610674919433536,wet-wet,145,62,111,56,52.76934128863844,1.1798895669863412,1.061222267181439,0.4454307341803407
CAMPDEVANOL,VANDELLOS,0.20610674919433536,dry-wet,442,237,80,18,25.226348148588496,0.419620253164557,0.7135396647178662,-0.5339788967983202
CAMPDEVANOL,VIMIANZO,0.9852292676745756,dry-dry,989,193,189,50,33.69207824362192,1.3556487649751898,1.4840283712526772,0.1572670181888204
CAMPDEVANOL,VIMIANZO,0.9852292676745756,wet-wet,225,115,110,52,53.32134568939196,0.924901185770751,0.9752191983846568,-0.11330104441720065
CAMPDEVANOL,VIMIANZO,0.9852292676745756,dry-wet,840,342,252,82,76.09815777677301,0.7992202729044834,1.0775556517483578,-0.058147390104208906
CAMPDEVANOL,ZAMORA,0.696348196416862,dry-dry,1050,208,75,22,14.796518332601654,1.4807692307692308,1.4868362614417663,0.14601527686888469
CAMPDEVANOL,ZAMORA,0.696348196416862,dry-wet,564,303,101,38,31.5004718730466,0.7003234976963043,1.2063311353921249,-0.1118371928031884
CAMPI,CUENCA,0.5378713541269116,dry-dry,905,77,64,7,5.733525808853899,1.2855113636363635,1.2208892457046885,0.06121684910145359
CAMPI,CUENCA,0.5378713541269116,dry-wet,238,94,87,14,11.437739845996978,0.4074345805820494,1.224018048014947,-0.09947478503451058
CAMPI,DAROCA,0.5972641924112667,dry-dry,774,57,80,14,7.138885451634003,2.376315789473684,1.9610904383954741,0.3108565107987894
CAMPI,DAROCA,0.5972641924112667,dry-wet,234,79,113,19,13.57628578123374,0.4980396549792763,1.399499119727088,-0.1234869430054748
CAMPI,EXTREMO,0.17576614495042542,dry-dry,1086,75,118,45,9.02524524395279,5.522033898305085,4.986014095312421,0.73205950703553
CAMPI,EXTREMO,0.17576614495042542,wet-wet,144,68,66,50,39.63517262678256,1.6042780748663101,1.2615057961476783,0.7350124926068435
CAMPI,EXTREMO,0.17576614495042542,dry-wet,189,82,88,15,9.786355581320425,0.3928769401330377,1.5327462685528257,-0.4084709171544358
CAMPI,GETAFE,0.3959723204893544,dry-dry,582,46,32,6,2.7714612566020635,2.3722826086956523,2.1649229213314967,0.22625432382658522
CAMPI,GETAFE,0.3959723204893544,dry-wet,138,59,53,11,6.168889204496968,0.48544931244003836,1.7831411191469075,-0.08774364972532975
CAMPI,GUARDA,0.08885525402102486,dry-dry,810,74,36,21,4.0290909975589315,6.385135135135135,5.212093748372295,0.6846585526077615
CAMPI,GUARDA,0.08885525402102486,dry-wet,110,68,31,5,4.87375052887066,0.26091081593927895,1.0259039666436505,-0.5408929229753219
CAMPI,HUELVA,0.47944591776863715,dry-dry,123,10,2,0,0.1890368814985435,0.0,0.0,-0.839762887910651
CAMPI,LORCA,0.703582217755221,dry-dry,763,68,18,3,1.9786737934205982,1.8700980392156863,1.516167045813955,0.1352601675386844
CAMPI,LORCA,0.703582217755221,dry-wet,155,71,26,3,4.179913444263992,0.25189599133261104,0.717718211155027,-0.2595209692522152
CAMPI,MONTSERRAT,0.8866835084331894,dry-dry,751,61,78,11,7.564323233737137,1.7362337116435478,1.4541948645107639,0.23575608341149584
CAMPI,MONTSERRAT,0.8866835084331894,dry-wet,228,66,122,17,14.137841126509311,0.481371087928465,1.2024466711628246,-0.08966929455654993
CAMPI,OURENSE,0.2263753720251343,dry-dry,611,23,47,10,3.9379655755696223,5.6521739130434785,2.5393822795298333,0.5779615729473669
CAMPI,OURENSE,0.2263753720251343,dry-wet,140,85,56,23,7.323565154876728,0.6764705882352942,3.1405469212879753,-0.11203336155753575
CAMPI,OVIEDO,0.41781324005064313,dry-dry,600,36,132,22,10.144925551236339,2.7777777777777777,2.168571852882539,0.5021256053803416
CAMPI,OVIEDO,0.41781324005064313,dry-wet,321,99,150,29,18.140951224395636,0.6268686868686869,1.5985931300560086,-0.19877816421282832
CAMPI,PAMPLONA,0.6440568746726213,dry-dry,451,37,49,13,4.691536732544448,3.2338665195808054,2.7709470779203444,0.4723749964380473
CAMPI,PAMPLONA,0.6440568746726213,dry-wet,148,44,65,8,7.703775558167592,0.413986013986014,1.0384518525488906,-0.22259732861593248
CAMPI,PONFERRADA,0.293050249115832,dry-dry,631,27,55,13,4.644168413587287,5.523905723905724,2.7992094261625695,0.6085271588328698
CAMPI,PONFERRADA,0.293050249115832,dry-wet,153,88,60,25,7.712725882969279,0.7244318181818182,3.2413961521961143,-0.08593936487865506
CAMPI,PORTO,0.08517060085701143,dry-dry,1092,35,91,4,7.392530444941327,1.3714285714285714,0.5410867131074422,0.0584709036697133
CAMPI,PORTO,0.08517060085701143,dry-wet,250,176,94,58,15.83730059888023,0.8764506769825918,3.662240268654171,-0.06405056033350001
CAMPI,SORIA,0.5224363497600538,dry-dry,675,54,73,15,6.544740075974955,2.5684931506849313,2.2919168409855426,0.35590042312311826
CAMPI,SORIA,0.5224363497600538,dry-wet,226,85,97,23,12.828645742297983,0.6304426925409339,1.7928626654772706,0.0163569920132598
CAMPI,TARIFA,0.6756820176917664,dry-dry,667,54,8,2,1.0233560237181942,3.087962962962963,1.9543540602158493,0.27323350694508053
CAMPI,TARIFA,0.6756820176917664,dry-wet,103,60,14,4,1.8951178780873204,0.49047619047619045,2.1106866471214274,0.1542114527851103
CAMPI,TAVIRA,0.48806462358252617,dry-dry,702,63,9,4,1.0946038657025605,4.9523809523809526,3.654290036179107,0.4349858513705212
CAMPI,TAVIRA,0.48806462358252617,dry-wet,115,64,11,2,1.771579504922856,0.32670454545454547,1.12893606775333,-0.2970698373884557
CAMPI,TORREVIEJA,0.7517701721644506,dry-dry,740,66,16,1,1.7670104700732576,0.7007575757575758,0.5659276031106604,-0.10430041058699044
CAMPI,TORREVIEJA,0.7517701721644506,dry-wet,152,69,28,3,4.144412991167417,0.2360248447204969,0.7238660834220932,-0.49760143819015185
CAMPI,VALENCIA,0.7046211963773623,dry-dry,451,42,27,2,2.490138811600802,0.7954144620811288,0.8031680766881775,-0.04230500805334062
CAMPI,VALENCIA,0.7046211963773623,dry-wet,137,45,60,7,6.3655239414757565,0.35518518518518516,1.0996738154404222,-0.1344556570174424
CAMPI,VANDELLOS,0.7943343344562259,dry-dry,929,89,61,13,6.339036443528813,2.224534905139068,2.05078486546185,0.27053701926044177
CAMPI,VANDELLOS,0.7943343344562259,dry-wet,227,93,88,16,12.020986666006195,0.44379276637341153,1.3310055525846263,-0.11270640050752737
CAMPI,VIMIANZO,0.33188331535077403,dry-dry,734,34,117,10,9.970801680407224,1.8451483157365511,1.0029283823436335,0.24853284205780168
CAMPI,VIMIANZO,0.33188331535077403,dry-wet,284,109,117,25,15.834076803467152,0.5567317493922999,1.5788732308362814,-0.22996680687472099
CAMPI,ZAMORA,0.24491799038185072,dry-dry,593,40,42,11,3.459677950417635,3.8827380952380954,3.1794866914338473,0.4888901540904472
CAMPI,ZAMORA,0.24491799038185072,dry-wet,152,76,59,18,7.452740337720591,0.6101694915254238,2.415218991180534,-0.06158206582928555
CUENCA,DAROCA,0.15597118520424372,dry-dry,1548,96,154,56,13.785053539623714,5.863636363636363,4.06237087429757,0.7519235779642384
CUENCA,DAROCA,0.15597118520424372,wet-wet,181,113,96,80,64.55769172319805,1.3348082595870205,1.2392016793756109,0.6625240018652749
CUENCA,DAROCA,0.15597118520424372,dry-wet,285,88,175,22,16.465339844816125,0.40714285714285714,1.3361400497862412,-0.4174361969179857
CUENCA,ENCISO,0.2839819208102553,dry-dry,224,15,27,4,1.7386105664918032,2.2123456790123455,2.300687731394193,0.32133011774947795
CUENCA,EXTREMO,0.6103461419028682,dry-dry,1126,80,117,6,8.4602545432903,0.7217948717948718,0.7091985198906939,-0.10236621507856081
CUENCA,EXTREMO,0.6103461419028682,dry-wet,389,124,153,27,18.9248150339647,0.5536053130929791,1.4266982240800041,0.09322421866534951
CUENCA,FISTERRA,0.7362258957942696,dry-dry,528,36,70,2,5.287268901193195,0.41904761904761906,0.37826712379781813,-0.22198082059476973
CUENCA,FISTERRA,0.7362258957942696,dry-wet,224,55,101,12,11.745215368260318,0.4838883888388839,1.021692631744174,0.14936259873912602
CUENCA,GETAFE,0.1423490767424703,dry-dry,1214,64,61,28,5.709187153722532,8.706967213114755,4.904375920089309,0.7454290290988738
CUENCA,GETAFE,0.1423490767424703,dry-wet,151,75,68,13,7.585893867946193,0.3849019607843137,1.713707076094333,-0.33229513629250185
CUENCA,GUARDA,0.44932456521916075,dry-dry,688,46,23,8,3.102171963211637,5.20226843100189,2.578838341288375,0.548983002280092
CUENCA,GUARDA,0.44932456521916075,dry-wet,109,52,38,6,4.817772821184652,0.3309716599190283,1.2453887351468447,-0.3309663528942065
CUENCA,LORCA,0.33099917544519153,dry-dry,1520,121,31,14,3.8204775157196194,5.673153825646494,3.6644633929648927,0.5478506353997161
CUENCA,LORCA,0.33099917544519153,dry-wet,235,143,53,11,6.918980992194292,0.34107402031930334,1.5898294868001146,-0.3137553045707781
CUENCA,MONTSERRAT,0.404222775834902,dry-dry,1453,93,143,27,13.497428612923436,2.9499210466952404,2.000381018807405,0.4157944672869727
CUENCA,MONTSERRAT,0.404222775834902,dry-wet,379,109,223,32,23.758529733359723,0.4989509194882133,1.3468846919036535,-0.20553543528028878
CUENCA,OURENSE,0.5869958338954031,dry-dry,1034,64,72,9,6.26185316626686,2.01953125,1.4372741999898324,0.21878666296664873
CUENCA,OURENSE,0.5869958338954031,dry-wet,312,109,131,26,14.191505886231186,0.5681070102948386,1.8320818247502257,-0.03740586285355907
CUENCA,OVIEDO,0.5542196369555283,dry-dry,1199,75,271,28,18.83379895743738,1.6517589175891758,1.4866889077066912,0.22875059481732138
CUENCA,OVIEDO,0.5542196369555283,wet-wet,129,79,64,45,37.82522351203928,1.1481408227848102,1.1896823289273382,0.28889247695096737
CUENCA,OVIEDO,0.5542196369555283,dry-wet,661,146,312,47,35.810461901496765,0.6820117667720408,1.3124656177092078,-0.031875214063358165
CUENCA,PAMPLONA,0.37728295981940707,dry-dry,1209,72,142,21,11.518591044843824,2.483274647887324,1.82313964600735,0.3413712938152549
CUENCA,PAMPLONA,0.37728295981940707,dry-wet,376,105,178,19,19.825072678536266,0.38223649010165867,0.9583823629847503,-0.30255051373884806
CUENCA,PONFERRADA,0.5175157063337764,dry-dry,1244,78,104,12,8.492223562467753,1.8402366863905326,1.413057476846844,0.19264096601493888
CUENCA,PONFERRADA,0.5175157063337764,dry-wet,382,131,168,34,17.777799459141807,0.5901490367139222,1.9124976675623548,-0.04000433864903522
CUENCA,PORTO,0.5930232469381617,dry-dry,1604,110,149,10,10.53247635169672,0.9786455155582673,0.949444334464521,0.0005942431572756842
CUENCA,PORTO,0.5930232469381617,dry-wet,449,157,174,21,22.444681681596926,0.3451570393147375,0.9356336747345603,-0.1712997148318621
CUENCA,SORIA,0.23474329347633568,dry-dry,1424,86,164,41,13.097892593266916,4.1395348837209305,3.1302745619609373,0.5931590069086387
CUENCA,SORIA,0.23474329347633568,wet-wet,141,98,82,68,48.09280632055237,1.1931309109009458,1.4139328769205204,0.536120203172263
CUENCA,SORIA,0.23474329347633568,dry-wet,318,99,181,22,17.218246909570254,0.39042357274401474,1.2777142827340888,-0.3586167667790025
CUENCA,TARIFA,0.6297168170047481,dry-dry,979,63,12,2,1.4389485378713647,2.5899470899470898,1.3899037716516243,0.21624229405478265
CUENCA,TARIFA,0.6297168170047481,dry-wet,135,89,20,6,2.7339161221837767,0.4550561797752809,2.194654017112773,-0.026016126732088616
CUENCA,TAVIRA,0.6273238365802263,dry-dry,535,41,6,3,0.7914796877402761,6.524390243902439,3.790368908348346,0.5656274682303091
CUENCA,TORREVIEJA,0.31060899075764636,dry-dry,1134,87,15,5,2.6352106957627996,4.344827586206897,1.8973814913697737,0.382779463685265
CUENCA,TORREVIEJA,0.31060899075764636,dry-wet,170,101,38,7,4.796541345209484,0.31005732152162585,1.459384897618199,-0.3990126469256672
CUENCA,VALENCIA,0.17354668280987262,dry-dry,1112,80,63,21,5.924626282400689,4.633333333333334,3.544527367469783,0.5376879490197806
CUENCA,VALENCIA,0.17354668280987262,dry-wet,205,97,95,17,9.8890482505076,0.37818773738469885,1.7190734203493647,-0.4006946429728017
CUENCA,VANDELLOS,0.2888441389351466,dry-dry,1370,93,92,18,8.778961951279381,2.88218793828892,2.05035630634859,0.3633847235402161
CUENCA,VANDELLOS,0.2888441389351466,dry-wet,268,104,124,18,14.822871485217822,0.3740694789081886,1.2143396114545406,-0.12809814637712172
CUENCA,VIMIANZO,0.7281760300774118,dry-dry,1382,95,243,9,17.498992287836835,0.5387914230019493,0.5143153303893792,-0.17185189219477198
CUENCA,VIMIANZO,0.7281760300774118,dry-wet,777,159,289,33,38.455924958617786,0.5580074427107136,0.8581252443026952,-0.018632371712437003
CUENCA,ZAMORA,0.3713052010065315,dry-dry,1477,86,97,21,7.968056058847545,3.718173099976025,2.6355236264536677,0.451935808172713
CUENCA,ZAMORA,0.3713052010065315,dry-wet,286,137,114,25,14.244846032545546,0.45780509668331415,1.755020724189078,-0.19044765423269847
DAROCA,ENCISO,0.1598784095397237,dry-dry,370,40,43,22,3.99879075373108,4.732558139534884,5.50166321642933,0.7337642918647359
DAROCA,EXTREMO,0.6268314023676244,dry-dry,953,108,101,18,10.622061919683109,1.5726072607260726,1.6945862428692187,0.16690546636552467
DAROCA,EXTREMO,0.6268314023676244,dry-wet,398,141,153,30,23.713399885803028,0.5534696147962731,1.2651074980589643,-0.0662553855308826
DAROCA,FISTERRA,0.7307199253440032,dry-dry,555,61,75,10,7.9704785942058685,1.2131147540983607,1.2546298044473125,0.07739706165336592
DAROCA,FISTERRA,0.7307199253440032,dry-wet,261,91,101,20,17.88107893326762,0.567946904580568,1.118500738945352,0.015430614026449477
DAROCA,GETAFE,0.23030995544445876,dry-dry,1114,102,54,33,7.4782208034499265,6.674291938997821,4.412814340113642,0.7452529905031554
DAROCA,GETAFE,0.23030995544445876,wet-wet,107,58,82,55,38.71141122189012,1.2373843566021867,1.4207696972023378,0.6400884610566628
DAROCA,GETAFE,0.23030995544445876,dry-wet,199,130,47,18,10.06968684670315,0.5862520458265139,1.7875431752769217,-0.21023665670764524
DAROCA,GUARDA,0.5140542061979136,dry-dry,594,64,23,8,4.001631402678131,3.2282608695652173,1.9991846312096413,0.3983742310901987
DAROCA,GUARDA,0.5140542061979136,dry-wet,149,86,39,12,7.255727037042577,0.5330948121645797,1.653865965290114,-0.18040894076548664
DAROCA,LORCA,0.47202452416507534,dry-dry,1486,167,31,9,5.337861612813782,2.583349430171914,1.6860684395404868,0.2788415722497343
DAROCA,LORCA,0.47202452416507534,dry-wet,345,200,57,14,10.647928940034472,0.4236842105263158,1.3148096760265078,-0.32422745545586534
DAROCA,MONTSERRAT,0.2910082912643215,dry-dry,1419,149,138,48,19.263009538633185,3.3125182375255324,2.4918224695748066,0.5235099164939687
DAROCA,MONTSERRAT,0.2910082912643215,wet-wet,130,82,79,57,49.920229251105184,1.1438715652979314,1.1418216794094165,0.34407654348644007
DAROCA,MONTSERRAT,0.2910082912643215,dry-wet,422,162,206,42,32.7621369371078,0.531103919453434,1.2819676592105629,-0.11699480738281098
DAROCA,OURENSE,0.5865524225928678,dry-dry,904,103,67,19,8.255296445528682,2.488914650050717,2.3015527213793727,0.35569261365585714
DAROCA,OURENSE,0.5865524225928678,dry-wet,348,163,112,32,19.017900600601983,0.6099912357581069,1.6826252630107388,-0.1460205582567851
DAROCA,OVIEDO,0.4948231891479282,dry-dry,1101,105,250,42,25.308597239111887,1.7616,1.6595151285229366,0.28317418725752197
DAROCA,OVIEDO,0.4948231891479282,wet-wet,194,116,94,64,54.47733036926977,1.1386647101980925,1.1748005925801,0.2603187608244007
DAROCA,OVIEDO,0.4948231891479282,dry-wet,633,200,294,59,46.229579653996836,0.6351530612244898,1.2762391620599363,-0.23141040326017875
DAROCA,PAMPLONA,0.23297766440506235,dry-dry,1209,119,131,47,17.120871560840573,3.645070241837193,2.7451873482597673,0.590289443656962
DAROCA,PAMPLONA,0.23297766440506235,wet-wet,171,103,97,80,52.24442888612916,1.3692323090781704,1.5312637482240699,0.7320121051632096
DAROCA,PAMPLONA,0.23297766440506235,dry-wet,337,141,148,32,22.8715903413563,0.5167720912401763,1.399115650569246,-0.26941505441529273
DAROCA,PONFERRADA,0.49414429158363443,dry-dry,1221,115,103,22,12.296209485926552,2.2677923174335164,1.7891692578253307,0.3143896879267702
DAROCA,PONFERRADA,0.49414429158363443,wet-wet,110,68,64,41,31.290951693876046,1.0363051470588236,1.3102829342203777,0.10842290183923636
DAROCA,PONFERRADA,0.49414429158363443,dry-wet,405,186,136,36,23.058165002928693,0.5763757115749526,1.5612690773714006,-0.18492632895559
DAROCA,PORTO,0.6345777506699349,dry-dry,1393,135,121,14,13.500053028205212,1.1938781756963575,1.0370329635557924,0.07434607362390895
DAROCA,PORTO,0.6345777506699349,dry-wet,458,206,150,33,27.731013409154134,0.489126213592233,1.1900033912610835,-0.19364717531593803
DAROCA,SORIA,0.12991382777012786,dry-dry,1425,135,150,85,19.161229082965168,5.981481481481482,4.436041113644803,0.841641039935375
DAROCA,SORIA,0.12991382777012786,wet-wet,241,142,148,117,78.44421383398247,1.341692044156833,1.491505801149542,0.7229077212359698
DAROCA,SORIA,0.12991382777012786,dry-wet,236,117,106,16,16.97492301836728,0.3044670214481535,0.9425668665882967,-0.5687245382270651
DAROCA,TARIFA,0.7852303647677609,dry-dry,871,81,13,4,1.8381373575444675,3.308641975308642,2.1761159380077686,0.3378240848010075
DAROCA,TARIFA,0.7852303647677609,dry-wet,175,106,23,8,3.8475081879571844,0.5742411812961444,2.0792678297710294,0.03695550745208666
DAROCA,TAVIRA,0.7702246814132265,dry-dry,485,59,7,3,1.0372464423300074,3.523002421307506,2.89227311617573,0.37838966565419185
DAROCA,TAVIRA,0.7702246814132265,dry-wet,130,79,7,1,2.1371387917452123,0.23508137432188064,0.46791532859847085,-0.6681053811468621
DAROCA,TORREVIEJA,0.43179948635673937,dry-dry,979,104,17,6,3.311923952328666,3.322398190045249,1.8116358003272706,0.3545398771699911
DAROCA,TORREVIEJA,0.43179948635673937,dry-wet,209,127,41,12,6.41472105735183,0.4816593047820242,1.8706970876382774,-0.20893164334871606
DAROCA,VALENCIA,0.24050115313657328,dry-dry,1098,132,62,33,8.313425984377648,4.42741935483871,3.969482625094955,0.6097092902074552
DAROCA,VALENCIA,0.24050115313657328,wet-wet,100,67,74,57,37.98217356028894,1.1496571198063736,1.5007040055125898,0.598503479134825
DAROCA,VALENCIA,0.24050115313657328,dry-wet,262,124,90,14,13.578543916839543,0.328673835125448,1.031038385687127,-0.37528244826032087
DAROCA,VANDELLOS,0.20023603661720857,dry-dry,1278,130,83,30,12.104794543758223,3.553290083410565,2.47835681072913,0.5021515122945438
DAROCA,VANDELLOS,0.20023603661720857,wet-wet,104,66,75,58,42.72207775276931,1.2185858585858587,1.3576118730845284,0.6874773678581464
DAROCA,VANDELLOS,0.20023603661720857,dry-wet,273,138,105,20,17.169803106166455,0.37681159420289856,1.164835722129923,-0.29889829639897786
DAROCA,VIMIANZO,0.7171466431423673,dry-dry,1336,135,238,21,24.9387412184616,0.873202614379085,0.8420633509944023,-0.04055200925607836
DAROCA,VIMIANZO,0.7171466431423673,wet-wet,144,96,59,42,38.40609591512349,1.0677966101694916,1.0935763971641104,0.1103390839956655
DAROCA,VIMIANZO,0.7171466431423673,dry-wet,825,233,302,56,54.213215504778276,0.656567092061507,1.0329584673881638,-0.0698441014226838
DAROCA,ZAMORA,0.3814202123743496,dry-dry,1490,133,87,34,11.541334949226092,4.378186846426411,2.945933044104216,0.5800595603622175
DAROCA,ZAMORA,0.3814202123743496,wet-wet,116,68,82,52,40.91450167243062,1.0817790530846485,1.2709430122434833,0.24537037864256592
DAROCA,ZAMORA,0.3814202123743496,dry-wet,327,190,92,28,17.624917171894097,0.5237986270022883,1.5886599481245065,-0.29267292272296136
ENCISO,FISTERRA,0.6215515110803007,dry-dry,369,50,45,6,4.2997819429244615,0.984,1.3954196002598098,-0.017937137262268622
ENCISO,FISTERRA,0.6215515110803007,dry-wet,173,64,64,14,11.272997661134767,0.59130859375,1.2419056954360024,0.036957023102700326
ENCISO,GETAFE,0.2820099662038675,dry-dry,300,30,5,0,1.5124737566207314,0.0,0.0,-0.9578590747609739
ENCISO,LORCA,0.6145619401983802,dry-dry,509,64,11,1,1.4911811663312993,0.7230113636363636,0.6706093280806817,-0.06386075979901505
ENCISO,LORCA,0.6145619401983802,dry-wet,121,71,17,4,3.2248322744834375,0.4009942004971003,1.2403745868118772,-0.03305154317283365
ENCISO,MONTSERRAT,0.366765552671727,dry-dry,417,50,37,4,4.629804799019624,0.9016216216216216,0.8639673104246237,-0.053213181936482556
ENCISO,MONTSERRAT,0.366765552671727,dry-wet,129,55,64,12,9.030391058497376,0.43977272727272726,1.3288461066930535,-0.269937601146279
ENCISO,OURENSE,0.48812956447819267,dry-dry,205,28,14,6,1.5538348661816637,3.1377551020408165,3.861414189233749,0.4494216488387908
ENCISO,OVIEDO,0.35451237771760474,dry-dry,243,26,61,15,4.661328820716415,2.298234552332913,3.217966502027334,0.4854123533657463
ENCISO,OVIEDO,0.35451237771760474,dry-wet,127,36,57,9,7.926998268662472,0.5570175438596491,1.135360409447721,-0.36819855414410346
ENCISO,PAMPLONA,0.10663352335441122,dry-dry,420,48,53,27,4.8616891778422495,4.4575471698113205,5.553625296132843,0.7376893807538333
ENCISO,PONFERRADA,0.3818287988747486,dry-dry,253,29,21,9,2.152454530540548,3.7389162561576357,4.18127299429634,0.5294091517317615
ENCISO,SORIA,0.05417629478914893,dry-dry,342,42,47,30,3.905778132210911,5.197568389057751,7.680927841904362,0.8701619362637019
ENCISO,TARIFA,0.8849198855961101,dry-dry,147,18,1,0,0.2608044686877422,0.0,0.0,-0.7871509861852722
ENCISO,VALENCIA,0.3998785425524565,dry-dry,376,48,19,4,2.2225451368663682,1.6491228070175439,1.7997384771405442,0.17564274636766233
ENCISO,VALENCIA,0.3998785425524565,dry-wet,107,50,39,8,5.100741469597123,0.438974358974359,1.5683994273546022,-0.08111052079746785
ENCISO,VANDELLOS,0.3188234285630828,dry-dry,211,21,17,2,1.6404723563043138,1.1820728291316527,1.219161049751327,0.058791028674171054
ENCISO,VIMIANZO,0.6039684886858109,dry-dry,406,49,70,10,6.188983074666715,1.183673469387755,1.6157743330940542,0.08296812676602468
ENCISO,VIMIANZO,0.6039684886858109,dry-wet,196,70,82,15,13.11095698346089,0.5121951219512195,1.14408124585582,-0.15357843649569722
ENCISO,ZAMORA,0.3142492005951789,dry-dry,446,46,22,11,2.801355076197113,4.8478260869565215,3.926671093381238,0.6007066109367848
EXTREMO,FISTERRA,0.1496912443678917,dry-dry,214,7,27,1,2.537570001341296,1.1322751322751323,0.39407779863074716,-0.002260306640886102
EXTREMO,GETAFE,0.4721416312425127,dry-dry,784,87,46,7,4.5428761453922375,1.3713143428285857,1.5408740577486317,0.08394002661561949
EXTREMO,GETAFE,0.4721416312425127,dry-wet,257,113,75,17,11.060840105076778,0.5155162241887905,1.5369537791435233,-0.050065929728656276
EXTREMO,GUARDA,0.22291590068408076,dry-dry,768,82,31,12,4.392449961419546,3.6254917387883556,2.7319605471662234,0.4701401907952778
EXTREMO,GUARDA,0.22291590068408076,dry-wet,171,90,43,6,7.377833986929597,0.2651162790697674,0.813246816156268,-0.567730041746278
EXTREMO,HUELVA,0.6544492127964565,dry-dry,116,13,2,0,0.22446411596690657,0.0,0.0,-0.759360302801566
EXTREMO,LORCA,0.8334259802548611,dry-dry,870,99,20,3,2.650529767067921,1.3181818181818181,1.1318492013461412,0.023186179342926053
EXTREMO,LORCA,0.8334259802548611,dry-wet,241,106,38,6,6.211183371877093,0.358987090367428,0.9659994949057074,-0.05164247932754334
EXTREMO,MONTSERRAT,0.9010888652322929,dry-dry,921,106,97,15,11.102835312301274,1.343610192569539,1.3510062590391576,0.12965953480431394
EXTREMO,MONTSERRAT,0.9010888652322929,dry-wet,351,118,150,20,22.556057944629032,0.39661016949152544,0.8866797580098578,-0.2246417877640717
EXTREMO,OURENSE,0.07291384683292099,dry-dry,783,42,64,14,5.942412843511563,4.078125,2.3559453657425373,0.4681686189060436
EXTREMO,OURENSE,0.07291384683292099,dry-wet,206,139,71,30,11.317717701488016,0.6262032627419192,2.6507111054780683,-0.17269826208310654
EXTREMO,OVIEDO,0.2955522119293002,dry-dry,763,62,165,35,15.372615307372133,2.610459433040078,2.2767758966306344,0.5008271569233572
EXTREMO,OVIEDO,0.2955522119293002,wet-wet,144,55,68,32,35.00369122552469,1.2320855614973263,0.9141893006034061,0.2588948072961456
EXTREMO,OVIEDO,0.2955522119293002,dry-wet,421,145,196,45,27.272573475033393,0.6666080225193526,1.6500093048129518,-0.16146588924118938
EXTREMO,PAMPLONA,0.6075896623089745,dry-dry,617,62,64,13,7.645357799625136,2.021421370967742,1.7003782348338767,0.27811929077189823
EXTREMO,PAMPLONA,0.6075896623089745,dry-wet,256,96,104,18,15.014670247488823,0.46153846153846156,1.198827526898932,-0.2582674882946046
EXTREMO,PONFERRADA,0.18276962938879174,dry-dry,842,62,71,20,7.354533300421287,3.825533848250795,2.7194111690070595,0.5108378881128071
EXTREMO,PONFERRADA,0.18276962938879174,wet-wet,108,35,66,27,26.784846153666322,1.2623376623376623,1.0080326706040919,0.18414117704732366
EXTREMO,PONFERRADA,0.18276962938879174,dry-wet,228,134,65,20,11.979723018967526,0.5235361653272101,1.6694876808365227,-0.31015235286767256
EXTREMO,PORTO,0.10089980676165669,dry-dry,1377,77,116,17,11.0280549397488,2.6208016121809226,1.5415229696332315,0.29631854510439476
EXTREMO,PORTO,0.10089980676165669,wet-wet,134,20,84,17,39.52591165942502,1.355952380952381,0.4300976065139366,0.09803739138848859
EXTREMO,PORTO,0.10089980676165669,dry-wet,349,264,110,68,22.752148290412954,0.8172176308539945,2.9887287623144174,-0.1986566189851419
EXTREMO,SORIA,0.5231046619556113,dry-dry,891,108,104,19,10.412408957057043,1.5072115384615385,1.8247458468410127,0.16089081541871605
EXTREMO,SORIA,0.5231046619556113,dry-wet,380,138,132,20,22.018618416589987,0.41721563460693895,0.9083222035825348,-0.2354227338923068
EXTREMO,TARIFA,0.8480513957754545,dry-dry,765,80,10,0,1.3978567154268244,0.0,0.0,-0.8918855171892814
EXTREMO,TARIFA,0.8480513957754545,dry-wet,183,91,19,4,3.2791016696140325,0.4233661075766339,1.2198462881057364,-0.016525838056556066
EXTREMO,TAVIRA,0.6637984881905168,dry-dry,665,73,7,1,1.2247434767526524,1.3013698630136987,0.8164975106880759,0.02842901127081261
EXTREMO,TAVIRA,0.6637984881905168,dry-wet,172,84,17,6,2.764417735558542,0.7226890756302521,2.1704389762886973,-0.15180009090008748
EXTREMO,TORREVIEJA,0.8678248641291544,dry-dry,879,112,19,1,2.5126097771087954,0.4130639097744361,0.39799256100590275,-0.2068313565845469
EXTREMO,TORREVIEJA,0.8678248641291544,dry-wet,260,114,34,2,6.275024914698925,0.13415892672858618,0.3187238341181885,-0.46518451593508114
EXTREMO,VALENCIA,0.7837730463347262,dry-dry,632,69,44,5,4.13289835391307,1.0408432147562583,1.209804735523183,0.021747195410739315
EXTREMO,VALENCIA,0.7837730463347262,dry-wet,240,89,76,16,10.815021694588161,0.5677114133648729,1.479423754462407,0.28904697850217176
EXTREMO,VANDELLOS,0.82660017840885,dry-dry,1070,127,69,16,8.723803426140732,1.9536688348739015,1.8340624173231903,0.2193870767796143
EXTREMO,VANDELLOS,0.82660017840885,dry-wet,349,150,106,24,18.531261746720944,0.5267924528301887,1.2951087911888532,-0.13012958320160595
EXTREMO,VIMIANZO,0.15778177147754419,dry-dry,959,44,150,17,15.445702136771613,2.470151515151515,1.1006297965262497,0.36097501800207576
EXTREMO,VIMIANZO,0.15778177147754419,wet-wet,184,66,73,36,41.763966270905826,1.3748443337484433,0.861987095920983,0.37947648512853893
EXTREMO,VIMIANZO,0.15778177147754419,dry-wet,375,202,143,53,24.796708655762806,0.688049574188188,2.1373804376929955,-0.186269008157545
EXTREMO,ZAMORA,0.2462296403064465,dry-dry,813,83,60,12,5.756510720647869,1.9590361445783133,2.0845961351131566,0.23865703535299093
EXTREMO,ZAMORA,0.2462296403064465,dry-wet,265,131,87,21,12.741520571481718,0.48828639115556727,1.6481549342707609,-0.27370623240858155
FISTERRA,GETAFE,0.6034980057581694,dry-dry,433,56,16,2,2.9838768229262804,0.9665178571428571,0.670268955016248,-0.01911020155126907
FISTERRA,GETAFE,0.6034980057581694,dry-wet,175,84,25,8,6.9729593148574835,0.6666666666666666,1.147289068925753,0.17877306655252767
FISTERRA,LORCA,0.9777847391936972,dry-dry,683,89,19,1,2.725531869213269,0.4039030159668835,0.3669008648534542,-0.1943233869782302
FISTERRA,LORCA,0.9777847391936972,dry-wet,221,110,27,4,6.049102584685956,0.29764309764309765,0.6612551108203206,0.015414445128774103
FISTERRA,MONTSERRAT,0.9881601116840856,dry-dry,619,87,45,8,9.19132211252853,1.2648786717752234,0.8703862079967082,0.06997991395743651
FISTERRA,MONTSERRAT,0.9881601116840856,dry-wet,288,128,102,37,21.91007032661664,0.8161764705882353,1.6887211884049462,0.29973433161426544
FISTERRA,OURENSE,0.14927307273033968,dry-dry,429,51,27,12,4.532403349768083,3.738562091503268,2.647601961686403,0.5071234614589261
FISTERRA,OURENSE,0.14927307273033968,dry-wet,104,43,40,5,6.134417817208353,0.3023255813953488,0.8150732716597704,-0.43480295278621994
FISTERRA,OVIEDO,0.3038946096390723,dry-dry,426,58,83,22,11.012317221868248,1.9468217698379726,1.9977630099787194,0.33993053147784885
FISTERRA,OVIEDO,0.3038946096390723,dry-wet,282,73,139,31,23.26936484526804,0.8615354291908939,1.3322237287582874,-0.158344961767788
FISTERRA,PAMPLONA,0.6680853805562444,dry-dry,625,84,74,17,9.923574347706914,1.7092985842985844,1.7130924205680254,0.22032691450675104
FISTERRA,PAMPLONA,0.6680853805562444,dry-wet,285,121,113,31,20.30697696051886,0.6461639727930959,1.5265689255604455,0.011345463322644921
FISTERRA,PONFERRADA,0.2399675226795752,dry-dry,498,70,38,15,5.8610642009166085,2.808270676691729,2.5592621895617795,0.422102773384915
FISTERRA,PONFERRADA,0.2399675226795752,dry-wet,196,79,72,17,11.354157564632427,0.5857946554149086,1.497248906687191,-0.12517989646325917
FISTERRA,PORTO,0.23676306131287303,dry-dry,356,47,20,15,4.33014952258788,5.680851063829787,3.464083612298766,0.7560591623092908
FISTERRA,SORIA,0.6144763473473223,dry-dry,523,66,76,11,8.048269738946848,1.1469298245614035,1.3667533962945182,0.04993678024954671
FISTERRA,SORIA,0.6144763473473223,dry-wet,286,114,107,30,19.751406947700318,0.7033939990162321,1.5188791400752815,0.13113968017773914
FISTERRA,TARIFA,0.9952173545030902,dry-dry,277,29,2,0,0.7002195056079468,0.0,0.0,-0.6763587629062459
FISTERRA,TORREVIEJA,1.0075971356340516,dry-dry,245,32,2,0,0.9221676301439214,0.0,0.0,-0.9545249231316153
FISTERRA,VALENCIA,0.909336575417206,dry-dry,492,68,32,7,4.052808850835923,1.5827205882352942,1.7271971754987152,0.1770662268272582
FISTERRA,VALENCIA,0.909336575417206,dry-wet,203,84,52,10,9.836641574823666,0.46474358974358976,1.0166071340440461,0.05937290955964515
FISTERRA,VANDELLOS,0.9265191083427609,dry-dry,415,60,35,5,4.543993289442073,0.9880952380952381,1.1003537376733046,-0.0230634795850183
FISTERRA,VANDELLOS,0.9265191083427609,dry-wet,182,80,59,14,11.222211894083241,0.5398305084745763,1.2475259006097819,0.30586188167360856
FISTERRA,VIMIANZO,0.028014736691742353,dry-dry,736,93,120,72,16.067155354976144,4.748387096774193,4.48119149963288,0.8493074843587596
FISTERRA,VIMIANZO,0.028014736691742353,wet-wet,222,122,87,79,54.33019733290072,1.6523459581684568,1.454071655877458,0.8103613707282381
FISTERRA,VIMIANZO,0.028014736691742353,dry-wet,164,49,94,8,12.754940706562284,0.28484585323491096,0.6272079333057254,-0.6203251809686618
FISTERRA,ZAMORA,0.3649246110487485,dry-dry,650,97,35,5,5.773301847314352,0.9572901325478645,0.8660555315197871,0.002189734820633265
FISTERRA,ZAMORA,0.3649246110487485,dry-wet,254,117,53,6,11.520371831650632,0.24576681180454765,0.5208165229108168,-0.3115952383769522
GETAFE,GUARDA,0.3076965692800096,dry-dry,399,23,14,3,1.5166111228446635,3.717391304347826,1.9780944203897088,0.3852820601175579
GETAFE,LORCA,0.4017451151813673,dry-dry,1194,59,23,1,2.195736094960018,0.8798820928518791,0.45542813742295785,-0.04070737428951603
GETAFE,LORCA,0.4017451151813673,dry-wet,164,97,47,13,5.339000951609574,0.4676464136872121,2.434912471045885,0.09640770021024425
GETAFE,MONTSERRAT,0.5164138275512969,dry-dry,1071,51,115,18,7.374255047459776,3.2869565217391306,2.4409245251424405,0.4293326267826068
GETAFE,MONTSERRAT,0.5164138275512969,dry-wet,287,76,173,26,15.365778245574328,0.5675387891694554,1.6920717964603293,0.1331066888288103
GETAFE,OURENSE,0.4545331003452077,dry-dry,676,32,57,6,3.2729121188058774,2.223684210526316,1.8332297911466995,0.22173581204652545
GETAFE,OURENSE,0.4545331003452077,dry-wet,207,73,85,13,8.488861172425983,0.433682514101531,1.5314186126906355,-0.24964967703706809
GETAFE,OVIEDO,0.4565374268781008,dry-dry,810,41,187,13,9.77659010353829,1.373418547019695,1.3297069696411954,0.11911061823369522
GETAFE,OVIEDO,0.4565374268781008,dry-wet,460,81,230,27,20.254030533881814,0.6666666666666666,1.3330680011977487,-0.16473504218738055
GETAFE,PAMPLONA,0.3883862409022667,dry-dry,905,45,99,13,6.455204266006195,2.6408529741863074,2.013878951663762,0.36261131033630783
GETAFE,PAMPLONA,0.3883862409022667,dry-wet,265,62,141,17,11.686785923179933,0.5153283001601464,1.4546343290400892,-0.16675483078546008
GETAFE,PONFERRADA,0.39788322439984053,dry-dry,843,43,77,11,4.419979054460041,2.8006644518272426,2.4886995762797333,0.3537251260609406
GETAFE,PONFERRADA,0.39788322439984053,dry-wet,220,80,104,14,8.930035614264547,0.3701923076923077,1.5677429077255702,-0.25853666920646434
GETAFE,PORTO,0.450878858048085,dry-dry,1089,57,98,4,5.439459091422918,0.7798066595059077,0.7353672364789552,-0.044742244094313606
GETAFE,PORTO,0.450878858048085,dry-wet,274,103,110,14,12.069007459451326,0.33857016769638126,1.1599959687684591,-0.2589553794480443
GETAFE,SORIA,0.22831426041086986,dry-dry,1095,47,116,30,7.618214622998555,6.025311812179017,3.9379305368259496,0.7275901290441434
GETAFE,SORIA,0.22831426041086986,wet-wet,100,75,59,55,34.56509702888637,1.2429378531073447,1.5912005094050796,0.7494761135002986
GETAFE,SORIA,0.22831426041086986,dry-wet,198,47,122,11,8.896573673072421,0.37983955354028603,1.236431058093083,-0.3475859249713673
GETAFE,TARIFA,0.6064336960053273,dry-dry,709,35,10,3,0.8098013636800308,6.077142857142857,3.704612185841369,0.46337096664794486
GETAFE,TAVIRA,0.5527722450827903,dry-dry,428,27,5,2,0.4781702016246224,6.340740740740741,4.182611114629971,0.49439453565070585
GETAFE,TORREVIEJA,0.4113254747222588,dry-dry,855,53,14,6,1.4631203321766968,6.913746630727763,4.100824701871067,0.5284607393663159
GETAFE,TORREVIEJA,0.4113254747222588,dry-wet,124,74,28,8,3.7502198080019684,0.47876447876447875,2.133208294332544,0.27701321752864816
GETAFE,VALENCIA,0.3133710591198686,dry-dry,804,40,36,5,3.149666939696457,2.7916666666666665,1.5874694358895818,0.2958839356361222
GETAFE,VALENCIA,0.3133710591198686,dry-wet,146,66,71,15,6.36490627410232,0.4673495518565941,2.356672565789751,-0.1598678118569159
GETAFE,VANDELLOS,0.4108027093346946,dry-dry,962,53,68,9,4.627685071850623,2.402330743618202,1.9448168706953253,0.2988696799586373
GETAFE,VANDELLOS,0.4108027093346946,dry-wet,196,72,102,13,9.6572698410152,0.34694989106753815,1.3461361455168164,-0.1317659512313899
GETAFE,VIMIANZO,0.5976643365342653,dry-dry,1023,50,173,5,9.587682424021793,0.5913294797687861,0.5215024631471498,-0.15320984068929308
GETAFE,VIMIANZO,0.5976643365342653,dry-wet,519,95,215,24,21.56714087403839,0.6098408812729498,1.1128039706408273,-0.06817343970802664
GETAFE,ZAMORA,0.2415434220100298,dry-dry,1084,51,71,16,4.7121360185171,4.789837061585198,3.3954877230040506,0.5174996373694514
GETAFE,ZAMORA,0.2415434220100298,dry-wet,176,79,85,12,7.908280964436825,0.31451973194341026,1.5173967710509335,-0.3437557394759423
GUARDA,LORCA,0.6224674710775063,dry-dry,544,37,15,3,1.0863077086773418,2.9405405405405407,2.7616484500995733,0.27058041682498607
GUARDA,LORCA,0.6224674710775063,dry-wet,100,41,20,1,2.556919605813329,0.12195121951219512,0.3910955971108488,-0.5544200116474569
GUARDA,MONTSERRAT,0.804591352544887,dry-dry,515,23,61,6,3.665470718641715,2.202423378474697,1.6368975393761631,0.3058185253714808
GUARDA,MONTSERRAT,0.804591352544887,dry-wet,150,29,89,6,7.159143060542064,0.3487020534676482,0.8380891329116283,-0.3114746154217063
GUARDA,OURENSE,0.25072428373522965,dry-dry,430,14,33,2,2.002721664657518,1.8614718614718615,0.9986410170192155,0.16790008415265506
GUARDA,OURENSE,0.25072428373522965,dry-wet,104,42,54,14,4.504164630748646,0.6419753086419753,3.1082345224297527,-0.07548400545701327
GUARDA,OVIEDO,0.40242326871316664,dry-dry,410,20,99,8,5.063707171498297,1.6565656565656566,1.5798701878001538,0.15131716607469575
GUARDA,OVIEDO,0.40242326871316664,dry-wet,242,40,121,13,10.47257954517049,0.65,1.2413369546565105,-0.1426096420505795
GUARDA,PAMPLONA,0.5790225575430248,dry-dry,258,12,26,1,1.9050385056201062,0.8269230769230769,0.5249237729578025,-0.11908037556932799
GUARDA,PAMPLONA,0.5790225575430248,dry-wet,103,22,53,6,4.492842473515559,0.5300171526586621,1.335457460476045,-0.38125914421484525
GUARDA,PONFERRADA,0.2825154154658514,dry-dry,424,13,37,5,2.2430309635914116,4.407484407484407,2.2291266064353783,0.5094150842520626
GUARDA,PONFERRADA,0.2825154154658514,dry-wet,104,31,50,9,4.156600552623111,0.6038709677419355,2.1652309107066734,-0.16741989366497795
GUARDA,PORTO,0.15858146177301197,dry-dry,798,22,66,4,3.9957919640459796,2.1983471074380163,1.0010531168769257,0.22316002367827517
GUARDA,PORTO,0.15858146177301197,dry-wet,163,72,83,28,8.487317924343087,0.7637215528781793,3.2990398438700157,0.014441996969811136
GUARDA,SORIA,0.4475976315867676,dry-dry,486,24,56,10,3.5012805108262626,3.6160714285714284,2.856097924481953,0.4944974852023478
GUARDA,SORIA,0.4475976315867676,dry-wet,133,33,68,7,6.182735445290438,0.41488413547237074,1.1321849466051623,-0.2817824466043507
GUARDA,TARIFA,0.631578430358949,dry-dry,489,18,8,2,0.5163893276557103,6.791666666666667,3.8730467360345022,0.45139070015870164
GUARDA,TAVIRA,0.46653249628894405,dry-dry,570,29,8,1,0.6629126500512068,2.456896551724138,1.5084943693905295,0.1950800422417867
GUARDA,TORREVIEJA,0.6668248417919078,dry-dry,540,28,15,2,0.9504774338266561,2.5714285714285716,2.1042056642501534,0.24627453671171795
GUARDA,VALENCIA,0.6157661410130396,dry-dry,282,16,18,2,1.1763900042618056,1.9583333333333333,1.7001164518182186,0.20813295775032417
GUARDA,VANDELLOS,0.7093594281064094,dry-dry,719,37,57,5,3.525024691912064,1.7045993361782836,1.4184297804983237,0.14387107252215386
GUARDA,VANDELLOS,0.7093594281064094,dry-wet,157,49,73,11,7.3351953758768,0.48280682135868047,1.4996192243461728,-0.0383964773938659
GUARDA,VIMIANZO,0.37915809089165337,dry-dry,530,18,89,5,5.130352809733209,1.6541822721598003,0.9745918429847737,0.2135218521806161
GUARDA,VIMIANZO,0.37915809089165337,dry-wet,216,45,96,11,8.999015045389497,0.55,1.2223559961304518,-0.14830543444454464
GUARDA,ZAMORA,0.18716535145842778,dry-dry,458,12,32,6,2.010451097026633,7.15625,2.9844048476850444,0.6438680146627515
HUELVA,PORTO,0.5622519656105127,dry-dry,127,2,9,0,0.20917665318769843,0.0,0.0,-0.5430169719145129
HUELVA,TAVIRA,0.06404614871405145,dry-dry,141,2,1,1,0.055332417036641976,70.5,18.072588431078017,0.9563737728483979
HUELVA,VANDELLOS,0.8486582069491901,dry-dry,106,1,12,1,0.16491374878455656,8.833333333333334,6.063775806263435,0.9989955188690388
LORCA,MONTSERRAT,0.6187588091833509,dry-dry,1506,32,159,9,5.81662171843302,2.6639150943396226,1.5472898936299697,0.3201240036705782
LORCA,MONTSERRAT,0.6187588091833509,dry-wet,319,52,214,21,11.06532438544386,0.6019949676491733,1.8978205489958289,-0.135429338927193
LORCA,OURENSE,0.8338017764499513,dry-dry,975,26,80,3,2.409534222028024,1.40625,1.245053908167779,0.0708699366115874
LORCA,OURENSE,0.8338017764499513,dry-wet,258,46,116,10,6.590428321283503,0.4835082458770615,1.5173520615807978,-0.0032463151821958765
LORCA,OVIEDO,0.8581598186731159,dry-dry,1087,31,255,10,7.132527450774803,1.375079063883618,1.402027551806156,0.08587244166717968
LORCA,OVIEDO,0.8581598186731159,dry-wet,621,65,293,20,16.565822116025537,0.6521396692045156,1.2073050078602672,-0.03347335484464827
LORCA,PAMPLONA,0.7035442197227552,dry-dry,1242,27,154,4,4.87129898511817,1.1948051948051948,0.8211362127884184,0.04789762491077329
LORCA,PAMPLONA,0.7035442197227552,dry-wet,355,49,198,13,9.548880486271681,0.4756751185322614,1.3614161386447297,-0.16923935727623668
LORCA,PONFERRADA,0.7945603477952629,dry-dry,1214,33,116,3,3.416743112824529,0.95141065830721,0.8780291350378931,-0.03559888642735746
LORCA,PONFERRADA,0.7945603477952629,dry-wet,324,52,151,6,8.054243930633868,0.2475802343352012,0.7449488805745421,-0.21431686966720412
LORCA,PORTO,0.7809770318703814,dry-dry,1281,36,110,2,3.3839153919625518,0.646969696969697,0.5910313256502759,-0.10155978271278465
LORCA,PORTO,0.7809770318703814,dry-wet,274,62,123,8,8.49637067942436,0.28743771308680827,0.9415785047342133,0.07365047662419205
LORCA,SORIA,0.5657299800498605,dry-dry,1332,32,171,5,4.926660158378155,1.2171052631578947,1.0148863204004694,0.05034418494787088
LORCA,SORIA,0.5657299800498605,dry-wet,358,55,212,16,10.879549748087175,0.49125214408233275,1.4706490958243097,-0.056781053583958595
LORCA,TARIFA,0.4080755884507332,dry-dry,965,25,12,2,0.5775646294480477,6.433333333333334,3.4628159309397275,0.4533682872167312
LORCA,TAVIRA,0.5255454388768291,dry-dry,502,13,9,1,0.3043738714156715,4.2905982905982905,3.28543312653253,0.32397815005359537
LORCA,TORREVIEJA,0.09587509043703292,dry-dry,1087,33,24,10,1.1296984091996913,13.724747474747474,8.851920051019873,0.680540051848523
LORCA,VALENCIA,0.27421201025404085,dry-dry,1155,24,74,8,2.5094117865131538,5.202702702702703,3.187998097002668,0.4040012176535142
LORCA,VALENCIA,0.27421201025404085,dry-wet,171,45,113,16,5.439581201846801,0.5380530973451327,2.941402914358152,-0.1802417122161964
LORCA,VANDELLOS,0.5024655762665521,dry-dry,1312,29,100,5,3.4645750952328314,2.2620689655172415,1.4431784165625028,0.22585282263722833
LORCA,VANDELLOS,0.5024655762665521,dry-wet,202,50,128,15,7.1288317036316675,0.4734375,2.104131591766782,0.022538268673650212
LORCA,VIMIANZO,0.9770034849698492,dry-dry,1419,41,258,5,7.459748519595196,0.6707317073170732,0.6702638818005793,-0.12348138441417196
LORCA,VIMIANZO,0.9770034849698492,dry-wet,647,62,280,12,16.51136833453579,0.44723502304147467,0.7267719886607069,-0.07482489644154604
LORCA,ZAMORA,0.6337231376571801,dry-dry,1485,41,103,6,3.319727305638435,2.1098744968032204,1.807377367957067,0.2084864687741239
LORCA,ZAMORA,0.6337231376571801,dry-wet,265,70,131,12,7.878355914464002,0.346782988004362,1.523160432238026,-0.08241276263480989
MONTSERRAT,OURENSE,0.8522662083876855,dry-dry,927,92,74,7,8.848988648739716,0.9531433607520564,0.7910508508785293,-0.02157847424940669
MONTSERRAT,OURENSE,0.8522662083876855,dry-wet,345,159,97,16,20.258392852632618,0.3579070219801595,0.7897961164239526,-0.19160871153588963
MONTSERRAT,OVIEDO,0.7145524231250477,dry-dry,1090,86,257,20,27.186071940954264,0.9863360781829699,0.7356708259817095,-0.022054111811287015
MONTSERRAT,OVIEDO,0.7145524231250477,wet-wet,146,92,80,57,46.085342125972964,1.1307065217391303,1.236835778373786,0.2748055936837865
MONTSERRAT,OVIEDO,0.7145524231250477,dry-wet,682,242,292,66,53.96185123696891,0.636986301369863,1.2230862820136874,-0.12854917336509852
MONTSERRAT,PAMPLONA,0.3462495099191019,dry-dry,1224,109,141,22,18.294620471840787,1.7520983798555534,1.2025392947540268,0.22772123349874973
MONTSERRAT,PAMPLONA,0.3462495099191019,wet-wet,109,68,59,42,37.434001220015574,1.1410767696909272,1.1219746388623568,0.3010057748217379
MONTSERRAT,PAMPLONA,0.3462495099191019,dry-wet,415,186,171,38,30.154047514772955,0.4958183990442055,1.2601956663158798,-0.17979213348891918
MONTSERRAT,PONFERRADA,0.7482672721555206,dry-dry,1215,120,116,15,13.034306704185152,1.3092672413793103,1.1508091945683379,0.08021072172601451
MONTSERRAT,PONFERRADA,0.7482672721555206,dry-wet,454,201,148,30,27.344845265013262,0.45784590560709965,1.0970989124002801,-0.09655089877775454
MONTSERRAT,PORTO,0.9192672912892503,dry-dry,1338,135,126,10,13.860977370125969,0.7865961199294532,0.7214498467873279,-0.05753973187914604
MONTSERRAT,PORTO,0.9192672912892503,dry-wet,469,223,144,28,30.41233034325811,0.408943697060289,0.9206792009678114,-0.1657083161018443
MONTSERRAT,SORIA,0.3780159902987535,dry-dry,1380,119,160,35,19.479599998471365,2.536764705882353,1.7967514734772059,0.39399819778000145
MONTSERRAT,SORIA,0.3780159902987535,wet-wet,109,72,76,55,39.87153997976192,1.095577485380117,1.3794300402722597,0.310073693542413
MONTSERRAT,SORIA,0.3780159902987535,dry-wet,425,191,168,33,31.407899275824654,0.4370792819745699,1.050691092396645,-0.2670041203685301
MONTSERRAT,TARIFA,0.9997510395031189,dry-dry,817,100,13,5,1.8904990485665643,3.1423076923076922,2.644804293232074,0.3341332736856075
MONTSERRAT,TARIFA,0.9997510395031189,dry-wet,189,127,18,2,4.012205285157183,0.16535433070866143,0.49847898047461137,-0.25161216819910326
MONTSERRAT,TAVIRA,1.0286039203020003,dry-dry,501,59,6,2,1.1243359620096767,2.830508474576271,1.7788277415098699,0.32807890329172
MONTSERRAT,TAVIRA,1.0286039203020003,dry-wet,119,79,8,2,2.2945840824656702,0.37658227848101267,0.8716176562381093,-0.016257965282608974
MONTSERRAT,TORREVIEJA,0.5407699272642434,dry-dry,1034,101,17,10,3.68650926601887,6.022131624927199,2.7125932090221454,0.6206132473390105
MONTSERRAT,TORREVIEJA,0.5407699272642434,dry-wet,198,133,27,13,6.245039780801092,0.7167919799498746,2.08165207209175,-0.1403679508843558
MONTSERRAT,VALENCIA,0.3463942989946013,dry-dry,1104,113,64,19,8.844944748475536,2.900442477876106,2.1481196932603486,0.37514759572824913
MONTSERRAT,VALENCIA,0.3463942989946013,dry-wet,264,164,92,29,15.621491394375315,0.5074231177094379,1.8564168598167112,-0.25302323004874006
MONTSERRAT,VANDELLOS,0.12102018845009273,dry-dry,1372,137,85,45,13.778019791511575,5.301846285959639,3.266071662034032,0.6979318686420706
MONTSERRAT,VANDELLOS,0.12102018845009273,wet-wet,108,66,82,58,49.869933330374025,1.1574279379157428,1.1630254168532093,0.5315761863262368
MONTSERRAT,VANDELLOS,0.12102018845009273,dry-wet,262,170,74,26,17.786158071041505,0.5414944356120827,1.4618109147658955,-0.1869075507620968
MONTSERRAT,VIMIANZO,0.97073385061506,dry-dry,1381,123,263,21,27.5874915249058,0.8965037559120839,0.7612145519298608,-0.05073161933291901
MONTSERRAT,VIMIANZO,0.97073385061506,wet-wet,116,75,59,36,34.59004834859272,0.943728813559322,1.0407617716285917,-0.11662343860279459
MONTSERRAT,VIMIANZO,0.97073385061506,dry-wet,833,260,292,56,59.26183389612748,0.614436248682824,0.9449589443714359,-0.06544420879539202
MONTSERRAT,ZAMORA,0.6611291976270082,dry-dry,1444,135,99,12,11.990259399823643,1.2965207631874298,1.0008123761005956,0.08057554716789019
MONTSERRAT,ZAMORA,0.6611291976270082,dry-wet,410,226,129,32,24.16987014001188,0.4500240104273856,1.3239624298612087,-0.16109475547335336
OURENSE,OVIEDO,0.22277897726352877,dry-dry,769,63,159,38,12.508302927102797,2.9172406908255963,3.037982068507646,0.579560430613031
OURENSE,OVIEDO,0.22277897726352877,wet-wet,187,99,66,48,44.54619795863161,1.3737373737373737,1.0775330376023518,0.41017635110903905
OURENSE,OVIEDO,0.22277897726352877,dry-wet,360,61,207,15,19.13796705959746,0.4276550249465431,0.7837823083971545,-0.4777156458709138
OURENSE,PAMPLONA,0.5470887547468645,dry-dry,754,46,76,11,7.495905984204015,2.372425629290618,1.467467711465445,0.34106049427632046
OURENSE,PAMPLONA,0.5470887547468645,dry-wet,269,87,146,32,14.763233993714634,0.677688552983782,2.167546759309229,-0.07277879880077776
OURENSE,PONFERRADA,0.11462273674607268,dry-dry,886,65,76,45,6.760698299010215,8.070850202429149,6.656117165676233,0.8774309487234936
OURENSE,PONFERRADA,0.11462273674607268,wet-wet,190,95,81,72,45.84922663967485,1.7777777777777777,1.5703645465133325,0.8680647219843963
OURENSE,PONFERRADA,0.11462273674607268,dry-wet,122,37,78,7,5.84849419649715,0.2959112959112959,1.196889278644155,-0.5056776134708297
OURENSE,PORTO,0.16528301057646214,dry-dry,1099,80,82,42,7.9486929870552165,7.036280487804878,5.283887560935965,0.7957232476006849
OURENSE,PORTO,0.16528301057646214,wet-wet,170,74,87,61,50.00860099820245,1.610748679714197,1.2197901717385102,0.7563315411735851
OURENSE,PORTO,0.16528301057646214,dry-wet,150,88,51,9,7.902895399377252,0.30080213903743314,1.1388231205374677,-0.48237091899812595
OURENSE,SORIA,0.47516497210681685,dry-dry,889,69,96,19,8.398164087987261,2.549969806763285,2.2623992340394503,0.36677400663183296
OURENSE,SORIA,0.47516497210681685,dry-wet,329,107,173,37,18.01982455718991,0.6576089892496354,2.053294130726539,-0.009687635230812557
OURENSE,TARIFA,0.882299443123547,dry-dry,646,40,6,2,0.9558686091899684,5.383333333333334,2.0923377761038306,0.4872118889312734
OURENSE,TARIFA,0.882299443123547,dry-wet,108,68,12,3,1.89294907347012,0.39705882352941174,1.5848286898180808,-0.37103432527178715
OURENSE,TAVIRA,0.7099359687761335,dry-dry,412,37,5,2,0.612832300835598,4.454054054054054,3.263535550056673,0.3808064408303421
OURENSE,TORREVIEJA,0.8604018799798282,dry-dry,726,64,14,3,1.6467284929816293,2.4308035714285716,1.8217939464738877,0.1943958636026174
OURENSE,TORREVIEJA,0.8604018799798282,dry-wet,183,88,24,4,4.192225540072769,0.3465909090909091,0.954147137782708,-0.13062851754203195
OURENSE,VALENCIA,0.7601821871215972,dry-dry,717,66,47,9,3.729012717301016,2.0802707930367506,2.413507456878296,0.2325274423720205
OURENSE,VALENCIA,0.7601821871215972,dry-wet,233,90,85,14,9.649902974808631,0.42640522875816994,1.450791788948286,0.005084186065182014
OURENSE,VANDELLOS,0.7844061430317679,dry-dry,888,71,61,10,5.886828970632578,2.050334795659201,1.698707411050441,0.22949934635854785
OURENSE,VANDELLOS,0.7844061430317679,dry-wet,274,106,103,23,13.780368788781475,0.5772119435794102,1.6690409634555048,-0.047879380090569905
OURENSE,VIMIANZO,0.14383792815337507,dry-dry,1039,59,164,30,13.691734051558978,3.221372467961968,2.1911030324595093,0.5205026368955623
OURENSE,VIMIANZO,0.14383792815337507,wet-wet,211,100,65,49,47.28566931642553,1.5906153846153845,1.0362547619259133,0.5699619707690333
OURENSE,VIMIANZO,0.14383792815337507,dry-wet,330,94,162,17,16.835861993609004,0.3684003152088258,1.0097493081407596,-0.43340099785215597
OURENSE,ZAMORA,0.21572873197422135,dry-dry,987,71,54,22,5.754565562702245,5.663536776212832,3.823051412011227,0.6431431079963902
OURENSE,ZAMORA,0.21572873197422135,wet-wet,114,62,68,45,34.10976905393565,1.2167931688804554,1.3192701460055125,0.43360446713352263
OURENSE,ZAMORA,0.21572873197422135,dry-wet,194,80,91,11,8.743913188813075,0.29313186813186815,1.2580179791896098,-0.4798924557638921
OVIEDO,PAMPLONA,0.376822607214375,dry-dry,960,226,83,47,24.481814725145675,2.4053737072182537,1.9197923245340767,0.4558617770977893
OVIEDO,PAMPLONA,0.376822607214375,wet-wet,246,123,131,88,61.78112035502821,1.3435114503816794,1.4243833633042542,0.546082616135849
OVIEDO,PAMPLONA,0.376822607214375,dry-wet,453,212,161,38,32.38432151950501,0.504336106879175,1.1734073223399997,-0.3629200237734169
OVIEDO,PONFERRADA,0.12479959723548,dry-dry,1049,229,98,75,19.12937952437313,3.5057035914802603,3.920670814463217,0.7417734864567715
OVIEDO,PONFERRADA,0.12479959723548,wet-wet,264,111,150,90,61.732114840559426,1.427027027027027,1.457912145606065,0.5763450016025105
OVIEDO,PONFERRADA,0.12479959723548,dry-wet,405,222,82,20,21.633349688279274,0.44495715227422544,0.9244985306568494,-0.4226816540303193
OVIEDO,PORTO,0.3787681239309033,dry-dry,1133,226,110,46,19.468927655616667,2.0964601769911506,2.362739274277866,0.3606887320547373
OVIEDO,PORTO,0.3787681239309033,wet-wet,175,69,104,50,49.863013975667215,1.2193422519509476,1.0027472471760257,0.3547479063135025
OVIEDO,PORTO,0.3787681239309033,dry-wet,573,316,110,44,34.42904743546789,0.7253164556962025,1.2779906293507373,-0.2751141858853643
OVIEDO,SORIA,0.3658144242643526,dry-dry,1084,239,96,44,25.773802904059984,2.0788005578800557,1.7071597918159356,0.35550566507266856
OVIEDO,SORIA,0.3658144242643526,wet-wet,203,93,124,66,54.321362364374856,1.1618106139438085,1.2149916189010064,0.2874472254679698
OVIEDO,SORIA,0.3658144242643526,dry-wet,547,261,178,49,39.72294457006511,0.5769296999440354,1.2335440015926211,-0.2791186196385599
OVIEDO,TARIFA,1.0002885404842239,dry-dry,605,142,10,3,2.354327398444781,1.278169014084507,1.2742492832482588,0.06900684146141747
OVIEDO,TARIFA,1.0002885404842239,dry-wet,322,167,15,3,5.277615734233888,0.38562874251497004,0.56843850539177,-0.5282842103415678
OVIEDO,TAVIRA,0.8637584635154376,dry-dry,356,92,6,4,1.3666402999967926,2.579710144927536,2.9268857357780154,0.3933068356089624
OVIEDO,TAVIRA,0.8637584635154376,dry-wet,207,105,10,4,3.2489160238127495,0.7885714285714286,1.2311798675872883,-0.08509907560507506
OVIEDO,TORREVIEJA,0.8600401644164368,dry-dry,775,181,13,4,4.734571398140692,1.317467063323417,0.8448494411914108,0.06903787033735857
OVIEDO,TORREVIEJA,0.8600401644164368,dry-wet,426,217,45,16,11.0864254599617,0.6980030721966206,1.4432063840399714,-0.09809121833006913
OVIEDO,VALENCIA,0.7137681668359505,dry-dry,880,212,51,17,11.678645280712557,1.3836477987421383,1.4556482872269212,0.13849144549690043
OVIEDO,VALENCIA,0.7137681668359505,dry-wet,488,222,116,26,24.831065366793094,0.492699596147872,1.0470754925710974,-0.24296374051025785
OVIEDO,VANDELLOS,0.673099838879864,dry-dry,1036,234,54,15,17.64445922973288,1.2298195631528965,0.8501252322158634,0.04911943972148914
OVIEDO,VANDELLOS,0.673099838879864,dry-wet,547,257,141,37,31.95572830392058,0.5585175373237299,1.1578518770752144,-0.20872289693780785
OVIEDO,VIMIANZO,0.2797860973512317,dry-dry,1114,209,197,80,37.36917430325653,2.164525295703495,2.1408019173982233,0.45716760005282786
OVIEDO,VIMIANZO,0.2797860973512317,wet-wet,389,173,182,101,84.7377025218341,1.2478244299053547,1.1919133631688403,0.32700105568595855
OVIEDO,VIMIANZO,0.2797860973512317,dry-wet,668,338,190,61,58.320396620915055,0.6345063843039551,1.0459462475281585,-0.33561004102617953
OVIEDO,ZAMORA,0.25066226736830066,dry-dry,1149,256,69,40,16.160212366853116,2.6019021739130435,2.4752149966819537,0.4830158705648293
OVIEDO,ZAMORA,0.25066226736830066,wet-wet,165,73,109,58,47.838621716520976,1.2027145909262285,1.212409511789296,0.39182671181181705
OVIEDO,ZAMORA,0.25066226736830066,dry-wet,539,279,97,27,24.883852863877095,0.5377452610575324,1.085040976077898,-0.3739464865157405
PAMPLONA,PONFERRADA,0.4344219894142916,dry-dry,1025,106,90,26,11.438426469526206,2.793501048218029,2.273039921117485,0.4182064052310073
PAMPLONA,PONFERRADA,0.4344219894142916,wet-wet,130,59,76,42,33.07315873917312,1.2176628010704729,1.2699119649026325,0.3092442526427249
PAMPLONA,PONFERRADA,0.4344219894142916,dry-wet,338,185,113,36,18.685080873308323,0.5820617077254245,1.9266708152933967,-0.1494747664572682
PAMPLONA,PORTO,0.6513699750076883,dry-dry,1043,113,91,17,11.198490142538613,1.7243022464261402,1.5180617907965785,0.20216861884004694
PAMPLONA,PORTO,0.6513699750076883,dry-wet,366,183,104,26,21.65265359612429,0.5,1.200776610800898,-0.2598782623535624
PAMPLONA,SORIA,0.16008198040933486,dry-dry,1237,129,137,62,18.124302688855337,4.339614100605443,3.4208212621677245,0.6951870990971387
PAMPLONA,SORIA,0.16008198040933486,wet-wet,185,99,116,81,53.84871698483742,1.304858934169279,1.5042141119686803,0.6269175464081211
PAMPLONA,SORIA,0.16008198040933486,dry-wet,284,133,122,17,19.08953060222636,0.2975471465549119,0.8905404933328919,-0.4766201905154623
PAMPLONA,TARIFA,0.9894140921844281,dry-dry,559,61,7,1,1.3296110328056348,1.3091334894613582,0.7520996557089956,0.0808709931398747
PAMPLONA,TARIFA,0.9894140921844281,dry-wet,150,87,16,2,2.7757291701108517,0.21551724137931033,0.7205313910074763,-0.5050563464579347
PAMPLONA,TAVIRA,0.9373984756420505,dry-dry,235,34,5,3,0.557392193471,4.147058823529412,5.382206703180324,0.496745183595644
PAMPLONA,TORREVIEJA,0.6645372579105153,dry-dry,739,90,13,5,2.700525691882274,3.158119658119658,1.851491365192303,0.3578864963991338
PAMPLONA,TORREVIEJA,0.6645372579105153,dry-wet,204,115,22,6,5.0314491133393,0.48379446640316204,1.19249939030346,-0.10792642391357773
PAMPLONA,VALENCIA,0.468061784552402,dry-dry,922,116,53,13,7.463779927632102,1.9495770982433311,1.7417448164397142,0.23732032788797558
PAMPLONA,VALENCIA,0.468061784552402,dry-wet,321,164,103,29,15.607336634572656,0.5510892730286526,1.8581004997201465,-0.03284284145938882
PAMPLONA,VANDELLOS,0.3349233542175873,dry-dry,999,110,71,20,10.393539539270328,2.558258642765685,1.92427227745016,0.36869283244539264
PAMPLONA,VANDELLOS,0.3349233542175873,dry-wet,279,131,99,17,16.003443835932323,0.3657182512144344,1.0622713569831839,-0.3327427763022676
PAMPLONA,VIMIANZO,0.6473942164570747,dry-dry,1195,126,210,41,24.47351989223943,1.851662887377173,1.6752800651695847,0.28937991339078156
PAMPLONA,VIMIANZO,0.6473942164570747,wet-wet,211,116,89,54,50.29026210518974,1.1036419992251065,1.07376652535735,0.15619343898977983
PAMPLONA,VIMIANZO,0.6473942164570747,dry-wet,643,217,247,54,43.89531320307704,0.6478105934812217,1.2301996741696475,-0.18132277649611792
PAMPLONA,ZAMORA,0.39917848827833396,dry-dry,1306,148,73,26,11.250783512962709,3.1429100333209923,2.310950163608057,0.4468548498076384
PAMPLONA,ZAMORA,0.39917848827833396,wet-wet,104,45,75,41,32.806105645708385,1.2634074074074073,1.249767358636898,0.5040182862086653
PAMPLONA,ZAMORA,0.39917848827833396,dry-wet,346,204,84,28,16.830327576961448,0.565359477124183,1.6636634000117976,-0.20331624251858052
PONFERRADA,PORTO,0.25664623667062253,dry-dry,1306,99,112,37,10.208386083055464,4.358044733044733,3.6244710671175517,0.5959836434711321
PONFERRADA,PORTO,0.25664623667062253,wet-wet,153,61,86,53,44.12766341012181,1.5457491422035836,1.2010606477714179,0.7503265609209413
PONFERRADA,PORTO,0.25664623667062253,dry-wet,260,146,89,25,14.106690560790005,0.5002308757888256,1.7722087184281403,-0.28802004123578784
PONFERRADA,SORIA,0.3750312882024775,dry-dry,1118,104,109,32,11.811034616469046,3.1559633027522938,2.7093308113228205,0.47638116079606607
PONFERRADA,SORIA,0.3750312882024775,wet-wet,139,77,75,49,37.67131682285854,1.1793939393939394,1.3007243742078942,0.3224534050030391
PONFERRADA,SORIA,0.3750312882024775,dry-wet,363,132,196,46,20.772877475339033,0.6454081632653061,2.2144260011454784,-0.08039991179393594
PONFERRADA,TARIFA,0.8967382848500989,dry-dry,600,50,8,1,1.025381782817501,1.5,0.9752465050161532,0.06467471630627657
PONFERRADA,TARIFA,0.8967382848500989,dry-wet,133,73,19,2,2.4730443220656384,0.1917808219178082,0.8087198365816094,-0.4192600247892845
PONFERRADA,TAVIRA,0.7478481243180282,dry-dry,391,35,2,0,0.6442040409762452,0.0,0.0,-0.939700998035096
PONFERRADA,TORREVIEJA,0.8091987553789503,dry-dry,901,84,22,3,2.32155821847153,1.4626623376623376,1.2922355235937797,0.10079088875480034
PONFERRADA,TORREVIEJA,0.8091987553789503,dry-wet,221,103,38,5,5.818749249523719,0.2823198773633112,0.8592911956825195,-0.016269269190647126
PONFERRADA,VALENCIA,0.6873597982338859,dry-dry,919,79,54,9,5.274870268867087,1.9388185654008439,1.7062030990826587,0.2143201082576429
PONFERRADA,VALENCIA,0.6873597982338859,dry-wet,268,110,99,19,11.626135094297199,0.46758494031221304,1.634249029956636,0.00446776511619604
PONFERRADA,VANDELLOS,0.6877805447493095,dry-dry,1101,106,81,13,8.241471916306056,1.66701607267645,1.5773881330929516,0.17762173699976228
PONFERRADA,VANDELLOS,0.6877805447493095,dry-wet,328,131,120,22,16.13404324557547,0.4590330788804071,1.3635763624244148,-0.023634657964180662
PONFERRADA,VIMIANZO,0.2238691906402687,dry-dry,1257,86,221,36,18.65589271480028,2.3809323371566875,1.9296851965406145,0.3872336778578869
PONFERRADA,VIMIANZO,0.2238691906402687,wet-wet,241,126,90,65,52.93022453423113,1.3813932980599648,1.2280318206087164,0.4587770777456337
PONFERRADA,VIMIANZO,0.2238691906402687,dry-wet,523,155,235,32,27.885037332493027,0.4594646533973919,1.147568841972179,-0.3476456822235508
PONFERRADA,ZAMORA,0.16155106552986837,dry-dry,1325,123,69,43,8.341200414007885,6.713208436432191,5.155133298054737,0.7616541064704835
PONFERRADA,ZAMORA,0.16155106552986837,wet-wet,157,77,96,59,46.11139874957034,1.2531114718614718,1.2795100907787957,0.48014012181009796
PONFERRADA,ZAMORA,0.16155106552986837,dry-wet,215,120,81,12,9.633758458484323,0.2654320987654321,1.2456197704886154,-0.46850668036567317
PORTO,SORIA,0.5457716770353707,dry-dry,1336,122,137,19,13.568020878800152,1.5187268158430058,1.4003516186864986,0.15834058442512677
PORTO,SORIA,0.5457716770353707,dry-wet,464,152,210,40,27.817835641994783,0.581453634085213,1.4379263906360347,-0.08922435368270407
PORTO,TARIFA,0.7600676331883891,dry-dry,941,76,11,0,1.5172156446352756,0.0,0.0,-0.9641151949160589
PORTO,TARIFA,0.7600676331883891,dry-wet,156,92,28,8,3.5301530785028405,0.484472049689441,2.266190678448666,0.0870499014308507
PORTO,TAVIRA,0.5678350387943679,dry-dry,715,59,5,0,1.1707381901156952,0.0,0.0,-0.6492821906947318
PORTO,TAVIRA,0.5678350387943679,dry-wet,115,68,17,6,2.116646132953107,0.596885813148789,2.8346731683623028,-0.22881965698000464
PORTO,TORREVIEJA,0.8247876968453945,dry-dry,1334,126,29,2,3.329068104818453,0.7301587301587301,0.6007687247687196,-0.07876271435330069
PORTO,TORREVIEJA,0.8247876968453945,dry-wet,285,141,51,8,8.220915187480514,0.3170629954109303,0.9731276649323737,0.06759951001179029
PORTO,VALENCIA,0.7636840600784899,dry-dry,943,91,63,4,5.321831383834596,0.6579452293738008,0.7516209574302292,-0.11193149561851805
PORTO,VALENCIA,0.7636840600784899,dry-wet,300,108,112,15,14.054256248341527,0.37202380952380953,1.0672923372782588,0.12432293054268562
PORTO,VANDELLOS,0.8343121473006241,dry-dry,1401,137,89,11,10.001718765310368,1.2639219224145002,1.0998109683059714,0.05793886932025761
PORTO,VANDELLOS,0.8343121473006241,dry-wet,400,168,155,36,22.660605374846888,0.5529953917050692,1.5886601176136161,0.04997502823655537
PORTO,VIMIANZO,0.25084137496856607,dry-dry,1454,110,248,73,20.597047133845663,3.8908357771260995,3.5441973563309612,0.683615083816432
PORTO,VIMIANZO,0.25084137496856607,wet-wet,277,149,76,62,74.3558688359457,1.5166019074531967,0.8338279273797884,0.5836512127378439
PORTO,VIMIANZO,0.25084137496856607,dry-wet,484,122,244,23,26.32453324578697,0.37395861327600105,0.8737096982975364,-0.5079845361108244
PORTO,ZAMORA,0.259792802110727,dry-dry,1362,113,81,19,8.400043337118028,2.82726974762373,2.2618930923895344,0.37439046303563434
PORTO,ZAMORA,0.259792802110727,dry-wet,283,116,137,23,14.541511420117146,0.4095771457337025,1.5816787770892327,-0.3475220394800996
SORIA,TARIFA,0.8307470265440196,dry-dry,728,76,13,4,1.6190725516338997,2.9473684210526314,2.470550189961141,0.3123165755407987
SORIA,TARIFA,0.8307470265440196,dry-wet,162,103,18,6,3.496865411333867,0.5242718446601942,1.7158223992702426,0.1596446072893835
SORIA,TAVIRA,0.7785970528385282,dry-dry,454,52,7,2,0.9888346111526191,2.4945054945054945,2.0225829248318203,0.26180873504845403
SORIA,TAVIRA,0.7785970528385282,dry-wet,119,71,7,3,2.134783639895673,0.7183098591549296,1.4052946368591293,-0.29044249063209776
SORIA,TORREVIEJA,0.5401302785939772,dry-dry,958,109,16,3,3.3149350318272246,1.6479357798165137,0.9049951118789712,0.14286147236875382
SORIA,TORREVIEJA,0.5401302785939772,dry-wet,216,138,29,5,5.9018396232495025,0.2698650674662669,0.8471934717275564,-0.38567529589146976
SORIA,VALENCIA,0.3631277292387,dry-dry,963,121,48,17,7.490512320080097,2.818698347107438,2.269537686284483,0.38841248328676425
SORIA,VALENCIA,0.3631277292387,dry-wet,288,149,98,26,14.743874139175627,0.5128064648678263,1.7634442450180692,-0.06893529880138695
SORIA,VANDELLOS,0.31319966008783096,dry-dry,1193,131,72,22,11.73889368457195,2.782654792196777,1.8741118704323807,0.401317549855234
SORIA,VANDELLOS,0.31319966008783096,dry-wet,285,145,89,12,16.50156549624551,0.26501356063541265,0.7272037312296387,-0.5062971061570454
SORIA,VIMIANZO,0.5988858426736478,dry-dry,1260,138,224,30,24.438988298422824,1.2228260869565217,1.227546723034196,0.09775427134556307
SORIA,VIMIANZO,0.5988858426736478,wet-wet,143,89,59,41,36.017908865210316,1.1165492287183394,1.1383226092729077,0.18850038592898294
SORIA,VIMIANZO,0.5988858426736478,dry-wet,794,241,292,68,52.7212059947346,0.7672369692491332,1.289803575562959,-0.0024554936893008148
SORIA,ZAMORA,0.28602326941769207,dry-dry,1410,145,84,40,11.58022302748481,4.630541871921182,3.4541649072788094,0.6136770446260267
SORIA,ZAMORA,0.28602326941769207,wet-wet,124,68,90,58,41.66811615246253,1.1751633986928105,1.3919515772630455,0.47632898160070614
SORIA,ZAMORA,0.28602326941769207,dry-wet,311,189,94,32,16.44744933744942,0.5601711133626027,1.9455904282458416,-0.22086403792391376
TARIFA,TAVIRA,0.23371139465298946,dry-dry,502,9,6,3,0.1802925274689863,27.88888888888889,16.639624737170852,0.8317321504094511
TARIFA,TORREVIEJA,0.5035343283423817,dry-dry,656,11,18,0,0.3712308056434493,0.0,0.0,-0.9386912685060864
TARIFA,VALENCIA,0.6570002662509301,dry-dry,593,9,39,1,0.7620954810229179,1.6894586894586894,1.3121715387391568,0.05224456161632884
TARIFA,VALENCIA,0.6570002662509301,dry-wet,109,25,63,4,2.338202338280734,0.2768253968253968,1.7107159352775156,-0.21013089078949787
TARIFA,VANDELLOS,0.879028790191711,dry-dry,800,13,44,2,1.266543847722736,2.797202797202797,1.5791004816738312,0.2591200372196056
TARIFA,VIMIANZO,1.0057925961274885,dry-dry,737,11,130,3,2.3297977283249645,1.5461538461538462,1.2876654327227306,0.10547644137381933
TARIFA,VIMIANZO,1.0057925961274885,dry-wet,305,24,153,6,5.398602672066981,0.49836601307189543,1.111398701564892,-0.20997410280306553
TARIFA,ZAMORA,0.7497254706559883,dry-dry,686,7,49,1,0.9317403380276041,2.0,1.0732603915345067,0.13764168637861438
TARIFA,ZAMORA,0.7497254706559883,dry-wet,116,20,76,5,2.359284485118576,0.3815789473684211,2.1192866021618,-0.27485249006803425
TAVIRA,TORREVIEJA,0.6168635454163104,dry-dry,470,9,14,1,0.26612549087202014,3.7301587301587302,3.7576257604007592,0.2947813547732102
TAVIRA,VALENCIA,0.7126063708431614,dry-dry,263,4,18,1,0.3426848789694117,3.6527777777777777,2.9181328426494733,0.3445390707707421
TAVIRA,VANDELLOS,0.909408908844793,dry-dry,667,10,56,1,1.037334314527809,1.1910714285714286,0.964009370937658,0.024857867351040057
TAVIRA,VANDELLOS,0.909408908844793,dry-wet,111,15,73,5,2.50250147393082,0.5068493150684932,1.9980008212127918,0.9989939488802301
TAVIRA,VIMIANZO,0.8185955372841867,dry-dry,442,6,79,1,1.3646353823316486,0.9324894514767933,0.7327964765880364,-0.04271916140282627
TAVIRA,VIMIANZO,0.8185955372841867,dry-wet,186,16,85,3,3.2963534302825135,0.4102941176470588,0.9100965850445489,-0.19646581131119958
TAVIRA,ZAMORA,0.6222297580133931,dry-dry,332,3,35,1,0.47988605174351684,3.1619047619047618,2.0838280178530106,0.19348602414727653
TORREVIEJA,VALENCIA,0.20706499446507884,dry-dry,748,11,52,7,1.4923242761713407,9.153846153846153,4.690669522551074,0.6769252483108584
TORREVIEJA,VANDELLOS,0.4290136451479065,dry-dry,1032,17,75,2,2.538412812833596,1.6188235294117648,0.7878939114585649,0.12812668007788774
TORREVIEJA,VANDELLOS,0.4290136451479065,dry-wet,143,33,96,9,4.764989172725771,0.40625,1.8887765897800828,-0.2907585423238977
TORREVIEJA,VIMIANZO,1.0042368477524628,dry-dry,957,20,175,2,4.605331550889888,0.5468571428571428,0.4342792647824759,-0.1722665356818259
TORREVIEJA,VIMIANZO,1.0042368477524628,dry-wet,457,41,187,9,11.589860379830991,0.5364549367418808,0.7765408473480888,0.12994014829816675
TORREVIEJA,ZAMORA,0.6517466284800268,dry-dry,970,18,75,5,1.9872742355800908,3.5925925925925926,2.5160090693474353,0.3333892276618759
TORREVIEJA,ZAMORA,0.6517466284800268,dry-wet,169,40,95,8,5.004174064997966,0.35578947368421054,1.5986654133309512,0.11233909919995545
VALENCIA,VANDELLOS,0.22846843421513238,dry-dry,984,65,66,19,5.416123931873194,4.358041958041958,3.5080438038331136,0.5304991416603422
VALENCIA,VANDELLOS,0.22846843421513238,dry-wet,167,82,73,13,8.816677609144685,0.3626795856999666,1.474478321234788,-0.3008363057539449
VALENCIA,VIMIANZO,0.900789149244246,dry-dry,1030,66,193,10,11.099005008623585,0.8086041764798242,0.9009816638726,-0.08800988991057881
VALENCIA,VIMIANZO,0.900789149244246,dry-wet,586,134,224,32,27.834838128346185,0.6247334754797441,1.1496384441845249,0.05618131608296378
VALENCIA,ZAMORA,0.5444539354972004,dry-dry,1123,73,80,12,5.092166547104254,2.3075342465753423,2.356560785865105,0.2663705971064545
VALENCIA,ZAMORA,0.5444539354972004,dry-wet,248,116,91,11,10.930564672213514,0.25843122394846535,1.006352400801671,-0.33230172224155863
VANDELLOS,VIMIANZO,0.9116204829636099,dry-dry,1203,87,212,16,16.537517010761256,1.0435914118412493,0.9674971151708274,0.021191018087707306
VANDELLOS,VIMIANZO,0.9116204829636099,dry-wet,639,154,252,40,34.99817059889904,0.6586270871985158,1.1429168815257535,-0.08222459378046869
VANDELLOS,ZAMORA,0.5815641533755557,dry-dry,1214,80,77,8,7.072439031529517,1.5766233766233766,1.1311514972890313,0.14943021633020828
VANDELLOS,ZAMORA,0.5815641533755557,dry-wet,285,132,104,20,14.726630913691642,0.4152097902097902,1.3580838765644356,-0.11689690230298076
VIMIANZO,ZAMORA,0.3572935465567434,dry-dry,1461,262,79,19,16.584725044331005,1.341144071891004,1.1456324991347737,0.10811930662600427
VIMIANZO,ZAMORA,0.3572935465567434,wet-wet,121,41,79,25,32.87049377573283,0.9339302253782031,0.7605605249062808,-0.14050450075639187
VIMIANZO,ZAMORA,0.3572935465567434,dry-wet,697,295,151,29,31.244233613942818,0.4537658547536199,0.9281712702038778,-0.31493623190171566
