station_j,station_k,dist,state_class,n_days,n_sw_j,n_sw_k,n_joint,expected_joint,ratio_emp,ratio,rho_hat
ALACANT/ALICANTE,ALMEIDINHA,0.6538393164492697,dry-dry,497,53,101,19,8.797439005522229,1.7640575378292547,2.159719435175798,0.27244332582168246
ALACANT/ALICANTE,ALMEIDINHA,0.6538393164492697,wet-wet,101,56,36,24,21.60246607477153,1.2023809523809523,1.110984269894465,0.30346010090529496
ALACANT/ALICANTE,ALMEIDINHA,0.6538393164492697,dry-wet,334,92,116,24,18.739003017407484,0.7511244377811095,1.2807511679092716,-0.07764931454000941
ALACANT/ALICANTE,AMARANTE,0.7700675757933936,dry-dry,547,61,132,27,10.703432832228867,1.8342026825633384,2.5225551860988844,0.32449154801791946
ALACANT/ALICANTE,AMARANTE,0.7700675757933936,wet-wet,121,71,40,25,22.144671801893008,1.0651408450704225,1.1289397388071882,0.11615965255833118
ALACANT/ALICANTE,AMARANTE,0.7700675757933936,dry-wet,499,116,145,32,25.350154404988174,0.949346016646849,1.2623197274768208,0.05199992480841825
ALACANT/ALICANTE,ARANJUEZ,0.35246898311497993,dry-dry,878,73,134,28,14.203493548741761,2.513187487221427,1.9713459863880054,0.3929180775458551
ALACANT/ALICANTE,ARANJUEZ,0.35246898311497993,wet-wet,140,75,73,49,38.19086022760497,1.2529680365296805,1.283029492082035,0.43191403285676006
ALACANT/ALICANTE,ARANJUEZ,0.35246898311497993,dry-wet,355,141,144,37,24.90584333100457,0.6469168636721828,1.4855951476230385,-0.21123356956108327
ALACANT/ALICANTE,BARCELOS,0.8294414107042047,dry-dry,547,64,136,20,10.336101576762198,1.2568933823529411,1.9349655043023517,0.13378349318396554
ALACANT/ALICANTE,BARCELOS,0.8294414107042047,wet-wet,107,65,44,27,19.183976824974955,1.0101398601398601,1.4074245526010871,0.0806715334098967
ALACANT/ALICANTE,BARCELOS,0.8294414107042047,dry-wet,505,120,140,24,25.05274030522527,0.7214285714285714,0.957979035730247,-0.06349661855066202
ALACANT/ALICANTE,BEARIZ,0.8791399283682779,dry-dry,495,45,97,12,8.141068598027768,1.3608247422680413,1.4740079702690485,0.09998663464729435
ALACANT/ALICANTE,BEARIZ,0.8791399283682779,dry-wet,468,101,115,23,20.29780257455386,0.9267326732673268,1.1331275844033346,0.023583786674609225
ALACANT/ALICANTE,BEJA,0.6451766347937,dry-dry,1019,81,154,20,13.26483806642485,1.6337983004649672,1.5077455073215542,0.1741600225101903
ALACANT/ALICANTE,BEJA,0.6451766347937,wet-wet,130,64,62,27,31.3217854643378,0.8845766129032258,0.8620198242128158,-0.16839421134226884
ALACANT/ALICANTE,BEJA,0.6451766347937,dry-wet,470,191,160,45,28.97298134567326,0.6920811518324608,1.5531711929507788,-0.1104793320939077
ALACANT/ALICANTE,BRAGANCA,0.718272765242701,dry-dry,861,75,194,27,14.707448912600654,1.5977319587628867,1.8358044389919765,0.16408045161366108
ALACANT/ALICANTE,BRAGANCA,0.718272765242701,wet-wet,135,81,62,41,28.600091068218372,1.1021505376344085,1.4335618688138,0.2064599681888874
ALACANT/ALICANTE,BRAGANCA,0.718272765242701,dry-wet,610,178,193,43,34.6178223506424,0.7635209873668277,1.2421347467918373,-0.06641976601755076
ALACANT/ALICANTE,CADIZ,0.564047078811086,dry-dry,1103,77,104,20,11.281257513800934,2.754745254745255,1.772852004799375,0.37799842348429086
ALACANT/ALICANTE,CADIZ,0.564047078811086,wet-wet,128,68,64,35,32.54695325742827,1.0294117647058822,1.0753694738542652,0.05650629309732674
ALACANT/ALICANTE,CADIZ,0.564047078811086,dry-wet,370,169,119,35,21.860513593250488,0.6439262095370692,1.6010602793342594,-0.16210535587378613
ALACANT/ALICANTE,CAMPDEVANOL,0.5737275336859148,dry-dry,850,73,190,41,18.656947617180492,2.5126171593366977,2.1975727670610286,0.48144888498297755
ALACANT/ALICANTE,CAMPDEVANOL,0.5737275336859148,wet-wet,195,122,75,52,47.712121226657345,1.1081967213114754,1.0898697996044444,0.1354956914800023
ALACANT/ALICANTE,CAMPDEVANOL,0.5737275336859148,dry-wet,519,131,232,39,33.803387752601864,0.6659976309555146,1.1537305161669231,-0.18818464164263413
ALACANT/ALICANTE,CAMPI,0.7439571270234114,dry-dry,411,46,93,21,7.784562041792183,2.017531556802244,2.697646943689246,0.3763783161587079
ALACANT/ALICANTE,CAMPI,0.7439571270234114,dry-wet,341,85,105,27,18.136296743375716,1.0315966386554623,1.4887272954365258,0.10323872467370261
ALACANT/ALICANTE,CUENCA,0.2715274868668432,dry-dry,1063,81,194,40,18.846320266028748,2.7058673794068984,2.122430237593999,0.46127352992374077
ALACANT/ALICANTE,CUENCA,0.2715274868668432,wet-wet,232,126,93,62,53.3423920692554,1.2275132275132274,1.1623025813972547,0.321574571934048
ALACANT/ALICANTE,CUENCA,0.2715274868668432,dry-wet,504,166,207,42,31.18781199163096,0.6160293347302253,1.3466799149382591,-0.2608687729608304
ALACANT/ALICANTE,DAROCA,0.38202131459886346,dry-dry,893,71,176,44,16.76744996030337,3.1443661971830985,2.6241318807671528,0.593643482890974
ALACANT/ALICANTE,DAROCA,0.38202131459886346,wet-wet,173,99,74,51,43.162365406173265,1.2043407043407044,1.181584918251625,0.31396062458776725
ALACANT/ALICANTE,DAROCA,0.38202131459886346,dry-wet,410,120,174,28,26.932534134754633,0.5498084291187739,1.0396348097028074,-0.28932784299022407
ALACANT/ALICANTE,ENCISO,0.5374994382437821,dry-dry,264,15,47,8,3.831739397637933,2.9957446808510637,2.0878246586737035,0.4348814649276579
ALACANT/ALICANTE,ENCISO,0.5374994382437821,dry-wet,115,28,59,11,7.591024579357921,0.7657384987893463,1.4490797500395427,-0.19316429819513334
ALACANT/ALICANTE,EXTREMO,0.8505633689862772,dry-dry,490,59,117,21,9.689539382007357,1.4906562364189482,2.167285685323205,0.20998558738572415
ALACANT/ALICANTE,EXTREMO,0.8505633689862772,wet-wet,104,67,41,23,16.57111631418438,0.8707681106661813,1.3879571879121195,-0.14073482241851387
ALACANT/ALICANTE,EXTREMO,0.8505633689862772,dry-wet,541,113,141,31,25.126816250134297,1.0525952425782965,1.2337416603599476,0.05203647275653017
ALACANT/ALICANTE,FISTERRA,0.9869814597548859,dry-dry,375,31,91,7,7.372553260465117,0.9305210918114144,0.9494675389511376,-0.06410530515665055
ALACANT/ALICANTE,FISTERRA,0.9869814597548859,dry-wet,370,87,114,25,19.154636684144123,0.9326477112321032,1.305167015811611,0.05172855246461486
ALACANT/ALICANTE,GETAFE,0.3850572944039493,dry-dry,847,61,132,29,12.653276160840491,3.050546448087432,2.2918965516416643,0.461256584206126
ALACANT/ALICANTE,GETAFE,0.3850572944039493,wet-wet,172,95,82,53,40.577785020168065,1.1702182284980744,1.3061333922898408,0.2840616219410782
ALACANT/ALICANTE,GETAFE,0.3850572944039493,dry-wet,391,148,143,31,24.45851393492623,0.5727178227178227,1.2674523105728295,-0.24860826991723653
ALACANT/ALICANTE,GUARDA,0.6571957404414749,dry-dry,357,39,62,14,6.41378541958404,2.066997518610422,2.1827983139647906,0.35611618011877566
ALACANT/ALICANTE,GUARDA,0.6571957404414749,dry-wet,212,64,78,20,12.789988541143089,0.8493589743589743,1.5637230585206237,-0.024035903365864728
ALACANT/ALICANTE,LORCA,0.14285873363064877,dry-dry,1438,126,121,61,13.54056659267357,5.753509117145481,4.504981352331698,0.7309400112772946
ALACANT/ALICANTE,LORCA,0.14285873363064877,wet-wet,211,118,129,94,69.267919521713,1.30298252529234,1.35704956420027,0.634361304405348
ALACANT/ALICANTE,LORCA,0.14285873363064877,dry-wet,249,134,97,16,15.07120246815289,0.3065086936451762,1.0616273010604005,-0.5184195694420236
ALACANT/ALICANTE,MONTSERRAT,0.4839024212077362,dry-dry,1106,93,175,46,17.956351498588074,3.126021505376344,2.561767628775647,0.5464272680280428
ALACANT/ALICANTE,MONTSERRAT,0.4839024212077362,wet-wet,180,113,78,56,51.6704092535865,1.143635125936011,1.0837924608873304,0.190002807309584
ALACANT/ALICANTE,MONTSERRAT,0.4839024212077362,dry-wet,422,129,217,35,28.92049310316237,0.5276319079769942,1.2102144965215982,-0.2997176751177061
ALACANT/ALICANTE,OURENSE,0.8386011704741688,dry-dry,641,45,156,15,12.264817114546627,1.3696581196581197,1.223010490895076,0.08540965277660248
ALACANT/ALICANTE,OURENSE,0.8386011704741688,wet-wet,127,85,41,25,22.81313094251238,0.9110473457675753,1.0958601019298222,-0.15437099739758012
ALACANT/ALICANTE,OURENSE,0.8386011704741688,dry-wet,631,166,180,40,32.39898468622896,0.8447121820615796,1.2346065899096468,-0.06141007982626172
ALACANT/ALICANTE,OVIEDO,0.8252213407188747,dry-dry,687,46,204,19,17.64563461458456,1.3909846547314577,1.0767535662500924,0.12373903581839463
ALACANT/ALICANTE,OVIEDO,0.8252213407188747,wet-wet,194,121,62,33,34.70868871690351,0.8533724340175953,0.9507705770494476,-0.21730293766665143
ALACANT/ALICANTE,OVIEDO,0.8252213407188747,dry-wet,700,166,220,33,36.19785103256024,0.6325301204819277,0.9116563292753554,-0.29096993226750545
ALACANT/ALICANTE,PAMPLONA,0.6138643361825086,dry-dry,784,69,187,32,16.347183993835706,1.9443540261954584,1.9575236941155585,0.3341111089584578
ALACANT/ALICANTE,PAMPLONA,0.6138643361825086,wet-wet,157,107,52,34,30.639981980782768,0.9593817397555715,1.1096612269982606,-0.10114316896625188
ALACANT/ALICANTE,PAMPLONA,0.6138643361825086,dry-wet,545,124,228,30,29.96029456530743,0.5783106960950763,1.0013252685018172,-0.2991590019156178
ALACANT/ALICANTE,PONFERRADA,0.7810935427555226,dry-dry,715,57,155,21,12.732939122602906,1.699490662139219,1.64926571923381,0.18805426109556087
ALACANT/ALICANTE,PONFERRADA,0.7810935427555226,wet-wet,113,72,40,24,19.80901207646457,0.9416666666666667,1.2115697596305075,-0.07250328616385097
ALACANT/ALICANTE,PONFERRADA,0.7810935427555226,dry-wet,566,154,172,45,29.17660859817685,0.9615675022651767,1.5423314141730613,0.06468906081868706
ALACANT/ALICANTE,PORTO,0.813632993196391,dry-dry,820,82,177,15,14.160676708118933,0.847457627118644,1.0592714111889756,-0.10119359482391913
ALACANT/ALICANTE,PORTO,0.813632993196391,wet-wet,101,63,42,22,19.867302375291985,0.8397581254724111,1.107347116605038,-0.21865219660919802
ALACANT/ALICANTE,PORTO,0.813632993196391,dry-wet,708,197,212,60,39.27718982109619,1.0171439517287617,1.5276041965653402,0.15873541984185338
ALACANT/ALICANTE,SORIA,0.49503674472303477,dry-dry,692,57,167,24,14.776071191834369,1.7447210841474945,1.6242477237970407,0.2611643562193193
ALACANT/ALICANTE,SORIA,0.49503674472303477,wet-wet,172,102,75,52,35.675715083497494,1.1691503267973857,1.4575741475201327,0.2989976383179718
ALACANT/ALICANTE,SORIA,0.49503674472303477,dry-wet,510,144,174,30,29.841546650467873,0.610632183908046,1.0053098236290525,-0.2724845720706279
ALACANT/ALICANTE,TARIFA,0.5493210824679542,dry-dry,968,65,113,15,10.773399878811093,1.976855003403676,1.3923181325053848,0.23353936514533813
ALACANT/ALICANTE,TARIFA,0.5493210824679542,wet-wet,147,78,66,36,31.94891282712112,1.027972027972028,1.126798905327381,0.0424019544656107
ALACANT/ALICANTE,TARIFA,0.5493210824679542,dry-wet,379,156,118,19,20.255116938184585,0.39118861364624075,0.9380345745712056,-0.4048800718685672
ALACANT/ALICANTE,TAVIRA,0.6475272711192898,dry-dry,464,44,44,6,4.502622940790834,1.43801652892562,1.3325566184198778,0.1460878094808385
ALACANT/ALICANTE,TAVIRA,0.6475272711192898,dry-wet,197,99,49,19,12.324767044998858,0.7715934858792002,1.5416112881184085,-0.08082220125198282
ALACANT/ALICANTE,TORREVIEJA,0.05710930357064892,dry-dry,1244,130,96,74,9.967782953931039,7.376282051282051,7.423917669757876,0.8849493874728706
ALACANT/ALICANTE,TORREVIEJA,0.05710930357064892,wet-wet,203,108,130,98,73.7062214831679,1.4169515669515669,1.329602820874219,0.8137655630450814
ALACANT/ALICANTE,TORREVIEJA,0.05710930357064892,dry-wet,163,101,56,11,8.422436458728445,0.317008486562942,1.3060353798929931,-0.5352340333181049
ALACANT/ALICANTE,VALENCIA,0.1513896629727109,dry-dry,1077,99,114,54,12.75682669600231,5.15311004784689,4.233027639775206,0.743184351987285
ALACANT/ALICANTE,VALENCIA,0.1513896629727109,wet-wet,233,125,105,89,65.76611502303555,1.5799619047619047,1.3532804844687334,0.7716853425078775
ALACANT/ALICANTE,VALENCIA,0.1513896629727109,dry-wet,214,91,107,14,13.237656251050215,0.3076923076923077,1.0575890274299353,-0.45908577286573343
ALACANT/ALICANTE,VANDELLOS,0.37190724161817185,dry-dry,1085,87,132,45,13.816972893380752,4.251567398119122,3.2568638838075734,0.6562863930348797
ALACANT/ALICANTE,VANDELLOS,0.37190724161817185,wet-wet,142,86,86,59,47.18833952930509,1.1327744726879394,1.2503088811455123,0.3092197666407658
ALACANT/ALICANTE,VANDELLOS,0.37190724161817185,dry-wet,296,113,140,27,20.151808997026542,0.5051833122629583,1.3398300869159652,-0.27714224558408923
ALACANT/ALICANTE,VIMIANZO,0.982146198608166,dry-dry,799,73,200,21,17.7089883521759,1.1492465753424657,1.1858384896063097,0.0398945657048939
ALACANT/ALICANTE,VIMIANZO,0.982146198608166,wet-wet,180,117,50,24,25.862650127662597,0.7384615384615385,0.9279791468210633,-0.3282870025354503
ALACANT/ALICANTE,VIMIANZO,0.982146198608166,dry-wet,1057,215,239,53,47.81607482174545,1.0902208815802277,1.108413858677857,0.022797607333442917
ALACANT/ALICANTE,ZAMORA,0.6265980123945956,dry-dry,1002,76,190,30,15.92670564945827,2.081717451523546,1.8836287089301746,0.25770937949912887
ALACANT/ALICANTE,ZAMORA,0.6265980123945956,wet-wet,154,83,78,39,34.46097090139668,0.927710843373494,1.13171506721592,-0.11769741791960484
ALACANT/ALICANTE,ZAMORA,0.6265980123945956,dry-wet,540,179,197,40,32.43843287586405,0.6125400561495051,1.233105192013211,-0.1826669282056911
ALMEIDINHA,AMARANTE,0.12273554912455735,dry-dry,821,106,163,82,23.506716496393427,3.8964000463016553,3.488364698344026,0.8123518538151813
ALMEIDINHA,AMARANTE,0.12273554912455735,wet-wet,408,152,105,81,52.37449134259275,2.0706766917293233,1.5465543993575361,0.7161927268503097
ALMEIDINHA,AMARANTE,0.12273554912455735,dry-wet,278,117,124,20,19.454697397059537,0.3832368348497381,1.0280293541354635,-0.463370350367364
ALMEIDINHA,ARANJUEZ,0.3211217713699551,dry-dry,457,69,65,25,10.967874283223185,2.5473801560758083,2.279384259376569,0.46791510929763525
ALMEIDINHA,ARANJUEZ,0.3211217713699551,wet-wet,130,31,66,21,26.165357212862887,1.3343108504398826,0.8025879344645982,0.3327290703980255
ALMEIDINHA,ARANJUEZ,0.3211217713699551,dry-wet,231,115,80,27,18.124739342051285,0.6779347826086957,1.489676595643899,-0.24632672368020916
ALMEIDINHA,BARCELOS,0.18155012267780263,dry-dry,799,107,164,73,22.003224849158116,3.323854570321404,3.317695496930447,0.7009782628719492
ALMEIDINHA,BARCELOS,0.18155012267780263,wet-wet,379,137,113,73,48.10812126090533,1.7871584522963633,1.5174153154744552,0.575844120463164
ALMEIDINHA,BARCELOS,0.18155012267780263,dry-wet,332,133,125,14,22.011686314943066,0.27957894736842104,0.6360257819272949,-0.5581076216461791
ALMEIDINHA,BEJA,0.3566288718791259,dry-dry,838,91,117,26,16.104797820812752,2.0463980463980462,1.6144257313432,0.2346255592075459
ALMEIDINHA,BEJA,0.3566288718791259,wet-wet,235,43,102,31,41.14263569318996,1.6609667122663019,0.7534762777760299,0.41502495683437857
ALMEIDINHA,BEJA,0.3566288718791259,dry-wet,409,237,129,58,29.688927042764085,0.7759133876296078,1.9535903037673439,-0.15557121995320444
ALMEIDINHA,BRAGANCA,0.1674069033869147,dry-dry,803,48,140,21,18.849557474407682,2.509375,1.1140845098624732,0.21451747095271026
ALMEIDINHA,BRAGANCA,0.1674069033869147,wet-wet,283,45,101,29,42.26399604311131,1.8057205720572058,0.6861632291092069,0.385868107409043
ALMEIDINHA,BRAGANCA,0.1674069033869147,dry-wet,402,282,151,95,33.34193144110718,0.8968578272509511,2.849265051360365,-0.018572643067827847
ALMEIDINHA,CADIZ,0.5638838245496208,dry-dry,590,74,47,17,9.012417271892518,2.8838412880966073,1.8862863854538516,0.47543911538944006
ALMEIDINHA,CADIZ,0.5638838245496208,wet-wet,125,21,63,16,23.38541919100211,1.5117157974300832,0.6841870085508768,0.2807981454800478
ALMEIDINHA,CADIZ,0.5638838245496208,dry-wet,233,133,51,17,14.320494762997438,0.5839598997493735,1.1871098227643715,-0.33730485698298107
ALMEIDINHA,CAMPDEVANOL,0.8409585597165793,dry-dry,559,87,105,30,18.524558961563873,1.8357963875205254,1.6194717543476325,0.33972433897693866
ALMEIDINHA,CAMPDEVANOL,0.8409585597165793,wet-wet,184,71,83,42,33.22641149580991,1.3113863906329544,1.2640546513816726,0.35508009971912
ALMEIDINHA,CAMPDEVANOL,0.8409585597165793,dry-wet,401,116,162,34,31.450624100329648,0.7255214985100042,1.0810596283093674,-0.1990772044664419
ALMEIDINHA,CAMPI,0.09574976331735373,dry-dry,777,109,157,85,21.93692804613604,3.8593466954946534,3.8747448968804847,0.8012649554375757
ALMEIDINHA,CAMPI,0.09574976331735373,wet-wet,364,139,103,79,45.25564324767198,2.0085213382691904,1.7456386503591212,0.7417681876530232
ALMEIDINHA,CAMPI,0.09574976331735373,dry-wet,235,96,106,12,15.52524709542913,0.27712264150943394,0.7729345579004011,-0.5533871840214792
ALMEIDINHA,CUENCA,0.442223534195703,dry-dry,705,80,124,41,18.62772814164943,2.9138104838709675,2.2010198822007054,0.5184454108691674
ALMEIDINHA,CUENCA,0.442223534195703,wet-wet,243,72,109,50,41.251502189516245,1.548165137614679,1.2120770722552527,0.4874887283798493
ALMEIDINHA,CUENCA,0.442223534195703,dry-wet,331,157,128,36,25.579874927263216,0.5929538216560509,1.4073563730224083,-0.29366185102615344
ALMEIDINHA,DAROCA,0.5040920060275275,dry-dry,503,71,96,32,15.336218083545733,2.3615023474178405,2.0865639641844216,0.4869103776830489
ALMEIDINHA,DAROCA,0.5040920060275275,wet-wet,147,54,76,32,27.503908457256344,1.1461988304093567,1.1634710044839993,0.16117731027926754
ALMEIDINHA,DAROCA,0.5040920060275275,dry-wet,312,130,122,34,24.280548213604007,0.6688524590163935,1.4002978722263915,-0.24019515188130355
ALMEIDINHA,EXTREMO,0.21912319875388883,dry-dry,752,90,152,55,21.36859826105846,3.0233918128654973,2.573870280496146,0.6017625319655105
ALMEIDINHA,EXTREMO,0.21912319875388883,wet-wet,379,137,93,58,42.06639298971412,1.7252962875755435,1.3787728368862502,0.4959811745877737
ALMEIDINHA,EXTREMO,0.21912319875388883,dry-wet,396,155,150,28,24.676077820949203,0.4769032258064516,1.1347022084777547,-0.3795232089165779
ALMEIDINHA,GETAFE,0.3002415281416156,dry-dry,518,62,71,25,11.302248107662713,2.9418446160835985,2.2119493185652566,0.4887703934613399
ALMEIDINHA,GETAFE,0.3002415281416156,wet-wet,173,30,79,21,30.321452556316007,1.5329113924050632,0.6925789574558382,0.29609971715635386
ALMEIDINHA,GETAFE,0.3002415281416156,dry-wet,251,145,77,25,18.275665190912047,0.5620241827138379,1.3679392645271138,-0.3228096630287227
ALMEIDINHA,GUARDA,0.012879133335799167,dry-dry,752,115,116,93,19.997298643301075,5.242578710644677,4.650628150275398,0.9330470036446634
ALMEIDINHA,GUARDA,0.012879133335799167,wet-wet,273,101,106,83,41.070486128616885,2.116476742013824,2.0209159380309276,0.8587809023489236
ALMEIDINHA,GUARDA,0.012879133335799167,dry-wet,114,63,58,15,9.31654830204308,0.46798029556650245,1.6100383439981267,-0.3637322076871009
ALMEIDINHA,HUELVA,0.4558191737082425,dry-dry,151,23,11,4,2.4358551125419297,2.3873517786561265,1.642133794988246,0.35223092727951893
ALMEIDINHA,LORCA,0.62187903546678,dry-dry,686,125,61,16,9.57463095987306,1.4394754098360656,1.6710826837144361,0.1561211721939274
ALMEIDINHA,LORCA,0.62187903546678,dry-wet,449,146,110,26,23.270784983663816,0.7268991282689913,1.1172807457183804,-0.08085613517941591
ALMEIDINHA,MONTSERRAT,0.7943981610586509,dry-dry,634,93,84,24,15.59058693908032,1.9477726574500769,1.5393904086984775,0.35873202351628247
ALMEIDINHA,MONTSERRAT,0.7943981610586509,wet-wet,139,52,76,33,29.49114312049209,1.1606781376518218,1.1189800227536708,0.23088187719160547
ALMEIDINHA,MONTSERRAT,0.7943981610586509,dry-wet,375,125,139,28,27.104814613694224,0.60431654676259,1.0330268035057322,-0.2924590287725675
ALMEIDINHA,OURENSE,0.2435455048033554,dry-dry,426,33,89,18,12.321709225273974,2.6108273748723185,1.4608362907216526,0.3604747878705616
ALMEIDINHA,OURENSE,0.2435455048033554,wet-wet,212,48,59,20,28.04010778455644,1.497175141242938,0.713264020012624,0.32864866183301555
ALMEIDINHA,OURENSE,0.2435455048033554,dry-wet,299,175,118,51,22.265477405514794,0.7384503631961259,2.290541499342302,-0.12432951823003989
ALMEIDINHA,OVIEDO,0.3908015888344242,dry-dry,479,57,141,30,18.510885718512068,1.7879805897723031,1.6206679926719056,0.3328327764381691
ALMEIDINHA,OVIEDO,0.3908015888344242,wet-wet,268,89,82,39,35.328927158311544,1.4321731981364758,1.1039112460233538,0.335962702598283
ALMEIDINHA,OVIEDO,0.3908015888344242,dry-wet,414,143,163,33,28.931506246127686,0.586125530910807,1.14062502378067,-0.3077223255338441
ALMEIDINHA,PAMPLONA,0.5666045144360723,dry-dry,223,34,53,16,7.730096754787583,1.9800221975582686,2.0698317896332292,0.39595866166514504
ALMEIDINHA,PAMPLONA,0.5666045144360723,wet-wet,127,40,40,16,18.30312945258534,1.27,0.8741674499679606,0.26021688210078064
ALMEIDINHA,PAMPLONA,0.5666045144360723,dry-wet,221,71,91,21,16.10241674290084,0.7183098591549296,1.304152062097038,-0.20305450905991665
ALMEIDINHA,PONFERRADA,0.27155843653758494,dry-dry,405,30,84,19,11.068508057227671,3.0535714285714284,1.716581846601549,0.4094720644879935
ALMEIDINHA,PONFERRADA,0.27155843653758494,wet-wet,184,39,63,24,23.73901541208579,1.7973137973137974,1.0109939095360012,0.4080295832057077
ALMEIDINHA,PONFERRADA,0.27155843653758494,dry-wet,247,153,93,45,18.06349018341762,0.7811511701454775,2.491212913067611,-0.08392133990392632
ALMEIDINHA,PORTO,0.16025033210091358,dry-dry,762,41,151,7,18.77572943463591,0.8615732514941044,0.3728217337371181,-0.23618414435857918
ALMEIDINHA,PORTO,0.16025033210091358,wet-wet,274,55,98,31,36.160476840330674,1.5758812615955473,0.857289579915742,0.255673581834007
ALMEIDINHA,PORTO,0.16025033210091358,dry-wet,478,282,164,85,35.94863401025646,0.878524476734129,2.364484836217942,-0.041847229119822665
ALMEIDINHA,SORIA,0.43600919255387915,dry-dry,453,54,89,32,13.998471520214201,3.016229712858926,2.2859638606822945,0.6171735883361688
ALMEIDINHA,SORIA,0.43600919255387915,wet-wet,198,52,72,36,30.490137241190784,1.9038461538461537,1.1807096739258243,0.6074518756531953
ALMEIDINHA,SORIA,0.43600919255387915,dry-wet,269,148,113,51,21.83653249522289,0.8203181057163358,2.3355356447346716,-0.055784403745117186
ALMEIDINHA,TARIFA,0.6390090811114342,dry-dry,476,68,49,19,8.121705236952282,2.7142857142857144,2.3394101910462664,0.471157586886958
ALMEIDINHA,TARIFA,0.6390090811114342,wet-wet,135,28,59,14,21.7491513002849,1.1440677966101696,0.643703278656975,0.06889525584085043
ALMEIDINHA,TARIFA,0.6390090811114342,dry-wet,250,118,67,21,14.689059327972306,0.6640526182646092,1.429635453919762,-0.21934941534276228
ALMEIDINHA,TAVIRA,0.4767871520870836,dry-dry,687,96,49,13,9.253369993934559,1.8985969387755102,1.4048935694261981,0.2593478068873064
ALMEIDINHA,TAVIRA,0.4767871520870836,wet-wet,105,17,61,11,21.916535531921266,1.1137897782063646,0.5019041437447349,-0.02019304377996967
ALMEIDINHA,TAVIRA,0.4767871520870836,dry-wet,345,172,90,38,21.496984332709246,0.8468992248062015,1.767689802991585,-0.10671476239649084
ALMEIDINHA,TORREVIEJA,0.664537414633144,dry-dry,887,155,64,16,10.277442168979036,1.4306451612903226,1.5568075924857716,0.13835323314533066
ALMEIDINHA,TORREVIEJA,0.664537414633144,dry-wet,483,174,114,25,22.394706310556266,0.6087416817906836,1.1163352469693102,-0.21515458369389162
ALMEIDINHA,VALENCIA,0.6096675360795282,dry-dry,487,63,51,14,8.595869127738958,2.122004357298475,1.6286892915600422,0.3437884573230431
ALMEIDINHA,VALENCIA,0.6096675360795282,dry-wet,279,107,77,21,17.010096318319086,0.7111299915038233,1.2345609105919038,-0.1624296296945765
ALMEIDINHA,VANDELLOS,0.7000052061225858,dry-dry,678,114,87,36,13.169146674211394,2.4609800362976406,2.7336623162150167,0.4613321613748385
ALMEIDINHA,VANDELLOS,0.7000052061225858,wet-wet,115,42,74,29,28.74023749464614,1.0730373230373231,1.0090382866669856,0.1284511766864178
ALMEIDINHA,VANDELLOS,0.7000052061225858,dry-wet,356,136,115,28,23.265462896270755,0.6373401534526855,1.2035006621118272,-0.23767193727490546
ALMEIDINHA,VIMIANZO,0.3743031747072173,dry-dry,532,47,140,18,18.383565470181246,1.4553191489361703,0.9791354146831092,0.11887543668268968
ALMEIDINHA,VIMIANZO,0.3743031747072173,wet-wet,330,104,72,30,32.6587348422624,1.3221153846153846,0.9185903907452706,0.22214929745836073
ALMEIDINHA,VIMIANZO,0.3743031747072173,dry-wet,501,200,156,44,30.023916165110947,0.7065384615384616,1.4654983633057785,-0.1890656758613657
ALMEIDINHA,ZAMORA,0.1742940890469591,dry-dry,529,42,80,19,12.320174903851399,2.9913690476190475,1.5421858981937364,0.3920115740510776
ALMEIDINHA,ZAMORA,0.1742940890469591,wet-wet,187,30,76,25,30.503136569960567,2.050438596491228,0.8195878460780965,0.5248075150962006
ALMEIDINHA,ZAMORA,0.1742940890469591,dry-wet,272,179,98,54,21.648582706129368,0.8373047543039562,2.494389620467439,-0.05782066471017203
AMARANTE,ARANJUEZ,0.42751185371600214,dry-dry,471,101,60,27,12.537440525301577,2.0985148514851484,2.153549597743798,0.38559956721433025
AMARANTE,ARANJUEZ,0.42751185371600214,wet-wet,173,31,88,18,28.85421513799551,1.1414956011730206,0.623825666853694,0.14266024859037757
AMARANTE,ARANJUEZ,0.42751185371600214,dry-wet,361,137,106,27,23.52579070780525,0.6711885415232062,1.1476766215998895,-0.26134723435329876
AMARANTE,BARCELOS,0.05963808078565448,dry-dry,978,182,196,144,31.51633857697126,3.9479703969499886,4.569058669309374,0.8886359840107553
AMARANTE,BARCELOS,0.05963808078565448,wet-wet,641,182,200,141,68.77924344851091,2.4829945054945055,2.0500370886683936,0.8277347067441992
AMARANTE,BARCELOS,0.05963808078565448,dry-wet,232,119,102,16,16.73106596422065,0.30581644422474874,0.9563048782555735,-0.5085869428627896
AMARANTE,BEJA,0.44242764326121664,dry-dry,888,141,113,29,19.007664254527604,1.6162681227640745,1.5257003496940573,0.20753897615130945
AMARANTE,BEJA,0.44242764326121664,wet-wet,327,50,137,29,47.28454367550485,1.3843795620437955,0.6133082344838844,0.2849619899091142
AMARANTE,BEJA,0.44242764326121664,dry-wet,596,284,170,63,36.7261495679605,0.7777133388566694,1.7153989933908163,-0.16642058146115707
AMARANTE,BRAGANCA,0.13673884086947732,dry-dry,880,93,144,42,22.326319287393844,2.759856630824373,1.881187824081444,0.4148382567958087
AMARANTE,BRAGANCA,0.13673884086947732,wet-wet,435,39,156,22,54.9085444479522,1.5729783037475344,0.4006662391288444,0.2780802737929346
AMARANTE,BRAGANCA,0.13673884086947732,dry-wet,509,343,175,105,39.402797675015506,0.8903790087463557,2.6647854009254353,-0.04472944292121814
AMARANTE,CADIZ,0.6689776080668476,dry-dry,617,118,56,25,10.893936409879725,2.3342917675544794,2.2948545924435053,0.3882394762936574
AMARANTE,CADIZ,0.6689776080668476,wet-wet,184,33,89,26,28.439561922818548,1.6288729996595166,0.9142194268167978,0.44732194619234117
AMARANTE,CADIZ,0.6689776080668476,dry-wet,394,159,69,16,18.86450933704305,0.5746057788715705,0.8481535201438718,-0.3430318459276556
AMARANTE,CAMPDEVANOL,0.9027889425937078,dry-dry,548,108,101,30,20.695329831513625,1.507150715071507,1.4496024100238196,0.25101312405136
AMARANTE,CAMPDEVANOL,0.9027889425937078,wet-wet,264,87,113,42,39.7433804939124,1.1278608483368935,1.056779757485231,0.13729939017084813
AMARANTE,CAMPDEVANOL,0.9027889425937078,dry-wet,548,150,207,45,42.04143542730945,0.7942028985507247,1.0703725870113538,-0.16425899595142587
AMARANTE,CAMPI,0.08144949484159086,dry-dry,786,158,149,121,25.61989016743481,4.039843683629258,4.7228930026328495,0.901096956523735
AMARANTE,CAMPI,0.08144949484159086,wet-wet,463,146,143,113,48.900322051304315,2.5059392662132387,2.3108232269195446,0.8772060456445575
AMARANTE,CAMPI,0.08144949484159086,dry-wet,148,69,78,9,10.492031644939402,0.24749163879598662,0.8577938291237379,-0.5655572982895735
AMARANTE,CUENCA,0.5435608566686928,dry-dry,719,123,114,45,20.465305776639166,2.3074454428754816,2.1988432760856575,0.44632525353055696
AMARANTE,CUENCA,0.5435608566686928,wet-wet,312,61,145,34,44.38921797597922,1.1993216506500848,0.7659517682514424,0.12079112451565836
AMARANTE,CUENCA,0.5435608566686928,dry-wet,505,213,165,46,35.42505163867602,0.6609759567506046,1.2985161029314793,-0.24844671837255133
AMARANTE,DAROCA,0.5816240670524255,dry-dry,533,102,96,35,17.794310739126722,1.9051266339869282,1.9669208048076197,0.39972458573398584
AMARANTE,DAROCA,0.5816240670524255,wet-wet,210,51,114,34,32.87580108852937,1.2280701754385965,1.0341953313454884,0.1731908566140872
AMARANTE,DAROCA,0.5816240670524255,dry-wet,456,169,151,43,32.28696266004613,0.7683686664837964,1.3318069108188626,-0.18269925187151284
AMARANTE,EXTREMO,0.10028796594422176,dry-dry,854,145,175,109,28.10544219357441,3.6684137931034484,3.8782524483788428,0.8015052080843291
AMARANTE,EXTREMO,0.10028796594422176,wet-wet,613,168,144,99,56.88921288196707,2.5085565476190474,1.7402244640895945,0.7455030055302482
AMARANTE,EXTREMO,0.10028796594422176,dry-wet,292,146,130,30,20.161689472813258,0.46153846153846156,1.4879705413801294,-0.3661825064042451
AMARANTE,FISTERRA,0.2493581455877165,dry-dry,132,6,19,0,4.1534431793101065,0.0,0.0,-0.9934102661079421
AMARANTE,FISTERRA,0.2493581455877165,dry-wet,111,60,45,19,8.970604797337492,0.7811111111111111,2.118028876452039,-0.1413050893097024
AMARANTE,GETAFE,0.40186222901811963,dry-dry,576,92,70,25,13.796837775652762,2.2360248447204967,1.8120094188624458,0.41089376907837916
AMARANTE,GETAFE,0.40186222901811963,wet-wet,232,38,106,23,33.536537529940745,1.3247269116186693,0.6858191600568802,0.19759705003828096
AMARANTE,GETAFE,0.40186222901811963,dry-wet,372,161,104,21,22.95661914362979,0.4665551839464883,0.914768845909406,-0.3972163074647799
AMARANTE,GUARDA,0.1247050741330204,dry-dry,657,126,83,59,18.911196172867168,3.706540447504303,3.119844956431166,0.7580566566223256
AMARANTE,GUARDA,0.1247050741330204,wet-wet,270,73,103,56,33.17598431629193,2.0109057055459503,1.6879680031829452,0.6867218109941958
AMARANTE,GUARDA,0.1247050741330204,dry-wet,212,97,91,17,14.387815816313807,0.4082927381896454,1.1815552976932284,-0.4235604970333676
AMARANTE,HUELVA,0.5555134304663756,dry-dry,130,26,11,5,2.2798576183960053,2.272727272727273,2.1931194122191506,0.44897407851496945
AMARANTE,HUELVA,0.5555134304663756,dry-wet,106,42,21,8,5.185540209795168,0.9614512471655329,1.5427515121546043,0.03247113243986259
AMARANTE,LORCA,0.743650385162144,dry-dry,689,150,63,22,10.782419906557239,1.6040211640211641,2.0403583045973646,0.20971294520909117
AMARANTE,LORCA,0.743650385162144,dry-wet,645,184,131,40,29.517052480401837,1.0703617656820446,1.3551488593435415,0.08033433314702727
AMARANTE,MONTSERRAT,0.8659272353040036,dry-dry,640,128,80,28,17.868175036771078,1.75,1.56703188447497,0.27933599741667614
AMARANTE,MONTSERRAT,0.8659272353040036,wet-wet,178,57,112,40,31.877088055912076,1.1152882205513786,1.254819760507623,0.16280934171876546
AMARANTE,MONTSERRAT,0.8659272353040036,dry-wet,517,162,162,39,34.24097372661038,0.7682898948331047,1.138986300780668,-0.19329725323038707
AMARANTE,OURENSE,0.1449565790625715,dry-dry,510,42,90,25,14.955263176904719,3.373015873015873,1.671652294197489,0.4880792869238177
AMARANTE,OURENSE,0.1449565790625715,wet-wet,363,39,93,14,39.14961465959982,1.401157981803143,0.3576024980508226,0.3037779232381388
AMARANTE,OURENSE,0.1449565790625715,dry-wet,347,252,144,85,27.08854530980654,0.8128031305114638,3.1378576822000284,-0.002590258481142658
AMARANTE,OVIEDO,0.34246519327302993,dry-dry,517,63,136,33,22.04408712328044,1.9912464985994398,1.4970000715134708,0.3639320920444144
AMARANTE,OVIEDO,0.34246519327302993,wet-wet,396,95,134,43,42.94406199470706,1.3376276512175962,1.0013025783471492,0.20401079052156385
AMARANTE,OVIEDO,0.34246519327302993,dry-wet,496,207,203,61,38.10204225069278,0.7200209419099974,1.6009640532822327,-0.2000541732479379
AMARANTE,PAMPLONA,0.5996423145961836,dry-dry,314,61,67,28,12.350164372832918,2.1512111573281136,2.2671763026565515,0.48678372149739896
AMARANTE,PAMPLONA,0.5996423145961836,wet-wet,251,63,94,33,30.06097236305164,1.3986828774062816,1.097768881240873,0.29001245581823426
AMARANTE,PAMPLONA,0.5996423145961836,dry-wet,287,105,109,24,21.245439470407607,0.6018348623853211,1.1296542033611106,-0.2973370498195433
AMARANTE,PONFERRADA,0.21803657893266967,dry-dry,474,41,83,16,13.241681271381726,2.228621804290332,1.208305778706487,0.25661700819246985
AMARANTE,PONFERRADA,0.21803657893266967,wet-wet,285,27,92,14,30.382068235168248,1.606280193236715,0.46079812248576735,0.20294434615917248
AMARANTE,PONFERRADA,0.21803657893266967,dry-wet,316,224,126,66,23.878635324370478,0.7389455782312925,2.7639770490837288,-0.09883188763909478
AMARANTE,PORTO,0.053395469373533455,dry-dry,871,46,160,19,22.55197796437879,2.248505434782609,0.8424981626893572,0.08231773548488229
AMARANTE,PORTO,0.053395469373533455,wet-wet,453,31,149,15,50.27533108900652,1.4710976401818576,0.29835706051232713,0.13773483180063328
AMARANTE,PORTO,0.053395469373533455,dry-wet,549,414,202,148,43.86698257407505,0.9715884631941455,3.373835885567988,0.06253949232786524
AMARANTE,SORIA,0.49241913502285073,dry-dry,521,88,98,48,17.63461937683185,2.8998144712430425,2.721918685869785,0.6721322012876605
AMARANTE,SORIA,0.49241913502285073,wet-wet,288,55,116,35,36.92905493459014,1.5799373040752351,0.9477632195568789,0.3496021761238502
AMARANTE,SORIA,0.49241913502285073,dry-wet,337,166,134,43,26.146752966744966,0.6514565725588923,1.6445636693278902,-0.21596213090518226
AMARANTE,TARIFA,0.7479390967867101,dry-dry,518,95,51,20,9.733062528745238,2.1382868937048505,2.0548516914314274,0.37140940081505364
AMARANTE,TARIFA,0.7479390967867101,wet-wet,180,41,77,21,24.19645806571615,1.1973392461197339,0.8678956210435941,0.1603338796807961
AMARANTE,TARIFA,0.7479390967867101,dry-wet,391,150,81,20,19.270302903249938,0.6436213991769547,1.0378664051319608,-0.27064343090272225
AMARANTE,TAVIRA,0.5670993036397277,dry-dry,596,110,41,12,8.855821803736362,1.5858093126385808,1.355040815629,0.19738021419355684
AMARANTE,TAVIRA,0.5670993036397277,wet-wet,113,15,59,9,19.185653199204225,1.1491525423728814,0.4691005256142803,0.15459547247814343
AMARANTE,TAVIRA,0.5670993036397277,dry-wet,415,172,97,40,20.80142939166004,0.9949652361543995,1.9229447768640977,-0.0167143178273
AMARANTE,TORREVIEJA,0.7834859559219466,dry-dry,924,193,72,19,12.049676202665829,1.2633851468048358,1.5768058560608047,0.07152358531146435
AMARANTE,TORREVIEJA,0.7834859559219466,wet-wet,100,35,70,26,22.779556001712937,1.0612244897959184,1.141374309404665,0.1263588097842756
AMARANTE,TORREVIEJA,0.7834859559219466,dry-wet,739,218,140,35,29.306662484627626,0.8474770642201835,1.1942676863446573,-0.08846294196319615
AMARANTE,VALENCIA,0.7151618291735352,dry-dry,527,99,61,20,10.539151363998617,1.7453220731909256,1.8976860004420586,0.27525454646696623
AMARANTE,VALENCIA,0.7151618291735352,wet-wet,121,36,71,23,21.587152810795562,1.088810641627543,1.0654485193850058,0.11521448212339565
AMARANTE,VALENCIA,0.7151618291735352,dry-wet,438,125,100,23,23.063874920072998,0.80592,0.9972305208775909,-0.06521665593864327
AMARANTE,VANDELLOS,0.7814961072152424,dry-dry,690,147,75,26,15.17969556521207,1.6272108843537414,1.712814324128164,0.23732682530280402
AMARANTE,VANDELLOS,0.7814961072152424,wet-wet,157,47,99,34,32.313806463567246,1.147216849344509,1.052181829408859,0.24050844773441302
AMARANTE,VANDELLOS,0.7814961072152424,dry-wet,513,161,145,27,28.518508716848867,0.5933176269008353,0.9467535721476303,-0.3337905122247291
AMARANTE,VIMIANZO,0.2580404822439067,dry-dry,625,53,151,23,23.668252305689684,1.7962014244658253,0.9717658787366805,0.19433554620931046
AMARANTE,VIMIANZO,0.2580404822439067,wet-wet,553,122,107,43,44.796660112130034,1.8215872529492876,0.9598929896194753,0.3952610755688293
AMARANTE,VIMIANZO,0.2580404822439067,dry-wet,511,279,171,70,33.948098193815895,0.7497537152319269,2.0619711773059337,-0.15137348195442457
AMARANTE,ZAMORA,0.20648632666523262,dry-dry,580,84,89,37,14.974940858866859,2.8705189941144997,2.4707943990370964,0.5237775642543728
AMARANTE,ZAMORA,0.20648632666523262,wet-wet,282,34,120,24,38.113979993738326,1.6588235294117648,0.6296902082632911,0.2854431438169811
AMARANTE,ZAMORA,0.20648632666523262,dry-wet,381,207,125,54,27.375758737833173,0.7951304347826087,1.9725480676950973,-0.12407488587509583
ARANJUEZ,BARCELOS,0.48561569122587256,dry-dry,459,62,102,25,11.943337090675179,1.814516129032258,2.0932173152442357,0.2882381594032511
ARANJUEZ,BARCELOS,0.48561569122587256,wet-wet,166,89,36,21,27.432231297428288,1.0880149812734083,0.7655228542043062,0.10185489619763072
ARANJUEZ,BARCELOS,0.48561569122587256,dry-wet,379,102,135,19,23.435245265704133,0.5229484386347132,0.8107446619218955,-0.3654129882992795
ARANJUEZ,BEARIZ,0.5268778566066761,dry-dry,531,54,93,20,13.261304781651702,2.1146953405017923,1.508147224522879,0.33830854561480106
ARANJUEZ,BEARIZ,0.5268778566066761,wet-wet,187,90,49,27,26.9150282781087,1.1448979591836734,1.0031570363223588,0.14042494391041377
ARANJUEZ,BEARIZ,0.5268778566066761,dry-wet,382,115,118,20,22.512274044159824,0.5630066322770818,0.8884042527542186,-0.34827825194470075
ARANJUEZ,BEJA,0.46859709323553483,dry-dry,880,106,122,51,17.451790980461077,3.4704608722548715,2.9223361692275196,0.5899006510580754
ARANJUEZ,BEJA,0.46859709323553483,wet-wet,202,77,96,53,46.56169054409427,1.4483225108225108,1.1382748216542653,0.46222701183189485
ARANJUEZ,BEJA,0.46859709323553483,dry-wet,315,164,110,37,25.23496025900274,0.6460643015521065,1.4662198640396116,-0.2504538005152131
ARANJUEZ,BRAGANCA,0.36581444188565804,dry-dry,772,78,150,45,18.982266814743927,2.9692307692307693,2.370633625539788,0.5370604331748926
ARANJUEZ,BRAGANCA,0.36581444188565804,wet-wet,231,103,81,47,46.154756837806104,1.3013304566702626,1.0183132405000896,0.3476410270965479
ARANJUEZ,BRAGANCA,0.36581444188565804,dry-wet,389,164,150,39,30.31636880895134,0.6167073170731707,1.2864337495618767,-0.2760819434376668
ARANJUEZ,CADIZ,0.5406486192633485,dry-dry,992,132,99,63,16.297843627722273,4.78236914600551,3.8655420581431024,0.73708617370248
ARANJUEZ,CADIZ,0.5406486192633485,wet-wet,230,93,100,55,55.56773634923181,1.3602150537634408,0.9897829858379744,0.411531149768925
ARANJUEZ,CADIZ,0.5406486192633485,dry-wet,265,146,85,17,20.37350802210014,0.363013698630137,0.8344169291591448,-0.48904864518493185
ARANJUEZ,CAMPDEVANOL,0.5786683445077687,dry-dry,751,105,169,56,24.472213022791642,2.3700197238658776,2.2883096002738155,0.4930985221446401
ARANJUEZ,CAMPDEVANOL,0.5786683445077687,wet-wet,263,133,96,68,61.0197229754671,1.4006892230576442,1.11439378424152,0.46661036116550747
ARANJUEZ,CAMPDEVANOL,0.5786683445077687,dry-wet,465,141,230,56,41.243609624907606,0.8029602220166513,1.3577861033332252,-0.15874332078478853
ARANJUEZ,CAMPI,0.41639195640515503,dry-dry,336,43,72,19,8.753240276523588,2.062015503875969,2.1706247514944246,0.34920312952402205
ARANJUEZ,CAMPI,0.41639195640515503,wet-wet,111,56,23,15,17.597073440365932,1.2927018633540373,0.8524144682826348,0.2847259975677951
ARANJUEZ,CAMPI,0.41639195640515503,dry-wet,237,67,92,17,14.727864636231246,0.6536340038935756,1.1542745958011587,-0.26230920156958787
ARANJUEZ,CUENCA,0.12341818181818187,dry-dry,965,138,186,105,27.42782337627206,3.947522206638616,3.8282294063055695,0.820299712490494
ARANJUEZ,CUENCA,0.12341818181818187,wet-wet,389,186,128,106,85.01763638909111,1.7319388440860215,1.2468001287977608,0.729198893761117
ARANJUEZ,CUENCA,0.12341818181818187,dry-wet,289,111,163,27,25.641011668511045,0.43127176256010613,1.0530005738095696,-0.45507122174556824
ARANJUEZ,DAROCA,0.23474509833546878,dry-dry,827,105,153,62,23.115077291549348,3.191658885776533,2.682232000265325,0.651127413513279
ARANJUEZ,DAROCA,0.23474509833546878,wet-wet,244,124,94,64,57.915994815665954,1.3397391901166782,1.1050487901260804,0.42429456160530177
ARANJUEZ,DAROCA,0.23474509833546878,dry-wet,317,103,174,24,27.912855720870038,0.42450619350518914,0.8598188676931234,-0.5007283859378876
ARANJUEZ,ENCISO,0.3046833894732552,dry-dry,323,39,59,24,7.410723736869905,3.3689700130378095,3.2385500866258132,0.6241032301973075
ARANJUEZ,ENCISO,0.3046833894732552,dry-wet,114,39,64,10,10.89985180535804,0.4567307692307692,0.9174436660766617,-0.5532320847594161
ARANJUEZ,EXTREMO,0.5012120908788555,dry-dry,415,58,84,19,11.017367869529862,1.618431855500821,1.7245498403068915,0.2124815611456991
ARANJUEZ,EXTREMO,0.5012120908788555,wet-wet,146,78,31,15,21.18469130352277,0.9057071960297767,0.7080584647228574,-0.07056480568403227
ARANJUEZ,EXTREMO,0.5012120908788555,dry-wet,400,106,114,18,22.74907309240377,0.5958291956305859,0.7912410288931926,-0.29391466134393057
ARANJUEZ,FISTERRA,0.6348427280970375,dry-dry,439,42,96,14,13.277133126929922,1.5243055555555556,1.0544444998901075,0.13823017587329914
ARANJUEZ,FISTERRA,0.6348427280970375,wet-wet,140,65,50,28,23.34309469592718,1.2061538461538461,1.199498196992935,0.23318784512067672
ARANJUEZ,FISTERRA,0.6348427280970375,dry-wet,301,120,97,23,21.566242301712688,0.5947594501718213,1.0664815723680083,-0.3521192457106228
ARANJUEZ,GETAFE,0.035176866488291186,dry-dry,885,119,131,97,21.29647572676665,5.506767592533197,4.554744233013388,0.9142824614760303
ARANJUEZ,GETAFE,0.035176866488291186,wet-wet,319,139,147,113,71.57061364464062,1.7641560221210786,1.5788602925924713,0.7958273666692325
ARANJUEZ,GETAFE,0.035176866488291186,dry-wet,172,94,71,17,15.015768999537652,0.43811807012286486,1.1321431490137763,-0.43088934132399265
ARANJUEZ,GUARDA,0.3275879213763869,dry-dry,353,47,49,16,8.415839755976732,2.4524533217542337,1.9011768835827911,0.444349763169938
ARANJUEZ,GUARDA,0.3275879213763869,dry-wet,159,50,84,18,11.985705446623413,0.6814285714285714,1.5017889501924078,-0.23092648863573526
ARANJUEZ,HUELVA,0.48462168724674026,dry-dry,158,23,18,7,2.8629923047639014,2.6714975845410627,2.4449943467721824,0.49684353276290416
ARANJUEZ,LORCA,0.3665688811311133,dry-dry,1126,181,94,29,15.376141525551422,1.9192429763723993,1.8860388317712233,0.24362160285204817
ARANJUEZ,LORCA,0.3665688811311133,wet-wet,131,68,80,46,40.66527840586512,1.107720588235294,1.1311861569196942,0.21301889070866722
ARANJUEZ,LORCA,0.3665688811311133,dry-wet,468,203,140,29,30.28782525972957,0.4775510204081633,0.9574804315368971,-0.3317429643595769
ARANJUEZ,MONTSERRAT,0.513972878605175,dry-dry,979,140,135,57,23.186159866137086,2.9525396825396824,2.4583631066586125,0.5479245977829177
ARANJUEZ,MONTSERRAT,0.513972878605175,wet-wet,234,121,96,64,63.707544171445136,1.2892561983471074,1.004590599627696,0.3611539383908176
ARANJUEZ,MONTSERRAT,0.513972878605175,dry-wet,398,137,202,40,36.113932425362904,0.575269205752692,1.1076057718906265,-0.33782349202445866
ARANJUEZ,OURENSE,0.48621794943719665,dry-dry,676,69,130,32,18.670885539607916,2.411594202898551,1.7138983543183348,0.4304903528326968
ARANJUEZ,OURENSE,0.48621794943719665,wet-wet,261,117,77,41,44.76696798426843,1.187812187812188,0.9158538504195284,0.19820671271203008
ARANJUEZ,OURENSE,0.48621794943719665,dry-wet,448,166,154,29,31.43026354662905,0.5082146768893757,0.9226775956547874,-0.4025438027118027
ARANJUEZ,OVIEDO,0.4917013415610158,dry-dry,538,64,175,40,20.925829785187,1.9214285714285715,1.9115132069130778,0.3937087533807625
ARANJUEZ,OVIEDO,0.4917013415610158,wet-wet,280,150,68,40,47.6814473556682,1.0980392156862746,0.8389007091506618,0.08233436508003925
ARANJUEZ,OVIEDO,0.4917013415610158,dry-wet,583,170,221,43,42.150122995503345,0.6672611125898323,1.0201630966672937,-0.27675348680904643
ARANJUEZ,PAMPLONA,0.4101315529476614,dry-dry,703,94,171,62,21.387829290802745,2.7115839243498816,2.8988449064656323,0.6270453059423791
ARANJUEZ,PAMPLONA,0.4101315529476614,wet-wet,246,129,70,44,45.662397011952116,1.198671096345515,0.9635937418809402,0.21233384515699394
ARANJUEZ,PAMPLONA,0.4101315529476614,dry-wet,436,112,226,35,33.53001648738611,0.6028761061946902,1.043840822839049,-0.3284040272044283
ARANJUEZ,PONFERRADA,0.43220058763847147,dry-dry,664,71,126,36,17.910547670465327,2.672032193158954,2.0099887877445735,0.4741018990926255
ARANJUEZ,PONFERRADA,0.43220058763847147,wet-wet,239,116,80,47,39.8713322376159,1.2104525862068964,1.1787918126211665,0.22887648531770138
ARANJUEZ,PONFERRADA,0.43220058763847147,dry-wet,376,144,132,27,26.842662635433467,0.5340909090909091,1.0058614663792274,-0.3774632135318665
ARANJUEZ,PORTO,0.47525552790949094,dry-dry,713,66,144,28,17.92190464510046,2.100589225589226,1.5623339457759426,0.29839964044992884
ARANJUEZ,PORTO,0.47525552790949094,wet-wet,219,100,74,41,38.876129837825104,1.2133783783783785,1.0546317282876354,0.2428779913560672
ARANJUEZ,PORTO,0.47525552790949094,dry-wet,459,182,152,42,33.11553008203937,0.6968623481781376,1.2682871116950423,-0.22026158834734227
ARANJUEZ,SORIA,0.25053305760033817,dry-dry,690,91,155,70,21.861365434921797,3.424317617866005,3.201995786053718,0.7519519880821158
ARANJUEZ,SORIA,0.25053305760033817,wet-wet,305,131,93,65,59.970880454493724,1.6272675038988755,1.083859358198391,0.5857672001369431
ARANJUEZ,SORIA,0.25053305760033817,dry-wet,308,115,154,26,24.79178414533345,0.45217391304347826,1.0487345262278742,-0.45609494641891546
ARANJUEZ,TARIFA,0.5805894673204941,dry-dry,824,105,76,43,14.365083249673077,4.440100250626567,2.9933693562812174,0.7288978657318075
ARANJUEZ,TARIFA,0.5805894673204941,wet-wet,210,76,81,45,43.35516682161797,1.5350877192982457,1.0379385733919464,0.4724420295340061
ARANJUEZ,TARIFA,0.5805894673204941,dry-wet,256,140,87,28,18.03727947158842,0.5885057471264368,1.552340531403555,-0.2284075541999853
ARANJUEZ,TAVIRA,0.5384151287043925,dry-dry,446,55,35,11,6.034898599993927,2.5485714285714285,1.8227315368664305,0.3982000566073847
ARANJUEZ,TAVIRA,0.5384151287043925,dry-wet,171,89,52,22,11.905000430967505,0.8128781331028522,1.8479629738419159,-0.09989861953691516
ARANJUEZ,TORREVIEJA,0.37725811554629846,dry-dry,902,136,70,29,10.433053638594792,2.747689075630252,2.7796272313525607,0.45019075629777344
ARANJUEZ,TORREVIEJA,0.37725811554629846,wet-wet,112,52,69,38,38.5039187417348,1.1861761426978819,0.986912533627685,0.3501615687136609
ARANJUEZ,TORREVIEJA,0.37725811554629846,dry-wet,337,153,118,37,20.941041771033515,0.6906502714079982,1.7668652975603094,-0.14524073432304221
ARANJUEZ,VALENCIA,0.28875293677680697,dry-dry,833,117,80,40,14.64178939983687,3.5598290598290596,2.7319065250621386,0.6458179873792423
ARANJUEZ,VALENCIA,0.28875293677680697,wet-wet,185,85,98,61,49.656025310380436,1.3547418967587035,1.228451121867141,0.5202953337921871
ARANJUEZ,VALENCIA,0.28875293677680697,dry-wet,330,133,135,33,24.239409783517626,0.606516290726817,1.3614192876280107,-0.25949899606409543
ARANJUEZ,VANDELLOS,0.40417206133610895,dry-dry,896,126,93,46,16.838618901967003,3.5173237753882916,2.7318154931712666,0.6108359550579635
ARANJUEZ,VANDELLOS,0.40417206133610895,wet-wet,157,80,92,54,49.46939776170008,1.1519021739130435,1.091583937611781,0.27824180191848924
ARANJUEZ,VANDELLOS,0.40417206133610895,dry-wet,317,131,143,34,27.18466712606962,0.5753483158063311,1.2507050331837464,-0.3449639829041074
ARANJUEZ,VIMIANZO,0.629689508325335,dry-dry,803,79,188,32,25.545175428726075,1.7301373552383517,1.2526827263051536,0.2516140353801687
ARANJUEZ,VIMIANZO,0.629689508325335,wet-wet,344,174,75,42,45.6417721067437,1.1071264367816092,0.9202096689360223,0.12236252038237289
ARANJUEZ,VIMIANZO,0.629689508325335,dry-wet,816,237,217,45,46.43983865197559,0.7139940500495829,0.9689956146754541,-0.2296170988374766
ARANJUEZ,ZAMORA,0.27471860425379063,dry-dry,953,113,157,75,23.616560352338123,4.028803336903218,3.1757376553175636,0.7401648022671751
ARANJUEZ,ZAMORA,0.27471860425379063,wet-wet,291,130,121,79,61.980774756678045,1.461474888747616,1.2745887787000958,0.5180024508268338
ARANJUEZ,ZAMORA,0.27471860425379063,dry-wet,323,154,147,36,27.168555819946725,0.513649615690432,1.325061230290694,-0.3559906335682533
BARCELOS,BEJA,0.4819972487758231,dry-dry,875,154,119,38,18.262941846116725,1.8143621084797554,2.0807162570076296,0.25637892557264735
BARCELOS,BEJA,0.4819972487758231,wet-wet,312,54,134,30,44.91822382300802,1.2935323383084578,0.667880371187638,0.23643938319893465
BARCELOS,BEJA,0.4819972487758231,dry-wet,603,276,160,53,35.54789211644331,0.7237092391304348,1.4909463499661042,-0.20570361213001825
BARCELOS,BRAGANCA,0.16798652964943547,dry-dry,861,107,147,45,21.534054272248348,2.4632843791722294,2.0897133178489753,0.366315470453655
BARCELOS,BRAGANCA,0.16798652964943547,wet-wet,413,51,149,23,51.6485447886229,1.2500328990656666,0.44531748366057394,0.17932053804062084
BARCELOS,BRAGANCA,0.16798652964943547,dry-wet,530,321,177,88,38.5437134836855,0.8208810743263459,2.2831219943882157,-0.11616571754148429
BARCELOS,CADIZ,0.7157642163440581,dry-dry,605,115,50,20,10.279165110873603,2.1043478260869564,1.94568331029564,0.31502339465139556
BARCELOS,CADIZ,0.7157642163440581,wet-wet,168,37,81,25,25.7325086663718,1.4014014014014013,0.9715337250685911,0.33860185866854087
BARCELOS,CADIZ,0.7157642163440581,dry-wet,404,155,78,18,19.002589867769878,0.6014888337468982,0.9472393039713833,-0.29972726853385184
BARCELOS,CAMPDEVANOL,0.9461025684702606,dry-dry,527,113,112,34,19.54320124369103,1.415771175726928,1.7397354494814885,0.19614031566754223
BARCELOS,CAMPDEVANOL,0.9461025684702606,wet-wet,246,89,110,42,36.46272330045768,1.0553626149131767,1.1518613037735668,0.060764881114174316
BARCELOS,CAMPDEVANOL,0.9461025684702606,dry-wet,569,154,195,36,41.77729831150683,0.6821178821178822,0.8617120171718817,-0.22602351695135028
BARCELOS,CAMPI,0.12095669370792832,dry-dry,762,149,139,106,23.78359698470494,3.899956544831249,4.456853186175659,0.8613391322484527
BARCELOS,CAMPI,0.12095669370792832,wet-wet,445,151,134,105,45.85873314235432,2.3092319857665315,2.2896402234675746,0.8060711242068406
BARCELOS,CAMPI,0.12095669370792832,dry-wet,184,78,96,10,12.513073942443002,0.24572649572649571,0.7991641419204817,-0.5677489733614876
BARCELOS,CUENCA,0.600297243823585,dry-dry,719,133,120,46,20.122638457394945,2.0723057644110274,2.2859825314356472,0.39547514025301
BARCELOS,CUENCA,0.600297243823585,wet-wet,282,72,133,39,39.467453621455725,1.1484962406015038,0.9881559721095966,0.12678270118635684
BARCELOS,CUENCA,0.600297243823585,dry-wet,539,206,171,43,35.942189204405295,0.6579515130869245,1.1963656346990033,-0.22687614433979414
BARCELOS,DAROCA,0.6317580150934523,dry-dry,529,108,97,34,16.98817595070018,1.7168766704849179,2.0013920328273183,0.3249269846441533
BARCELOS,DAROCA,0.6317580150934523,wet-wet,201,59,106,35,30.55655057221019,1.1248800767508795,1.145417245879544,0.1242875546998529
BARCELOS,DAROCA,0.6317580150934523,dry-wet,466,160,156,41,31.99538265164056,0.7654647435897436,1.2814349009793051,-0.15721058983368305
BARCELOS,EXTREMO,0.060029139070066184,dry-dry,918,164,186,128,29.455410520693768,3.852084972462628,4.3455513855450825,0.8608120454347048
BARCELOS,EXTREMO,0.060029139070066184,wet-wet,627,189,150,114,57.69495318186812,2.521269841269841,1.9759093943736303,0.7905170070882195
BARCELOS,EXTREMO,0.060029139070066184,dry-wet,260,127,116,19,17.207735574498486,0.3353244637523758,1.1041545773261192,-0.4449781936013308
BARCELOS,FISTERRA,0.1988372074456892,dry-dry,150,7,24,3,4.41288507459943,2.6785714285714284,0.6798273576776341,0.21106679054240773
BARCELOS,FISTERRA,0.1988372074456892,dry-wet,110,74,42,25,9.022667529348743,0.8848133848133848,2.770799203082739,-0.02710934085037661
BARCELOS,GETAFE,0.4591653660801633,dry-dry,544,108,71,23,12.939423705725517,1.6317162232655191,1.77751347533529,0.2444136737205252
BARCELOS,GETAFE,0.4591653660801633,wet-wet,212,44,96,20,30.13785077816072,1.003787878787879,0.6636173278319145,-0.002156492369778841
BARCELOS,GETAFE,0.4591653660801633,dry-wet,403,162,110,17,23.707674572147894,0.38445566778900114,0.7170673761471248,-0.4273775109674133
BARCELOS,GUARDA,0.18246411909278548,dry-dry,643,130,80,52,18.023585195460065,3.215,2.8851085639220218,0.6375271150519211
BARCELOS,GUARDA,0.18246411909278548,wet-wet,253,81,96,58,30.609153741722423,1.887088477366255,1.8948580052032582,0.6634861274167067
BARCELOS,GUARDA,0.18246411909278548,dry-wet,244,96,101,15,15.700718969865811,0.3774752475247525,0.9553702622656521,-0.4266346430037004
BARCELOS,HUELVA,0.6002335346606957,dry-dry,127,27,9,4,2.2403362781535505,2.090534979423868,1.7854462470682018,0.3527678762969306
BARCELOS,HUELVA,0.6002335346606957,dry-wet,106,44,20,7,5.088935692524662,0.8431818181818181,1.3755332004455423,-0.16852634821844553
BARCELOS,LORCA,0.803074569951235,dry-dry,695,159,70,24,10.755178415229036,1.4986522911051212,2.231483204966332,0.19147559361918307
BARCELOS,LORCA,0.803074569951235,dry-wet,633,179,115,28,26.720098333454875,0.8610153024046636,1.0479003351923533,-0.04523840333759325
BARCELOS,MONTSERRAT,0.9128176293538601,dry-dry,607,126,82,22,16.6519432584725,1.2924893534649633,1.321167124972421,0.10543306986135621
BARCELOS,MONTSERRAT,0.9128176293538601,wet-wet,160,58,104,40,28.088767351507208,1.0610079575596818,1.424056794640853,0.12471739543654649
BARCELOS,MONTSERRAT,0.9128176293538601,dry-wet,540,159,163,35,34.45062064453095,0.7292510707257784,1.0159468638065383,-0.20904486604886832
BARCELOS,OURENSE,0.12706132701948344,dry-dry,496,51,88,26,14.470140908830585,2.873440285204991,1.7968035117151606,0.4113145660088752
BARCELOS,OURENSE,0.12706132701948344,wet-wet,352,49,99,26,37.49676729080989,1.8866213151927438,0.693393107687242,0.4220581691320792
BARCELOS,OURENSE,0.12706132701948344,dry-wet,349,246,134,76,25.851897185638016,0.8046353597864336,2.9398229249581607,-0.059836280697334564
BARCELOS,OVIEDO,0.34513326757742885,dry-dry,525,76,136,37,22.351734624418185,1.8793537151702786,1.6553525094011852,0.33367457026219194
BARCELOS,OVIEDO,0.34513326757742885,wet-wet,386,103,135,52,41.266213171434856,1.4435095289464221,1.2601107783738985,0.2991336881334223
BARCELOS,OVIEDO,0.34513326757742885,dry-wet,487,204,192,56,35.641348140484794,0.6962826797385621,1.5712088044276287,-0.21747829086088347
BARCELOS,PAMPLONA,0.6340710178049938,dry-dry,330,56,69,28,11.820350696956059,2.391304347826087,2.3687960465682694,0.5436075159981071
BARCELOS,PAMPLONA,0.6340710178049938,wet-wet,237,60,87,21,28.094606923382187,0.9534482758620689,0.7474744194595729,-0.02819305506884436
BARCELOS,PAMPLONA,0.6340710178049938,dry-wet,288,104,111,17,21.01891399509603,0.42411642411642414,0.8087953546965513,-0.4396282128545458
BARCELOS,PONFERRADA,0.22564370344525275,dry-dry,485,49,82,24,13.361378686277051,2.896963663514186,1.7962218243727692,0.45162409847434737
BARCELOS,PONFERRADA,0.22564370344525275,wet-wet,281,39,97,28,29.50611056389981,2.0798308220988635,0.9489559777579595,0.4064363367785986
BARCELOS,PONFERRADA,0.22564370344525275,dry-wet,306,213,118,63,22.493601346593955,0.7670088326569587,2.8007965033816,-0.08131145948467533
BARCELOS,PORTO,0.040976134985846215,dry-dry,887,45,163,21,22.213583262975224,2.5394683026584866,0.9453675146144486,0.1342188969475298
BARCELOS,PORTO,0.040976134985846215,wet-wet,458,30,164,17,50.32029532465056,1.582520325203252,0.33783585510222863,0.08301221715930161
BARCELOS,PORTO,0.040976134985846215,dry-wet,523,427,180,139,41.01192568889882,0.9458365860005205,3.389258067382697,-0.011468804311701124
BARCELOS,SORIA,0.5366030211861776,dry-dry,501,91,103,50,16.789941408278818,2.6725701482983037,2.9779734654312673,0.6395933597778041
BARCELOS,SORIA,0.5366030211861776,wet-wet,266,60,104,34,33.67447862540689,1.4493589743589743,1.009666708673182,0.3311787785728217
BARCELOS,SORIA,0.5366030211861776,dry-wet,364,162,137,46,26.67789064215497,0.7544381364332703,1.7242742545511927,-0.0984975831506913
BARCELOS,TARIFA,0.7964956682434401,dry-dry,502,104,48,24,9.347627788574908,2.4134615384615383,2.5674963255740546,0.4353770581563565
BARCELOS,TARIFA,0.7964956682434401,wet-wet,164,42,68,19,21.766863897626816,1.0910364145658262,0.8728864244918405,0.07931862518493946
BARCELOS,TARIFA,0.7964956682434401,dry-wet,402,140,91,24,19.209159779583942,0.7572998430141288,1.249403944544618,-0.15452099865913643
BARCELOS,TAVIRA,0.6072659181436411,dry-dry,597,114,46,12,8.943844920284405,1.366132723112128,1.3417048380148358,0.0966074951598135
BARCELOS,TAVIRA,0.6072659181436411,wet-wet,109,21,56,11,18.656353877173974,1.0195578231292517,0.5896114574380199,0.056341999218245405
BARCELOS,TAVIRA,0.6072659181436411,dry-wet,419,170,93,34,19.989864717683435,0.9010752688172043,1.700861935795039,-0.1075387277630964
BARCELOS,TORREVIEJA,0.8431049232133687,dry-dry,935,205,81,24,11.790924254972149,1.3514001806684734,2.035463843292808,0.13786039445989265
BARCELOS,TORREVIEJA,0.8431049232133687,dry-wet,736,213,134,26,28.567271858934273,0.6704505640810035,0.9101324105566849,-0.09653860390877515
BARCELOS,VALENCIA,0.7725271503818149,dry-dry,505,102,65,18,9.955509611803897,1.3710407239819005,1.8080440582025086,0.14975236015318438
BARCELOS,VALENCIA,0.7725271503818149,wet-wet,108,42,63,25,19.07997239915142,1.0204081632653061,1.3102744321114361,0.07244953835150056
BARCELOS,VALENCIA,0.7725271503818149,dry-wet,454,124,100,21,23.26455178613074,0.7688709677419355,0.9026608461255308,-0.09589190598009963
BARCELOS,VANDELLOS,0.8319730421067628,dry-dry,674,153,77,24,14.403837857857475,1.3730583142347847,1.6662225885101656,0.13627477271915003
BARCELOS,VANDELLOS,0.8319730421067628,wet-wet,142,46,89,30,28.58365931288865,1.0405471421592574,1.0495507125804815,0.08043177684376521
BARCELOS,VANDELLOS,0.8319730421067628,dry-wet,522,169,147,27,28.815219072645114,0.5673227871030069,0.9370048491365336,-0.3344619397804243
BARCELOS,VIMIANZO,0.21143889579062577,dry-dry,625,56,157,29,23.019522216761914,2.061533212010919,1.2598002567960918,0.2693010319822948
BARCELOS,VIMIANZO,0.21143889579062577,wet-wet,557,131,109,46,44.71539300462919,1.7943833601792842,1.0287285185045296,0.4093003693452798
BARCELOS,VIMIANZO,0.21143889579062577,dry-wet,488,282,161,66,31.528331819789734,0.7093960618474957,2.0933552836618223,-0.17559498140048374
BARCELOS,ZAMORA,0.25174102695500494,dry-dry,585,93,101,39,14.906839093230516,2.4289364420312998,2.6162488074155608,0.47118479006705904
BARCELOS,ZAMORA,0.25174102695500494,wet-wet,269,41,111,24,36.111450362617504,1.4185893210283453,0.6646091408404008,0.23505917010485955
BARCELOS,ZAMORA,0.25174102695500494,dry-wet,388,200,120,40,26.037165878645183,0.6466666666666666,1.5362655131681082,-0.24633178484744142
BEARIZ,BEJA,0.6063763446126246,dry-dry,376,75,38,18,7.374296669763442,2.3747368421052633,2.440910747977463,0.4312224333979855
BEARIZ,BEJA,0.6063763446126246,wet-wet,123,25,58,13,16.013100575532068,1.1027586206896551,0.8118352806616309,0.06961501578660267
BEARIZ,BEJA,0.6063763446126246,dry-wet,294,92,60,8,13.31216089929026,0.4260869565217391,0.6009542748560469,-0.42860404473409275
BEARIZ,BRAGANCA,0.16172822748933469,dry-dry,395,82,56,37,10.6857621221877,3.1827090592334493,3.462551344201641,0.7029063157039391
BEARIZ,BRAGANCA,0.16172822748933469,wet-wet,223,45,80,35,25.212279287227062,2.1680555555555556,1.3882124500235704,0.7285244956176635
BEARIZ,BRAGANCA,0.16172822748933469,dry-wet,183,69,69,8,10.37705192753187,0.3074984247006931,0.7709318654149551,-0.47631174565395024
BEARIZ,CADIZ,0.832147877610787,dry-dry,610,116,41,19,9.584292557981072,2.4369217830109338,1.982410270247671,0.37274297218549385
BEARIZ,CADIZ,0.832147877610787,wet-wet,173,31,80,16,22.713321205099838,1.1161290322580646,0.7044324278039756,0.08512891740258169
BEARIZ,CADIZ,0.832147877610787,dry-wet,430,136,107,22,18.62733691230889,0.6500824628916987,1.1810598639820844,-0.19610885798600902
BEARIZ,CAMPDEVANOL,0.912176071432521,dry-dry,385,72,70,20,13.521513120744466,1.5277777777777777,1.4791244013450207,0.22501311278475397
BEARIZ,CAMPDEVANOL,0.912176071432521,wet-wet,217,61,88,27,27.8348375720632,1.091467958271237,0.9700074566664224,0.08638928002500143
BEARIZ,CAMPDEVANOL,0.912176071432521,dry-wet,447,117,181,50,31.593498706061432,1.055390281909619,1.5826040814658857,0.03989750961052255
BEARIZ,CUENCA,0.6283106282640837,dry-dry,510,92,69,25,14.103994367668998,2.008506616257089,1.7725475030894962,0.34960628942415684
BEARIZ,CUENCA,0.6283106282640837,wet-wet,260,70,88,29,31.26318150233712,1.224025974025974,0.9276087271486451,0.16250501734388426
BEARIZ,CUENCA,0.6283106282640837,dry-wet,405,111,164,34,25.53970156105619,0.7564271588661833,1.3312606617081368,-0.18460800733304586
BEARIZ,DAROCA,0.6271394781520138,dry-dry,520,86,76,22,15.423411367006024,1.7503059975520197,1.4264029841713686,0.29183921442450195
BEARIZ,DAROCA,0.6271394781520138,wet-wet,204,60,93,32,27.29001353086801,1.1698924731182796,1.1725901111703179,0.1664265269985672
BEARIZ,DAROCA,0.6271394781520138,dry-wet,383,106,133,24,24.415287717469106,0.6520073769328982,0.9829906687041837,-0.2516574844276352
BEARIZ,ENCISO,0.5258708499275143,dry-dry,293,47,41,18,6.789468318274659,2.7368967306694345,2.651164885997165,0.5419624246176907
BEARIZ,ENCISO,0.5258708499275143,wet-wet,112,27,48,11,16.859197115989303,0.9506172839506173,0.6524628619216732,-0.02273773701364148
BEARIZ,ENCISO,0.5258708499275143,dry-wet,175,59,77,15,11.824651780980258,0.5778120184899846,1.2685362983903876,-0.3030285694533883
BEARIZ,FISTERRA,0.10811111067835147,dry-dry,498,83,88,60,16.370292568070603,4.090909090909091,3.665175790262103,0.8298292976759537
BEARIZ,FISTERRA,0.10811111067835147,wet-wet,313,66,112,51,29.578187077790446,2.1594967532467533,1.7242436078272925,0.6803916229135999
BEARIZ,FISTERRA,0.10811111067835147,dry-wet,167,80,67,7,11.680861962566048,0.21809701492537314,0.5992708434046286,-0.6172315911484774
BEARIZ,GETAFE,0.49541758828778526,dry-dry,513,90,46,19,11.409059487666537,2.3543478260869564,1.6653432318886099,0.4076768205344482
BEARIZ,GETAFE,0.49541758828778526,wet-wet,204,42,87,24,25.13987456474154,1.3399014778325122,0.9546587011877854,0.2666662792084871
BEARIZ,GETAFE,0.49541758828778526,dry-wet,344,108,100,18,17.597283762287063,0.5733333333333334,1.022885136317231,-0.32057314481892396
BEARIZ,LORCA,0.8723882343311558,dry-dry,611,118,54,12,8.67657020138628,1.1506591337099812,1.3830349690575576,0.03762633850928744
BEARIZ,LORCA,0.8723882343311558,dry-wet,602,155,129,41,25.729217726093538,1.2344086021505376,1.5935191048742787,0.236007943699739
BEARIZ,MONTSERRAT,0.890950172538324,dry-dry,577,113,71,18,14.909536035174039,1.2945282313349122,1.2072810285668882,0.09696893539580409
BEARIZ,MONTSERRAT,0.890950172538324,wet-wet,184,61,98,27,27.71685805512456,0.8310471729675477,0.9741363882695925,-0.1983160812426244
BEARIZ,MONTSERRAT,0.890950172538324,dry-wet,539,142,184,40,32.707028967454356,0.8251684017146357,1.2229787071091853,-0.11649787770508109
BEARIZ,OURENSE,0.04139023071767084,dry-dry,537,91,82,67,16.74246360702144,4.8216295899222725,4.001800545763265,0.9136249049037719
BEARIZ,OURENSE,0.04139023071767084,wet-wet,396,87,122,71,37.7393440407278,2.648954211418881,1.8813257571031903,0.8277859586256201
BEARIZ,OURENSE,0.04139023071767084,dry-wet,139,56,66,4,9.167819231436452,0.15043290043290045,0.4363087773681226,-0.6520466308917455
BEARIZ,OVIEDO,0.24198027957244037,dry-dry,485,89,103,61,19.56676659829416,3.2273371877386277,3.1175309264085573,0.7386477049344494
BEARIZ,OVIEDO,0.24198027957244037,wet-wet,387,114,105,50,36.40663639268059,1.6165413533834587,1.3733759818045785,0.3879641922842073
BEARIZ,OVIEDO,0.24198027957244037,dry-wet,293,71,143,8,20.58477580872209,0.2308677238254703,0.38863673203622046,-0.6075968423775054
BEARIZ,PAMPLONA,0.5814467973562686,dry-dry,645,110,95,36,20.856518144375173,2.2220095693779904,1.7260790967503317,0.4290821495464567
BEARIZ,PAMPLONA,0.5814467973562686,wet-wet,329,89,130,43,33.669105142216075,1.2227312013828868,1.277135219910682,0.17509153536220207
BEARIZ,PAMPLONA,0.5814467973562686,dry-wet,452,133,228,45,29.825391543676673,0.6707558369608231,1.5087815338183053,-0.21812738651152055
BEARIZ,PONFERRADA,0.14702946889315588,dry-dry,589,109,70,56,16.931533020168647,4.322935779816514,3.307438253422974,0.8172322853107427
BEARIZ,PONFERRADA,0.14702946889315588,wet-wet,327,73,110,53,29.93638184607591,2.1582814445828142,1.7704210305878127,0.6568500448067117
BEARIZ,PONFERRADA,0.14702946889315588,dry-wet,214,74,100,11,12.863545058781417,0.31810810810810813,0.855129744540425,-0.45679129537678487
BEARIZ,PORTO,0.17205815380968065,dry-dry,417,89,63,51,11.63961818816701,3.792937399678973,4.381587022489043,0.8291336777683734
BEARIZ,PORTO,0.17205815380968065,wet-wet,252,47,85,37,25.80249824574938,2.3339173967459326,1.4339696740836039,0.7220148948899723
BEARIZ,PORTO,0.17205815380968065,dry-wet,152,64,54,4,8.945089476474411,0.17592592592592593,0.4471727209124069,-0.597849182731891
BEARIZ,SORIA,0.5144861068207917,dry-dry,453,83,71,31,15.057510903882903,2.3829967758357373,2.0587732061350184,0.4914419635123875
BEARIZ,SORIA,0.5144861068207917,wet-wet,273,74,92,34,29.274170853411213,1.3633960047003526,1.1614334072945436,0.255137156798971
BEARIZ,SORIA,0.5144861068207917,dry-wet,340,105,156,36,22.700964912740204,0.7472527472527473,1.5858356743151534,-0.16385658392746297
BEARIZ,TARIFA,0.9099670904386328,dry-dry,501,89,33,10,8.732823703597116,1.7058222676200205,1.145104990025268,0.20025706214963848
BEARIZ,TARIFA,0.9099670904386328,wet-wet,166,37,67,17,18.798851281592967,1.1383622428398548,0.9043105743724711,0.0865131393358627
BEARIZ,TARIFA,0.9099670904386328,dry-wet,416,124,103,27,18.49941364683536,0.8794237394300032,1.4595057181511701,-0.0488378379249501
BEARIZ,TORREVIEJA,0.9003575192516919,dry-dry,320,69,32,6,4.032433825377327,0.8695652173913043,1.4879351428509957,-0.019523764097213306
BEARIZ,TORREVIEJA,0.9003575192516919,dry-wet,369,90,74,23,14.797787879347105,1.2743243243243243,1.554286369525577,0.14564789264124195
BEARIZ,VALENCIA,0.8015313580962197,dry-dry,511,94,48,13,9.365259540167543,1.47229609929078,1.3881088873450946,0.16089428362021335
BEARIZ,VALENCIA,0.8015313580962197,wet-wet,125,44,66,17,18.876482128076482,0.7317493112947658,0.9005915341987667,-0.30009712363148333
BEARIZ,VALENCIA,0.8015313580962197,dry-wet,503,118,135,30,24.581503949091378,0.9472693032015066,1.220429802103663,-0.05001206428327279
BEARIZ,VANDELLOS,0.824577826822438,dry-dry,458,82,43,14,9.275591593780936,1.8184912081678957,1.5093376911276115,0.26056254854148864
BEARIZ,VANDELLOS,0.824577826822438,dry-wet,383,95,110,28,20.050836932553825,1.02622009569378,1.3964504371655528,0.0004464157775049443
BEARIZ,VIMIANZO,0.10464247278259048,dry-dry,725,119,161,95,26.228522807813306,3.5949162273605095,3.6220110715385054,0.8255274345805768
BEARIZ,VIMIANZO,0.10464247278259048,wet-wet,603,155,114,82,44.64502534542871,2.79830220713073,1.8367107951120503,0.7592556850056484
BEARIZ,VIMIANZO,0.10464247278259048,dry-wet,238,92,111,7,14.110729432687378,0.16314140227183704,0.496076410039056,-0.616231370119908
BEARIZ,ZAMORA,0.2570797435445883,dry-dry,690,137,72,45,16.91852924082265,3.147810218978102,2.6598056698344488,0.6072115158489705
BEARIZ,ZAMORA,0.2570797435445883,wet-wet,303,72,131,44,35.50250284645398,1.4134860050890585,1.2393492422294041,0.327699985097294
BEARIZ,ZAMORA,0.2570797435445883,dry-wet,395,122,158,24,21.94033981633676,0.4918032786885246,1.0938754914875848,-0.35554306290470084
BEJA,BRAGANCA,0.524008380970907,dry-dry,1438,153,271,94,28.83267327221878,3.260063188867183,3.2601902401665983,0.5914748680630973
BEJA,BRAGANCA,0.524008380970907,wet-wet,442,180,132,87,78.64044125353527,1.6184343434343433,1.1063010152691497,0.5483712448229394
BEJA,BRAGANCA,0.524008380970907,dry-wet,563,208,233,34,37.469607794257556,0.39497358864311655,0.90740207868444,-0.4217354590021012
BEJA,CADIZ,0.2509216760525587,dry-dry,1132,140,77,50,15.79816958498784,5.250463821892393,3.164923615423925,0.7130678459242735
BEJA,CADIZ,0.2509216760525587,wet-wet,261,104,108,74,55.52719646254312,1.7195512820512822,1.332680284874783,0.7066656303043585
BEJA,CADIZ,0.2509216760525587,dry-wet,242,100,116,18,16.13028379136128,0.37551724137931036,1.1159134106270383,-0.48345440160350234
BEJA,CAMPDEVANOL,1.045890151359976,dry-dry,867,121,168,29,22.633081728499803,1.2368654073199528,1.2813102673279755,0.0966752284396805
BEJA,CAMPDEVANOL,1.045890151359976,wet-wet,216,93,75,34,44.35099094331105,1.0529032258064517,0.7666119578581329,0.05684815171758837
BEJA,CAMPDEVANOL,1.045890151359976,dry-wet,700,197,310,71,52.59046243281673,0.8138202063206157,1.3500546813160483,-0.09549516313587521
BEJA,CAMPI,0.36299208338120537,dry-dry,710,91,105,23,14.565505213625833,1.7090528519099948,1.579073273646822,0.17815014049655123
BEJA,CAMPI,0.36299208338120537,wet-wet,225,101,39,23,31.572265011130643,1.3137852246763138,0.7284874870995625,0.2137547419558763
BEJA,CAMPI,0.36299208338120537,dry-wet,425,111,216,42,25.29570641699507,0.7444944944944945,1.6603608259693452,-0.23153561702236244
BEJA,CUENCA,0.5726264192859728,dry-dry,1209,156,171,66,25.479644185173843,2.991228070175439,2.5903030482036415,0.5222399553471753
BEJA,CUENCA,0.5726264192859728,wet-wet,340,157,113,68,65.6933737836093,1.3031959866974805,1.0351120072473154,0.30516861766082093
BEJA,CUENCA,0.5726264192859728,dry-wet,528,160,285,55,39.45009585499136,0.6368421052631579,1.394166447710702,-0.3131255677810059
BEJA,DAROCA,0.7033172805107611,dry-dry,917,136,166,48,21.28464586240871,1.9496810772501771,2.255146752747899,0.3392318877940965
BEJA,DAROCA,0.7033172805107611,wet-wet,203,99,83,46,42.72298139339357,1.1364244858220762,1.0767038839455425,0.16222242351959898
BEJA,DAROCA,0.7033172805107611,dry-wet,526,146,252,45,38.655988761951605,0.6433463796477495,1.1641145768412653,-0.24599145400627423
BEJA,EXTREMO,0.5386660019178984,dry-dry,768,109,137,31,16.836345899830725,1.5943213018147726,1.841254639482768,0.18412102699043167
BEJA,EXTREMO,0.5386660019178984,wet-wet,308,127,50,24,38.93624426556411,1.1640944881889763,0.6163922703049717,0.1667375781532903
BEJA,EXTREMO,0.5386660019178984,dry-wet,635,169,250,53,34.203383436685826,0.7965680473372782,1.5495543035416,-0.16948774064832015
BEJA,FISTERRA,0.6789768940522658,dry-dry,282,29,58,15,7.0177358555256735,2.514863258026159,2.137441520855932,0.5375822447317828
BEJA,FISTERRA,0.6789768940522658,dry-wet,192,61,69,14,11.435356881826038,0.6386315039201711,1.224273115800163,-0.23651955896481777
BEJA,GETAFE,0.47626727654950846,dry-dry,968,134,109,63,17.75097854468777,4.175270436806792,3.5491001153203263,0.6881587302188501
BEJA,GETAFE,0.47626727654950846,wet-wet,279,117,98,67,55.380141081866995,1.630298273155416,1.2098199587638405,0.5934141221871246
BEJA,GETAFE,0.47626727654950846,dry-wet,324,122,168,35,23.269653628183413,0.5532786885245902,1.504104898132613,-0.2859683509699633
BEJA,GUARDA,0.3457533384978151,dry-dry,659,90,68,23,12.693551861755418,2.4766339869281047,1.8119435954956804,0.317101423009749
BEJA,GUARDA,0.3457533384978151,wet-wet,159,67,31,20,26.445156245714863,1.531054405392393,0.7562821642712273,0.38434533955504846
BEJA,GUARDA,0.3457533384978151,dry-wet,286,95,177,49,20.993243019945226,0.8334225393993459,2.3340843505429896,-0.05028152149776243
BEJA,HUELVA,0.13186120765476556,dry-dry,189,28,14,12,2.9894895133900636,5.785714285714286,4.014063252689611,0.817031370798652
BEJA,LORCA,0.5417106453534878,dry-dry,1272,201,94,29,14.297655288868876,1.9523658304223563,2.028304600585616,0.24359900316144778
BEJA,LORCA,0.5417106453534878,wet-wet,132,65,70,36,36.3941480399684,1.0443956043956044,0.9891700160274245,0.05519199915670893
BEJA,LORCA,0.5417106453534878,dry-wet,562,205,196,45,31.939427599741137,0.6294176207068193,1.4089169212401513,-0.1231032906934043
BEJA,MONTSERRAT,0.9767158029751792,dry-dry,1077,146,134,28,20.686971067874346,1.5414025761602945,1.353508926373584,0.16671846495735326
BEJA,MONTSERRAT,0.9767158029751792,wet-wet,172,80,77,35,41.37075855998495,0.9772727272727273,0.8460081762642143,-0.030165958580656335
BEJA,MONTSERRAT,0.9767158029751792,dry-wet,579,178,278,65,43.51780627504889,0.7605488642793631,1.4936414668785363,-0.10651644824449141
BEJA,OURENSE,0.5858600984301142,dry-dry,777,95,161,55,18.816163619512167,2.794050343249428,2.923018799802823,0.5594053292409223
BEJA,OURENSE,0.5858600984301142,wet-wet,361,144,91,61,53.92372202315448,1.680479242979243,1.1312275509062044,0.5499217049748021
BEJA,OURENSE,0.5858600984301142,dry-wet,485,149,197,34,29.244634728627908,0.5617824413177529,1.1626064170573145,-0.31086842906315465
BEJA,OVIEDO,0.7464429486749602,dry-dry,731,99,201,45,22.57212198510375,1.653098145635459,1.9936096406752235,0.3015495822624932
BEJA,OVIEDO,0.7464429486749602,wet-wet,302,152,85,50,45.53670500862847,1.1687306501547987,1.0980153261094716,0.15995072355808865
BEJA,OVIEDO,0.7464429486749602,dry-wet,787,177,300,57,48.69399754136353,0.8448022598870056,1.170575489342005,-0.14987907355021957
BEJA,PAMPLONA,0.8496340445087667,dry-dry,687,89,157,41,17.13405044167215,2.015816216989909,2.392895955312637,0.37011987476429
BEJA,PAMPLONA,0.8496340445087667,wet-wet,219,103,56,28,35.88070203749155,1.0631067961165048,0.7803637724463404,0.04285816476567901
BEJA,PAMPLONA,0.8496340445087667,dry-wet,561,115,255,46,36.109335696413275,0.88,1.2739087859921268,-0.1016243472686343
BEJA,PONFERRADA,0.6281793364717346,dry-dry,818,93,158,48,17.761010241417342,2.672111065741119,2.702548973710268,0.46551031669827014
BEJA,PONFERRADA,0.6281793364717346,wet-wet,284,121,76,44,42.03258845361706,1.3588516746411483,1.0468068139213929,0.32450554919954094
BEJA,PONFERRADA,0.6281793364717346,dry-wet,450,133,192,27,26.525100590801465,0.47579887218045114,1.0179037741090875,-0.3797287523092514
BEJA,PORTO,0.4425592502640899,dry-dry,1373,145,261,80,28.25343414747035,2.902364909499273,2.8315142004485403,0.5307844810934398
BEJA,PORTO,0.4425592502640899,wet-wet,429,172,136,79,68.67104096758285,1.4488286593707251,1.1504121517146226,0.40286731985442853
BEJA,PORTO,0.4425592502640899,dry-wet,667,231,261,47,41.63828074130713,0.51996151996152,1.1287689876535607,-0.341190100069633
BEJA,SORIA,0.6940998394861666,dry-dry,837,121,151,55,21.17991003796198,2.5195665261890428,2.5968004538933505,0.4445349576690728
BEJA,SORIA,0.6940998394861666,wet-wet,291,130,87,51,50.84920105572179,1.3122015915119363,1.0029656108876315,0.303751168754957
BEJA,SORIA,0.6940998394861666,dry-wet,477,145,240,47,33.83812912944987,0.6442241379310345,1.3889656789297828,-0.27562778813989
BEJA,TARIFA,0.33809894201674173,dry-dry,999,138,74,47,14.738382230720863,4.5978260869565215,3.188952441607372,0.6950954418298118
BEJA,TARIFA,0.33809894201674173,wet-wet,258,102,91,60,46.83363851156389,1.6677440206851972,1.28113044185506,0.6019959963381407
BEJA,TARIFA,0.33809894201674173,dry-wet,315,127,148,37,19.891629031383623,0.6200787401574803,1.860078927755187,-0.22563135612305552
BEJA,TAVIRA,0.12527982956954045,dry-dry,798,118,66,53,10.101940374491269,5.4306625577812015,5.246516811149666,0.8068160854971544
BEJA,TAVIRA,0.12527982956954045,wet-wet,162,48,85,40,39.154430084179154,1.588235294117647,1.0215957661496524,0.6064311684907476
BEJA,TAVIRA,0.12527982956954045,dry-wet,174,98,47,6,11.202971189921001,0.22666087711680416,0.535572206540889,-0.6319885961032168
BEJA,TORREVIEJA,0.6245926964369501,dry-dry,1557,226,110,29,14.413820593756999,1.8162912308930008,2.011957885236941,0.2095397498675571
BEJA,TORREVIEJA,0.6245926964369501,wet-wet,125,60,70,35,38.08669349134059,1.0416666666666667,0.9189561180457321,0.05404741783364667
BEJA,TORREVIEJA,0.6245926964369501,dry-wet,665,252,207,56,34.56032782541398,0.7139023081052066,1.6203550001866687,-0.05108564889665598
BEJA,VALENCIA,0.683956752653656,dry-dry,964,122,77,19,13.537380706088213,1.949755162869917,1.4035211399096625,0.2671232597256992
BEJA,VALENCIA,0.683956752653656,wet-wet,148,63,80,39,34.97669437869233,1.1452380952380952,1.1150281835598121,0.21860012611482743
BEJA,VALENCIA,0.683956752653656,dry-wet,440,151,184,46,27.423721894825484,0.7284768211920529,1.6773799040267992,-0.10322399659793001
BEJA,VANDELLOS,0.8609538300279723,dry-dry,1143,148,116,31,16.944796610302284,2.063897949673812,1.8294701738203385,0.28572597159652896
BEJA,VANDELLOS,0.8609538300279723,wet-wet,130,61,82,40,36.57262848802997,1.0395841663334666,1.0937141149997407,0.06899693347640785
BEJA,VANDELLOS,0.8609538300279723,dry-wet,501,173,216,53,34.87259735979673,0.7105812459858702,1.5198179663296791,-0.13954947206980692
BEJA,VIMIANZO,0.6933160825760697,dry-dry,907,103,228,51,24.25867327766479,1.9697240674501788,2.10234085830886,0.382695136179966
BEJA,VIMIANZO,0.6933160825760697,wet-wet,431,184,72,44,50.033125857620334,1.4314613526570048,0.8794173709076493,0.3446775802704297
BEJA,VIMIANZO,0.6933160825760697,dry-wet,957,233,278,53,44.627999338190904,0.783045666471115,1.1875952493045026,-0.176404823952983
BEJA,ZAMORA,0.5106261810133333,dry-dry,1114,139,170,78,21.5859829539797,3.6771900126957258,3.613456017559744,0.6488270219331818
BEJA,ZAMORA,0.5106261810133333,wet-wet,327,138,119,74,61.572244375305274,1.4735111435878698,1.201840224451508,0.4857936271545271
BEJA,ZAMORA,0.5106261810133333,dry-wet,400,146,192,32,28.626434945847976,0.45662100456621,1.1178478934080938,-0.39362308059836704
BRAGANCA,CADIZ,0.7239212000378984,dry-dry,945,170,55,28,15.579029680928413,2.8299465240641712,1.7972878011958044,0.44694375380678536
BRAGANCA,CADIZ,0.7239212000378984,wet-wet,224,74,101,46,41.05200254449899,1.3786459727053786,1.120529989983742,0.39812887181122014
BRAGANCA,CADIZ,0.7239212000378984,dry-wet,421,160,138,24,24.399477789522983,0.45760869565217394,0.9836276090427428,-0.35585283498444314
BRAGANCA,CAMPDEVANOL,0.7796732351870507,dry-dry,763,132,137,35,24.63069492684501,1.4767197522671975,1.420991169918372,0.18514366221737596
BRAGANCA,CAMPDEVANOL,0.7796732351870507,wet-wet,274,109,95,32,49.28955672323539,0.8467407049734428,0.6492247471342141,-0.1567627399583969
BRAGANCA,CAMPDEVANOL,0.7796732351870507,dry-wet,726,211,313,86,60.41499161246003,0.9453840679557258,1.4234877421097465,-0.019854725833574265
BRAGANCA,CAMPI,0.2001201206647177,dry-dry,666,112,63,28,16.544079768681364,2.642857142857143,1.692448319368308,0.3581336917354653
BRAGANCA,CAMPI,0.2001201206647177,wet-wet,276,99,30,19,33.20625258730426,1.7656565656565657,0.5721813971644685,0.3856009718155772
BRAGANCA,CAMPI,0.2001201206647177,dry-wet,393,138,259,89,29.05921554694661,0.9785966090313917,3.0627117189800277,0.037484579414208775
BRAGANCA,CUENCA,0.46682019550136017,dry-dry,1081,185,141,64,28.779342408369438,2.6522522522522523,2.2238173163188018,0.5047196315920123
BRAGANCA,CUENCA,0.46682019550136017,wet-wet,402,153,142,79,67.25638773244071,1.4617508975421154,1.1746096194502402,0.42485286338300204
BRAGANCA,CUENCA,0.46682019550136017,dry-wet,563,192,281,68,43.96887691418899,0.7095937129300118,1.5465484854823763,-0.21398627453949873
BRAGANCA,DAROCA,0.4747846831028662,dry-dry,822,162,133,52,24.632620215490103,1.9838485101642995,2.111021870393636,0.3607556233982525
BRAGANCA,DAROCA,0.4747846831028662,wet-wet,286,126,126,70,52.85586402114196,1.2610229276895943,1.3243563660599798,0.31229741826277346
BRAGANCA,DAROCA,0.4747846831028662,dry-wet,537,166,245,57,42.755867139418015,0.7526186378165725,1.333150367740989,-0.20619360073378762
BRAGANCA,EXTREMO,0.15224337296101123,dry-dry,782,127,108,44,20.744111730975224,2.5086030912802566,2.121083831914526,0.4314115823172896
BRAGANCA,EXTREMO,0.15224337296101123,wet-wet,430,160,46,24,47.49621525622291,1.4021739130434783,0.5053034198731349,0.23213901481773855
BRAGANCA,EXTREMO,0.15224337296101123,dry-wet,513,166,282,70,33.895162875710774,0.7671109971802103,2.065191433263827,-0.17228303046762955
BRAGANCA,FISTERRA,0.2698283326744405,dry-dry,291,35,56,21,9.339412189978907,3.117857142857143,2.248535515172227,0.5996135342058542
BRAGANCA,FISTERRA,0.2698283326744405,wet-wet,136,36,46,22,18.153740760790527,1.8067632850241546,1.2118714423595187,0.4987806185762147
BRAGANCA,FISTERRA,0.2698283326744405,dry-wet,154,67,61,11,11.292438116528459,0.4144849522877416,0.9741031906917936,-0.4594977705912282
BRAGANCA,GETAFE,0.33392945921896694,dry-dry,906,160,84,43,20.569360933372266,2.898660714285714,2.090487893099084,0.5072746575193778
BRAGANCA,GETAFE,0.33392945921896694,wet-wet,315,115,124,68,54.21719259646557,1.5021037868162692,1.2542147009735234,0.4818939910538147
BRAGANCA,GETAFE,0.33392945921896694,dry-wet,372,146,166,28,26.61410227917365,0.4297738900808714,1.0520738105793956,-0.4239726296139186
BRAGANCA,GUARDA,0.17861565598157245,dry-dry,621,106,38,14,14.802556963112234,2.1583912611717975,0.9457825451972794,0.200694835037373
BRAGANCA,GUARDA,0.17861565598157245,wet-wet,181,67,38,25,25.854190532967912,1.777297721916732,0.9669612347027963,0.4555381809432162
BRAGANCA,GUARDA,0.17861565598157245,dry-wet,295,112,199,67,23.658618269124943,0.886800071787509,2.831948985264139,0.013495515185533628
BRAGANCA,HUELVA,0.6197697103525259,dry-dry,152,26,11,4,2.6915700244071346,2.125874125874126,1.4861214695244906,0.29898595934371996
BRAGANCA,LORCA,0.7171210143965437,dry-dry,1053,217,86,26,14.867085437210529,1.4670453327617619,1.7488296619944836,0.14905735565913225
BRAGANCA,LORCA,0.7171210143965437,wet-wet,110,47,74,25,27.026760113379307,0.7906843013225991,0.9250091352098108,-0.378649569673203
BRAGANCA,LORCA,0.7171210143965437,dry-wet,770,247,194,53,40.948005815201086,0.8516632580658625,1.294324325320987,0.05017485909546021
BRAGANCA,MONTSERRAT,0.7495117478832102,dry-dry,948,170,116,30,23.036093871546242,1.4421906693711968,1.3023041218396598,0.1466202871553815
BRAGANCA,MONTSERRAT,0.7495117478832102,wet-wet,198,80,100,37,41.710384128681646,0.91575,0.8870692699892302,-0.11129756897464656
BRAGANCA,MONTSERRAT,0.7495117478832102,dry-wet,671,206,270,71,51.98337053583327,0.8565444084861561,1.3658214015010466,-0.022784293255712056
BRAGANCA,OURENSE,0.12064456737178203,dry-dry,849,145,167,111,26.66010950030642,3.8917613049762543,4.163523784428725,0.8507752109254837
BRAGANCA,OURENSE,0.12064456737178203,wet-wet,535,188,142,108,70.9350884501935,2.1643691938867247,1.5225187190093,0.7596143914065813
BRAGANCA,OURENSE,0.12064456737178203,dry-wet,286,118,147,24,21.20394121273602,0.3957108267035628,1.1318650508983936,-0.4422789838900456
BRAGANCA,OVIEDO,0.22435278377673468,dry-dry,739,137,193,83,28.821004205412237,2.319768541280587,2.8798441375756645,0.5826767651578019
BRAGANCA,OVIEDO,0.22435278377673468,wet-wet,466,190,122,64,61.67305456632985,1.2866264020707507,1.0377303418815993,0.24026127703501834
BRAGANCA,OVIEDO,0.22435278377673468,dry-wet,613,153,272,35,44.48036632935016,0.5155469050365244,0.786864023125309,-0.41121407733490295
BRAGANCA,PAMPLONA,0.46645327053594415,dry-dry,648,123,123,47,21.372702552594887,2.01308744794765,2.1990667714735808,0.35798165160599854
BRAGANCA,PAMPLONA,0.46645327053594415,wet-wet,304,129,96,48,43.429178683881986,1.178294573643411,1.105247703379074,0.1616989704125313
BRAGANCA,PAMPLONA,0.46645327053594415,dry-wet,528,137,251,50,39.83168072056118,0.767731991741065,1.2552822049055519,-0.22230334525535972
BRAGANCA,PONFERRADA,0.10437614211645599,dry-dry,884,145,163,110,26.02928602780449,4.114237359847683,4.226009114598763,0.8501762205055712
BRAGANCA,PONFERRADA,0.10437614211645599,wet-wet,476,169,140,103,61.741612264375505,2.072189349112426,1.6682427980493524,0.7456232513331905
BRAGANCA,PONFERRADA,0.10437614211645599,dry-wet,235,102,132,25,17.7915942263241,0.4363487819370172,1.4051579460490662,-0.3849808489445439
BRAGANCA,PORTO,0.1860591662914998,dry-dry,1400,205,261,141,38.09261608499955,3.6893748247827305,3.7015047663141267,0.7601018321907252
BRAGANCA,PORTO,0.1860591662914998,wet-wet,653,232,220,154,92.81796100769748,1.970258620689655,1.6591616356152086,0.7337848112801908
BRAGANCA,PORTO,0.1860591662914998,dry-wet,448,211,181,35,32.76668640187253,0.41056793485376136,1.0681580545172196,-0.44599250614963715
BRAGANCA,SORIA,0.3717776204921634,dry-dry,820,144,123,68,26.180565888973653,3.1481481481481484,2.5973464549381355,0.6032529692190302
BRAGANCA,SORIA,0.3717776204921634,wet-wet,404,165,129,85,61.508650479853515,1.6133427296217995,1.381919442824401,0.5216143906655566
BRAGANCA,SORIA,0.3717776204921634,dry-wet,388,122,225,44,32.04722477152313,0.6219307832422587,1.3729738008109205,-0.32629097588484096
BRAGANCA,TARIFA,0.7951340263533716,dry-dry,841,159,62,30,14.71508151620511,2.559342665855143,2.0387246898335047,0.40327663028868477
BRAGANCA,TARIFA,0.7951340263533716,wet-wet,231,74,94,41,36.30292523310561,1.3615583668775157,1.1293855725601694,0.35700435259203245
BRAGANCA,TARIFA,0.7951340263533716,dry-wet,453,163,146,26,25.18308686779345,0.49491553912093456,1.032438959389498,-0.33078264653528455
BRAGANCA,TAVIRA,0.6434725936071012,dry-dry,675,131,49,25,10.05345438435135,2.628914161084281,2.486707458375065,0.4214891163902302
BRAGANCA,TAVIRA,0.6434725936071012,wet-wet,117,33,66,23,24.38245567344428,1.2355371900826446,0.9433012124800064,0.25493825351952204
BRAGANCA,TAVIRA,0.6434725936071012,dry-wet,308,131,77,10,16.35972960650286,0.3053435114503817,0.6112570464505159,-0.4830513959835405
BRAGANCA,TORREVIEJA,0.7409251484698183,dry-dry,1358,266,97,27,15.937904777444118,1.4210526315789473,1.6940746212897035,0.13092806921124586
BRAGANCA,TORREVIEJA,0.7409251484698183,wet-wet,120,53,83,37,32.111486259940385,1.0093203000681974,1.1522356735682495,0.033726087220003205
BRAGANCA,TORREVIEJA,0.7409251484698183,dry-wet,857,289,204,56,40.87257620304305,0.8140308026324716,1.3701118256360527,-0.008720542066108956
BRAGANCA,VALENCIA,0.6401888244730894,dry-dry,850,151,78,24,14.901883535988517,1.7320427916454406,1.6105346644294491,0.2294287247666352
BRAGANCA,VALENCIA,0.6401888244730894,wet-wet,159,71,83,37,33.026472348051115,0.9983030714406923,1.1203134143445193,0.0026775919749491253
BRAGANCA,VALENCIA,0.6401888244730894,dry-wet,530,161,175,39,32.91286209104783,0.7336291038154392,1.1849470851885546,-0.13354763300993222
BRAGANCA,VANDELLOS,0.6744162478337545,dry-dry,1018,186,97,34,19.511357619422306,1.9184125928389313,1.7425747948033703,0.26972151413351364
BRAGANCA,VANDELLOS,0.6744162478337545,wet-wet,167,72,106,49,41.01895772348537,1.0721960167714886,1.1945696019463967,0.12817369941335657
BRAGANCA,VANDELLOS,0.6744162478337545,dry-wet,589,177,209,44,39.71527888393883,0.7005649717514124,1.1078859631977542,-0.15403028699142904
BRAGANCA,VIMIANZO,0.2638751617933556,dry-dry,938,134,231,81,31.520084309569313,2.4545454545454546,2.5697900806505416,0.5601791639421243
BRAGANCA,VIMIANZO,0.2638751617933556,wet-wet,661,237,100,62,66.99564689380873,1.7291983122362868,0.9254332613322316,0.46809113307358974
BRAGANCA,VIMIANZO,0.2638751617933556,dry-wet,708,232,251,36,39.74012517998462,0.43769748591839536,0.9058854202636394,-0.40047073441342906
BRAGANCA,ZAMORA,0.0962742235541101,dry-dry,1110,200,143,109,28.68257555901141,4.23041958041958,3.80021660801499,0.799434995460849
BRAGANCA,ZAMORA,0.0962742235541101,wet-wet,454,163,185,117,74.50818702048534,1.7614989222351185,1.570297234152697,0.6796729249086145
BRAGANCA,ZAMORA,0.0962742235541101,dry-wet,309,120,163,23,23.817756687830062,0.3633435582822086,0.9656660911206678,-0.5046513712992607
CADIZ,CAMPDEVANOL,1.0717890415033757,dry-dry,881,90,160,27,18.86644964016582,1.651875,1.431111868685575,0.2362678714411493
CADIZ,CAMPDEVANOL,1.0717890415033757,wet-wet,215,98,77,34,46.48246733421342,0.9687251523986218,0.7314585896556808,-0.02536825275085414
CADIZ,CAMPDEVANOL,1.0717890415033757,dry-wet,556,138,274,49,38.44356833534252,0.7205120067703374,1.2745955207012505,-0.19912985756135393
CADIZ,CAMPI,0.594807536450854,dry-dry,487,41,86,17,8.042339034388387,2.3479863868406126,2.113812900365103,0.38557042440590505
CADIZ,CAMPI,0.594807536450854,wet-wet,121,60,23,16,17.903314021525976,1.4028985507246376,0.8936892901930037,0.28474280017858145
CADIZ,CAMPI,0.594807536450854,dry-wet,253,43,119,8,12.06574849383428,0.3955442642173148,0.6630338767701052,-0.458757059388721
CADIZ,CUENCA,0.6049412438117716,dry-dry,1195,104,170,62,20.847095304087638,4.1906108597285066,2.974035427748211,0.6565904450098355
CADIZ,CUENCA,0.6049412438117716,wet-wet,317,153,87,60,64.41913333154884,1.4288933964390353,0.9314002982808743,0.3763450491189217
CADIZ,CUENCA,0.6049412438117716,dry-wet,410,101,235,29,27.1906177912135,0.5009479671371393,1.0665443581561869,-0.39774484345072886
CADIZ,DAROCA,0.7578655035387859,dry-dry,972,96,159,45,17.645750712673255,2.865566037735849,2.5501890360312527,0.5085053259903746
CADIZ,DAROCA,0.7578655035387859,wet-wet,197,93,70,44,43.46153973887199,1.331490015360983,1.0123893507768758,0.3576866580567403
CADIZ,DAROCA,0.7578655035387859,dry-wet,414,91,221,23,26.826535796339822,0.47347222912833775,0.8573600473281418,-0.41753213953655866
CADIZ,ENCISO,0.8447094329758403,dry-dry,360,34,68,21,5.2555737673951555,3.2698961937716264,3.9957578238709277,0.6058032661096499
CADIZ,ENCISO,0.8447094329758403,dry-wet,144,38,78,12,10.070839821545354,0.582995951417004,1.1915590171861774,-0.3395782012276307
CADIZ,EXTREMO,0.7686705679666319,dry-dry,554,47,113,21,9.846941289346272,2.19054791941254,2.1326419426020733,0.3805762827429396
CADIZ,EXTREMO,0.7686705679666319,wet-wet,154,78,31,23,20.78771536649998,1.4648469809760132,1.106422692176418,0.38247824229089905
CADIZ,EXTREMO,0.7686705679666319,dry-wet,442,72,140,16,18.361121494529755,0.7015873015873015,0.8714064663624609,-0.24016698425256047
CADIZ,FISTERRA,0.914597475652859,dry-dry,525,36,110,19,9.927074262623336,2.518939393939394,1.9139576774938971,0.42859516836357253
CADIZ,FISTERRA,0.914597475652859,wet-wet,139,59,44,19,21.41120652782368,1.0173343605546996,0.8873857704053091,0.013742820702238806
CADIZ,FISTERRA,0.914597475652859,dry-wet,371,108,129,23,20.854379637095647,0.612474877978754,1.1028858398207988,-0.2788964010324339
CADIZ,GETAFE,0.5630490639145191,dry-dry,959,86,114,52,14.41453639643472,5.086495308037536,3.607469471780004,0.7377494370067866
CADIZ,GETAFE,0.5630490639145191,wet-wet,256,108,93,59,53.42975682145846,1.5037833532457188,1.1042535753466955,0.5142474762288609
CADIZ,GETAFE,0.5630490639145191,dry-wet,293,102,139,18,19.478504512813704,0.3719847651290732,0.9240955838349353,-0.4352484249591314
CADIZ,GUARDA,0.5556891139451701,dry-dry,443,38,57,17,6.823727628714686,3.476915974145891,2.491306940280398,0.5404450133515757
CADIZ,GUARDA,0.5556891139451701,dry-wet,160,39,95,10,9.961425150082594,0.4318488529014845,1.003872422804591,-0.4150330999017629
CADIZ,LORCA,0.4288301474473304,dry-dry,1437,145,100,26,12.9026198362943,2.5766896551724137,2.0150946342589706,0.30078813839766866
CADIZ,LORCA,0.4288301474473304,wet-wet,130,60,78,44,37.76433513251354,1.2222222222222223,1.1651204726789381,0.40583174422580426
CADIZ,LORCA,0.4288301474473304,dry-wet,455,165,164,29,24.506349303635563,0.487620103473762,1.1833667936699896,-0.2353781297085929
CADIZ,MONTSERRAT,0.9905720963354331,dry-dry,1183,111,139,24,17.92760855719588,1.8401711063581567,1.338717315442876,0.24629132564366524
CADIZ,MONTSERRAT,0.9905720963354331,wet-wet,189,90,86,41,47.91822986946348,1.0011627906976743,0.8556242605724421,0.0004004549985198529
CADIZ,MONTSERRAT,0.9905720963354331,dry-wet,528,150,269,47,36.84919357764737,0.6150185873605948,1.2754688891892083,-0.25293240716675597
CADIZ,OURENSE,0.8060136534809668,dry-dry,770,60,150,30,14.245804833262817,2.566666666666667,2.105883124971107,0.44191895545588983
CADIZ,OURENSE,0.8060136534809668,wet-wet,257,115,60,36,40.82448821364356,1.3408695652173912,0.8818236694506506,0.3156485469319901
CADIZ,OURENSE,0.8060136534809668,dry-wet,514,136,180,22,25.488216792475846,0.4619281045751634,0.8631439452639318,-0.41088537776519074
CADIZ,OVIEDO,0.9344404310848965,dry-dry,774,71,219,34,18.776769778548175,1.6924561065020258,1.810748089314268,0.2979134522607468
CADIZ,OVIEDO,0.9344404310848965,wet-wet,268,140,67,39,42.38870059763556,1.1142857142857143,0.9200565115264565,0.0846881404100353
CADIZ,OVIEDO,0.9344404310848965,dry-wet,740,133,285,32,38.755963451885115,0.6247196939717715,0.8256793832445287,-0.29833511003144764
CADIZ,PAMPLONA,0.9506366288314548,dry-dry,878,86,201,49,17.294255340612334,2.488834895290987,2.8333107748752058,0.4890588294022728
CADIZ,PAMPLONA,0.9506366288314548,wet-wet,236,120,63,35,40.72969959302945,1.0925925925925926,0.8593237944232213,0.07068951262729131
CADIZ,PAMPLONA,0.9506366288314548,dry-wet,605,113,294,43,34.44397615697249,0.7830654385648065,1.2484040693802279,-0.1506314125881952
CADIZ,PONFERRADA,0.8268519850314745,dry-dry,760,65,149,33,13.622190842879272,2.5895715023231802,2.4225178152785967,0.4371296563225499
CADIZ,PONFERRADA,0.8268519850314745,wet-wet,236,107,68,41,36.57880799285263,1.3298515667949422,1.120867580157649,0.3193319091415797
CADIZ,PONFERRADA,0.8268519850314745,dry-wet,471,133,151,23,25.311676378625354,0.5394114425135687,0.9086715417799247,-0.3343426469153774
CADIZ,PORTO,0.6785283486645897,dry-dry,924,49,169,21,14.991762317694326,2.3431952662721893,1.4007692728168677,0.3076648391747341
CADIZ,PORTO,0.6785283486645897,wet-wet,208,87,62,26,34.116405179964616,1.0025954764553207,0.7620967057592838,0.02561528289490281
CADIZ,PORTO,0.6785283486645897,dry-wet,517,163,180,37,28.607746842154985,0.651976823449216,1.2933559641781576,-0.23158264270547801
CADIZ,SORIA,0.7907146176192608,dry-dry,883,78,175,52,17.58211158692517,3.363809523809524,2.9575514717282014,0.6584887745530352
CADIZ,SORIA,0.7907146176192608,wet-wet,262,114,76,49,47.85037968982742,1.481763619575254,1.0240253121840321,0.4537992984540883
CADIZ,SORIA,0.7907146176192608,dry-wet,411,96,214,29,24.768065013773946,0.5801693925233645,1.170862559665949,-0.3264796263752767
CADIZ,TARIFA,0.08765658666392612,dry-dry,1171,103,97,67,14.737918523842126,7.852767490741668,4.546096512313554,0.8735080044324282
CADIZ,TARIFA,0.08765658666392612,wet-wet,299,142,105,91,57.58686819213207,1.8248826291079812,1.5802213743659195,0.8105416320879075
CADIZ,TARIFA,0.08765658666392612,dry-wet,179,65,102,13,11.189022969219419,0.3509803921568627,1.1618530085926635,-0.49470318044071415
CADIZ,TAVIRA,0.14776927129606074,dry-dry,587,39,37,17,5.825494429241826,6.915453915453916,2.9182072365679885,0.7432203258259713
CADIZ,TAVIRA,0.14776927129606074,dry-wet,109,66,42,14,8.233761020974597,0.5505050505050505,1.700316533882456,-0.3582044487997153
CADIZ,TORREVIEJA,0.5243109158763477,dry-dry,1150,113,74,23,8.741070903625776,3.163118871083473,2.6312565420856675,0.4271109927579932
CADIZ,TORREVIEJA,0.5243109158763477,dry-wet,341,127,124,25,18.218083547661305,0.5413385826771654,1.3722628911321084,-0.15844430189793737
CADIZ,VALENCIA,0.6552480366137539,dry-dry,1048,92,75,17,11.601984113979622,2.5820289855072462,1.4652666158641026,0.37394316093497837
CADIZ,VALENCIA,0.6552480366137539,wet-wet,148,64,77,36,36.965916628014426,1.0811688311688312,0.9738700750279133,0.11979471612922397
CADIZ,VALENCIA,0.6552480366137539,dry-wet,374,116,168,21,22.05790141006247,0.40301724137931033,0.9520397978757911,-0.4132846134136635
CADIZ,VANDELLOS,0.8695847380221294,dry-dry,1116,100,111,27,13.463146578334587,2.7145945945945944,2.0054747114949665,0.3816173557901077
CADIZ,VANDELLOS,0.8695847380221294,wet-wet,135,61,77,36,39.626980919774525,1.0347030019161167,0.9084719341320145,0.07166493526046841
CADIZ,VANDELLOS,0.8695847380221294,dry-wet,390,123,190,33,26.324344867522417,0.5507060333761232,1.2535924508690681,-0.27529823205868625
CADIZ,VIMIANZO,0.9261247633723952,dry-dry,953,68,236,27,20.27240033771036,1.603377367896311,1.3318600437154489,0.18725446129196874
CADIZ,VIMIANZO,0.9261247633723952,wet-wet,339,161,58,37,41.0903446913933,1.3432212465195974,0.900454845971393,0.2814540674118127
CADIZ,VIMIANZO,0.9261247633723952,dry-wet,965,190,264,32,38.26977992905469,0.6156299840510366,0.8361689055782986,-0.2765731226362856
CADIZ,ZAMORA,0.684990967360994,dry-dry,1150,99,181,60,18.780127772016343,3.850661309224845,3.194866442250944,0.6578819046118054
CADIZ,ZAMORA,0.684990967360994,wet-wet,284,126,101,65,56.15211011193975,1.4505736287914506,1.1575700337960924,0.4702840807407435
CADIZ,ZAMORA,0.684990967360994,dry-wet,404,136,189,30,26.185890962694078,0.4715219421101774,1.1456551179694332,-0.344411291976096
CAMPDEVANOL,CAMPI,0.930551267779798,dry-dry,430,83,83,25,15.891220886712569,1.5604587022789955,1.5731956769227045,0.25240485725315415
CAMPDEVANOL,CAMPI,0.930551267779798,wet-wet,174,86,61,35,25.190736340351705,1.160884483415936,1.3893996398960102,0.20056034145585958
CAMPDEVANOL,CAMPI,0.930551267779798,dry-wet,430,151,121,34,31.43818313993755,0.8001751409337201,1.0814874335663514,-0.1439620472155286
CAMPDEVANOL,CUENCA,0.47647032386013677,dry-dry,925,172,142,63,32.768007792407175,2.3859728136259415,1.9226069646686919,0.4741158357726176
CAMPDEVANOL,CUENCA,0.47647032386013677,wet-wet,415,155,174,91,81.11406397752052,1.4002595476455322,1.1218769660612642,0.40606448498190306
CAMPDEVANOL,CUENCA,0.47647032386013677,dry-wet,548,257,203,55,50.095728736034275,0.5777155891203926,1.0978979922581311,-0.37926184945681624
CAMPDEVANOL,DAROCA,0.3467956985495724,dry-dry,771,155,137,77,30.26234450305769,2.7957146220861784,2.5444162131000776,0.6391307345560826
CAMPDEVANOL,DAROCA,0.3467956985495724,wet-wet,352,133,172,96,74.72461223306337,1.4771813254065396,1.284717272276763,0.5291972518862557
CAMPDEVANOL,DAROCA,0.3467956985495724,dry-wet,413,202,150,39,39.388775433585735,0.5315841584158416,0.9901297913096776,-0.3944463129577662
CAMPDEVANOL,ENCISO,0.38762069543729993,dry-dry,208,44,43,25,6.62827118333364,2.748414376321353,3.771722566641644,0.6534457764575312
CAMPDEVANOL,ENCISO,0.38762069543729993,dry-wet,124,66,51,18,12.593667884798126,0.6631016042780749,1.4292897164397897,-0.31165182735238467
CAMPDEVANOL,EXTREMO,0.9290053864072733,dry-dry,483,102,111,37,18.80652235543926,1.5784313725490196,1.9674025479409694,0.27708116932846943
CAMPDEVANOL,EXTREMO,0.9290053864072733,wet-wet,253,110,79,42,33.24262645151131,1.2227848101265824,1.263438075847059,0.2244062065998792
CAMPDEVANOL,EXTREMO,0.9290053864072733,dry-wet,541,190,130,36,38.05741475388047,0.788502024291498,0.9459391877460439,-0.1461665183555774
CAMPDEVANOL,FISTERRA,1.0045598354012788,dry-dry,325,50,71,13,13.57821078861598,1.1901408450704225,0.9574162754123132,0.0417229770365371
CAMPDEVANOL,FISTERRA,1.0045598354012788,wet-wet,155,68,61,27,23.591903949900427,1.0089199614271938,1.1444604071522577,-0.008481484052592515
CAMPDEVANOL,FISTERRA,1.0045598354012788,dry-wet,363,153,113,49,31.144585572584774,1.0288044421308347,1.573307176806121,0.04611351388444658
CAMPDEVANOL,GETAFE,0.5769152621649386,dry-dry,750,138,102,43,21.912586467624536,2.291133844842285,1.9623425132186814,0.3992591995530349
CAMPDEVANOL,GETAFE,0.5769152621649386,wet-wet,279,88,138,58,55.94284583473163,1.3325098814229248,1.0367724261176432,0.28344278310101245
CAMPDEVANOL,GETAFE,0.5769152621649386,dry-wet,521,251,141,51,42.35236359339506,0.7507840976519454,1.2041830885668339,-0.18610987747271732
CAMPDEVANOL,GUARDA,0.8518445380091043,dry-dry,415,79,63,19,14.146512388279795,1.5842877235282298,1.3430872202636501,0.2603887257926406
CAMPDEVANOL,GUARDA,0.8518445380091043,wet-wet,124,59,55,35,21.238057330814044,1.337442218798151,1.647985004222534,0.4409665056653783
CAMPDEVANOL,GUARDA,0.8518445380091043,dry-wet,310,129,91,29,23.780617683802213,0.7658233239628588,1.2194805192025304,-0.14489554285381945
CAMPDEVANOL,LORCA,0.7075167147417136,dry-dry,1085,260,70,29,20.163241364551055,1.728846153846154,1.4382608170819613,0.1957742518728027
CAMPDEVANOL,LORCA,0.7075167147417136,wet-wet,157,74,102,48,43.753266933593984,0.9984101748807631,1.0970609365662098,-0.011651050154197195
CAMPDEVANOL,LORCA,0.7075167147417136,dry-wet,734,309,160,45,43.11569645322588,0.6680825242718447,1.043703423620173,-0.17840035443054378
CAMPDEVANOL,MONTSERRAT,0.09030225521937843,dry-dry,1071,230,153,124,36.422300500219464,3.773913043478261,3.404507631231389,0.8375398993874724
CAMPDEVANOL,MONTSERRAT,0.09030225521937843,wet-wet,437,189,229,152,106.66145571604474,1.5347150019639102,1.425069618444511,0.7055764765880662
CAMPDEVANOL,MONTSERRAT,0.09030225521937843,dry-wet,368,176,157,31,32.5021611426819,0.4128546612623046,0.9537827304440609,-0.5232942709059025
CAMPDEVANOL,OURENSE,0.8751417513397731,dry-dry,582,84,117,24,21.777882151669367,1.4212454212454213,1.1020355346243023,0.16854262718953614
CAMPDEVANOL,OURENSE,0.8751417513397731,wet-wet,315,121,97,35,48.10804440765361,0.9393371389622561,0.7275290532165506,-0.04054770320504602
CAMPDEVANOL,OURENSE,0.8751417513397731,dry-wet,612,270,170,68,50.24389107008581,0.9066666666666666,1.3533983644926302,-0.09724449841132915
CAMPDEVANOL,OVIEDO,0.7184696533269695,dry-dry,631,95,179,46,33.1932874946884,1.7069097324316378,1.3858223596370483,0.2935253018669978
CAMPDEVANOL,OVIEDO,0.7184696533269695,wet-wet,459,186,131,77,69.77152114950752,1.4505048017729623,1.1036021392597013,0.3961388804074684
CAMPDEVANOL,OVIEDO,0.7184696533269695,dry-wet,643,285,220,75,58.66827371402313,0.7691387559808612,1.278374072596467,-0.2113821311022955
CAMPDEVANOL,PAMPLONA,0.3418258987508539,dry-dry,670,140,160,84,29.447716834363124,2.5125,2.852513166724652,0.6451819896718133
CAMPDEVANOL,PAMPLONA,0.3418258987508539,wet-wet,386,157,156,81,64.07497719310344,1.276580107790299,1.2641440317003851,0.27883548135572
CAMPDEVANOL,PAMPLONA,0.3418258987508539,dry-wet,491,215,184,47,44.92357784663055,0.5833417593528817,1.0462212106181386,-0.3342603446822999
CAMPDEVANOL,PONFERRADA,0.7665255483779059,dry-dry,631,99,119,32,21.920542790311288,1.71394618453442,1.4598178661042898,0.25972888158178736
CAMPDEVANOL,PONFERRADA,0.7665255483779059,wet-wet,277,98,101,37,41.25804511787585,1.0354617094362497,0.8967947922469315,0.0029396443738929946
CAMPDEVANOL,PONFERRADA,0.7665255483779059,dry-wet,567,261,150,61,46.160398244646515,0.883448275862069,1.3214790668985297,-0.11584112934661166
CAMPDEVANOL,PORTO,0.9561303283378876,dry-dry,749,129,153,27,25.478536707496524,1.024623803009576,1.0597154895499088,-0.011216688476541822
CAMPDEVANOL,PORTO,0.9561303283378876,wet-wet,277,106,104,37,45.045594440519324,0.9296988388969522,0.821389981851762,-0.07689994186225976
CAMPDEVANOL,PORTO,0.9561303283378876,dry-wet,786,324,218,85,62.88642706699215,0.9458885490995583,1.3516430168540268,-0.01283270917243208
CAMPDEVANOL,SORIA,0.41037893444346774,dry-dry,668,125,137,66,27.796019120672415,2.5744817518248175,2.374440732446992,0.5941452646787236
CAMPDEVANOL,SORIA,0.41037893444346774,wet-wet,348,124,144,66,61.19543344366575,1.2862903225806452,1.078511847795917,0.2549554689175815
CAMPDEVANOL,SORIA,0.41037893444346774,dry-wet,484,250,166,63,46.30582867345356,0.7347469879518073,1.3605198698477663,-0.2261474421189289
CAMPDEVANOL,TARIFA,1.0839945897290157,dry-dry,717,150,80,28,16.89740255228422,1.673,1.6570594156919645,0.29212916107800907
CAMPDEVANOL,TARIFA,1.0839945897290157,wet-wet,226,80,94,34,41.767034530468514,1.021808510638298,0.8140391191813591,0.01179004875113873
CAMPDEVANOL,TARIFA,1.0839945897290157,dry-wet,527,249,146,44,35.771117194011396,0.6378390273422457,1.2300426559606095,-0.25250613118329274
CAMPDEVANOL,TAVIRA,1.1036618996395817,dry-dry,476,100,45,12,9.56295552696355,1.2693333333333334,1.2548421841098183,0.10197376134399015
CAMPDEVANOL,TAVIRA,1.1036618996395817,dry-wet,338,148,72,28,21.54703883990939,0.8881381381381381,1.2994825046743057,0.013132690194526243
CAMPDEVANOL,TORREVIEJA,0.6306718076793942,dry-dry,990,216,59,31,15.200071962357795,2.40819209039548,2.039464028642096,0.41344430823503925
CAMPDEVANOL,TORREVIEJA,0.6306718076793942,wet-wet,139,51,95,32,42.975586683901696,0.9180598555211559,0.7446087993020218,-0.15785899588527472
CAMPDEVANOL,TORREVIEJA,0.6306718076793942,dry-wet,599,260,133,38,31.645750093530253,0.6582417582417582,1.2007931519300226,-0.20416792370693418
CAMPDEVANOL,VALENCIA,0.43415396772255566,dry-dry,871,197,76,52,20.784660426413044,3.025113545284531,2.501845059441946,0.6192510098795317
CAMPDEVANOL,VALENCIA,0.43415396772255566,wet-wet,246,96,147,71,59.092160845759366,1.2376700680272108,1.2015130092352204,0.33429411652720253
CAMPDEVANOL,VALENCIA,0.43415396772255566,dry-wet,478,216,149,39,32.63579384188009,0.5792319164802386,1.1950069359107485,-0.30794338964176043
CAMPDEVANOL,VANDELLOS,0.20610674919433536,dry-dry,944,203,115,85,25.058563976307966,3.4371385735703575,3.392053913399214,0.7489766904935095
CAMPDEVANOL,VANDELLOS,0.20610674919433536,wet-wet,278,109,181,92,78.41970103840804,1.2963657559937147,1.1731745821747097,0.5098626286888924
CAMPDEVANOL,VANDELLOS,0.20610674919433536,dry-wet,412,208,121,24,30.51807203148944,0.39287984742530196,0.7864192723326722,-0.5379612313404862
CAMPDEVANOL,VIMIANZO,0.9852292676745756,dry-dry,713,109,176,34,31.79807465405241,1.2636572143452878,1.0692471280070717,0.1197001387016561
CAMPDEVANOL,VIMIANZO,0.9852292676745756,wet-wet,489,204,105,41,57.77884019036897,0.9359943977591036,0.7096023365113203,-0.015791027597435652
CAMPDEVANOL,VIMIANZO,0.9852292676745756,dry-wet,1008,391,257,103,73.30121333574549,1.033208275697354,1.4051609149799957,0.00673901250535141
CAMPDEVANOL,ZAMORA,0.696348196416862,dry-dry,839,160,136,51,26.483166751329783,1.96640625,1.9257515718900637,0.3514764938629363
CAMPDEVANOL,ZAMORA,0.696348196416862,wet-wet,285,99,143,58,54.25172246865267,1.1676202585293494,1.0690904797264849,0.12532641112929485
CAMPDEVANOL,ZAMORA,0.696348196416862,dry-wet,683,309,193,79,56.66682274286748,0.9047571138722605,1.3941138072708257,-0.05988397638494936
CAMPI,CUENCA,0.5378713541269116,dry-dry,563,92,91,35,15.728366301034827,2.3536789297658864,2.225278794384209,0.46233075875687657
CAMPI,CUENCA,0.5378713541269116,wet-wet,222,53,106,33,30.234648788206826,1.3040227839088643,1.0914629844442516,0.24887931025969207
CAMPI,CUENCA,0.5378713541269116,dry-wet,356,161,121,35,24.419224102606147,0.6395975565936041,1.4332969734392427,-0.2577717009660983
CAMPI,DAROCA,0.5972641924112667,dry-dry,399,72,83,24,13.212289701661575,1.6024096385542168,1.8164905964014522,0.27733716255442337
CAMPI,DAROCA,0.5972641924112667,wet-wet,147,45,83,29,21.99854339362613,1.1413654618473896,1.3182690999624311,0.1653097046198034
CAMPI,DAROCA,0.5972641924112667,dry-wet,327,132,108,29,22.658583907684225,0.6651936026936027,1.2798681558455736,-0.26527610475898744
CAMPI,EXTREMO,0.17576614495042542,dry-dry,700,112,140,80,22.440178328547436,3.5714285714285716,3.565034057604944,0.7839343814281415
CAMPI,EXTREMO,0.17576614495042542,wet-wet,431,125,119,79,38.56135652778781,2.2890084033613447,2.04868311474135,0.7187101108143644
CAMPI,EXTREMO,0.17576614495042542,dry-wet,261,133,109,30,16.944176941590396,0.5401117472580534,1.7705197545690983,-0.2668017189483919
CAMPI,GETAFE,0.3959723204893544,dry-dry,408,70,56,22,9.758046572167428,2.289795918367347,2.254549600403621,0.40845568255091197
CAMPI,GETAFE,0.3959723204893544,wet-wet,163,31,72,18,22.47075371122944,1.314516129032258,0.8010412214613324,0.2207451067789344
CAMPI,GETAFE,0.3959723204893544,dry-wet,272,122,75,17,16.124575677689464,0.5053551912568306,1.0542913091053803,-0.37273839135138553
CAMPI,GUARDA,0.08885525402102486,dry-dry,648,126,85,60,18.59409501073021,3.630252100840336,3.226830881813577,0.7298851648846695
CAMPI,GUARDA,0.08885525402102486,wet-wet,274,75,107,63,31.996649505693977,2.1510280373831776,1.9689561555121204,0.8106239731770605
CAMPI,GUARDA,0.08885525402102486,dry-wet,196,92,82,15,12.606137293837124,0.3897136797454931,1.1898966075304593,-0.4158925063857185
CAMPI,HUELVA,0.47944591776863715,dry-dry,123,21,9,4,2.043431499964028,2.6031746031746033,1.9574916017837716,0.4718260137515925
CAMPI,HUELVA,0.47944591776863715,dry-wet,107,37,21,7,5.028075090064273,0.963963963963964,1.3921828681183281,-0.06455950692198147
CAMPI,LORCA,0.703582217755221,dry-dry,569,121,57,21,8.701513643553433,1.7324923879947804,2.413373219906168,0.2562990132146959
CAMPI,LORCA,0.703582217755221,dry-wet,470,145,95,30,21.228346274488537,1.0235934664246824,1.4132047599041155,0.04323696705126501
CAMPI,MONTSERRAT,0.8866835084331894,dry-dry,495,96,70,25,13.596762665587907,1.8415178571428572,1.8386729705353015,0.3135299173335145
CAMPI,MONTSERRAT,0.8866835084331894,wet-wet,137,51,90,38,23.243513233118676,1.1342047930283223,1.6348647305974144,0.27187866720951426
CAMPI,MONTSERRAT,0.8866835084331894,dry-wet,399,122,125,28,25.470631824820888,0.7325901639344262,1.0993052780384611,-0.21589932494796762
CAMPI,OURENSE,0.2263753720251343,dry-dry,318,35,59,14,9.693671509987057,2.1559322033898307,1.4442412233152608,0.2587538392883814
CAMPI,OURENSE,0.2263753720251343,wet-wet,233,33,68,15,24.44559448103242,1.5574866310160427,0.6136074952744001,0.3242501686875109
CAMPI,OURENSE,0.2263753720251343,dry-wet,271,184,107,54,19.661868105131468,0.7432954083705811,2.7464328267926263,-0.08722521863704034
CAMPI,OVIEDO,0.41781324005064313,dry-dry,390,54,113,27,16.339772063764883,1.7256637168141593,1.6524098313387898,0.2892036424830798
CAMPI,OVIEDO,0.41781324005064313,wet-wet,261,73,80,25,27.43475595620189,1.1172945205479452,0.9112528662515225,0.0919303092300427
CAMPI,OVIEDO,0.41781324005064313,dry-wet,391,155,155,42,28.077669542892608,0.6835379812695109,1.495850641586869,-0.20655735984046303
CAMPI,PAMPLONA,0.6440568746726213,dry-dry,190,36,45,17,7.228340804622347,1.9938271604938271,2.351853690839939,0.4554667475918641
CAMPI,PAMPLONA,0.6440568746726213,wet-wet,153,38,50,14,17.37095641586836,1.1273684210526316,0.8059429581672893,0.12020363841146825
CAMPI,PAMPLONA,0.6440568746726213,dry-wet,191,66,75,11,13.681476801765676,0.42444444444444446,0.8040067720306615,-0.4003478937458275
CAMPI,PONFERRADA,0.293050249115832,dry-dry,320,28,61,12,9.149218422722926,2.2482435597189694,1.3115874433817096,0.24039222518254422
CAMPI,PONFERRADA,0.293050249115832,wet-wet,164,27,57,16,16.81986386251507,1.705003248862898,0.9512562129386655,0.3442055256456416
CAMPI,PONFERRADA,0.293050249115832,dry-wet,230,149,90,45,16.114173715354198,0.7718120805369127,2.792572600674044,-0.058507350695536586
CAMPI,PORTO,0.08517060085701143,dry-dry,675,42,122,14,17.218853744845354,1.8442622950819672,0.8130622518465288,0.04267437731886158
CAMPI,PORTO,0.08517060085701143,wet-wet,293,25,105,14,31.250248980355913,1.5626666666666666,0.447996430646056,0.1122219341000954
CAMPI,PORTO,0.08517060085701143,dry-wet,419,306,159,112,31.700614010093517,0.9645250133596416,3.5330545952308388,0.10445228252959951
CAMPI,SORIA,0.5224363497600538,dry-dry,385,58,72,26,12.295344449917504,2.3970306513409962,2.1146215224718206,0.47414028527035873
CAMPI,SORIA,0.5224363497600538,wet-wet,180,35,66,17,22.090712075235402,1.3246753246753247,0.7695541882987873,0.23332994984222938
CAMPI,SORIA,0.5224363497600538,dry-wet,265,135,106,38,19.60270919447637,0.7037037037037037,1.9385075615317295,-0.15721470659380096
CAMPI,TARIFA,0.6756820176917664,dry-dry,371,67,37,17,6.863537647475241,2.54417103670835,2.4768568154140547,0.44194106094510144
CAMPI,TARIFA,0.6756820176917664,wet-wet,127,29,56,15,16.306665953862723,1.1730295566502462,0.9198692143716111,0.1446355386530335
CAMPI,TARIFA,0.6756820176917664,dry-wet,254,111,54,13,12.610267703826194,0.5508842175508842,1.030905949447493,-0.34813030257884003
CAMPI,TAVIRA,0.48806462358252617,dry-dry,611,111,44,12,8.813034038228137,1.5012285012285012,1.3616196133984981,0.1294532681839286
CAMPI,TAVIRA,0.48806462358252617,wet-wet,114,18,58,5,18.68810385730906,0.5459770114942529,0.26754988297244836,-0.30891968360654387
CAMPI,TAVIRA,0.48806462358252617,dry-wet,409,175,94,35,20.066270342880777,0.8702127659574468,1.7442204954852258,-0.13626951940103013
CAMPI,TORREVIEJA,0.7517701721644506,dry-dry,713,151,60,20,9.046029529458835,1.5739514348785872,2.210914737219133,0.17666750152204067
CAMPI,TORREVIEJA,0.7517701721644506,dry-wet,521,163,98,21,21.274376842202273,0.6849255039439088,0.9871029434028833,-0.14622986325526305
CAMPI,VALENCIA,0.7046211963773623,dry-dry,395,72,49,17,7.808274070545941,1.903344671201814,2.1771776767066515,0.3353387122734699
CAMPI,VALENCIA,0.7046211963773623,dry-wet,300,106,61,17,16.015482228052576,0.7887411073306526,1.0614728771777444,-0.17950047971253244
CAMPI,VANDELLOS,0.7943343344562259,dry-dry,582,123,69,26,12.410178266972665,1.7829621774478615,2.0950545141800316,0.2855440408009782
CAMPI,VANDELLOS,0.7943343344562259,wet-wet,116,31,75,19,22.649592339699737,0.9479569892473119,0.8388671952694351,-0.079020615273767
CAMPI,VANDELLOS,0.7943343344562259,dry-wet,407,140,119,22,22.833807685835623,0.5374549819927971,0.9634836336844137,-0.31511077263877574
CAMPI,VIMIANZO,0.33188331535077403,dry-dry,467,51,124,20,17.750093424839992,1.4769133459835546,1.126754632852322,0.11231191039498319
CAMPI,VIMIANZO,0.33188331535077403,wet-wet,365,83,80,29,28.94536328781982,1.5941265060240963,1.0018875808065317,0.32640577798899517
CAMPI,VIMIANZO,0.33188331535077403,dry-wet,400,209,144,54,25.21408634762279,0.7177033492822966,2.14165999336681,-0.1337126916451941
CAMPI,ZAMORA,0.24491799038185072,dry-dry,424,58,65,23,10.576223171460347,2.586737400530504,2.1746893600037565,0.42402431121898754
CAMPI,ZAMORA,0.24491799038185072,wet-wet,174,21,69,14,22.37948997135943,1.681159420289855,0.6255727908865109,0.33783194549188855
CAMPI,ZAMORA,0.24491799038185072,dry-wet,265,154,83,40,18.193072790828275,0.8292911907369739,2.1986390347520244,-0.09476610950355409
CUENCA,DAROCA,0.15597118520424372,dry-dry,1026,184,183,112,33.73958454935653,3.412687099073414,3.319542949207299,0.7519288052729727
CUENCA,DAROCA,0.15597118520424372,wet-wet,440,182,182,132,87.8362104326186,1.753411423741094,1.5027970736654284,0.7414505285361478
CUENCA,DAROCA,0.15597118520424372,dry-wet,327,140,169,36,28.720274675080148,0.49754860524091293,1.253469906095163,-0.40919226259030855
CUENCA,ENCISO,0.2839819208102553,dry-dry,222,39,37,21,5.987988361737315,3.230769230769231,3.5070208442935584,0.6771071704528525
CUENCA,ENCISO,0.2839819208102553,wet-wet,109,35,47,24,25.90306677750643,1.590273556231003,0.9265312175638212,0.5641724321722558
CUENCA,EXTREMO,0.6103461419028682,dry-dry,653,104,123,42,19.033177272944577,2.1439962476547842,2.2066730844619658,0.4151678660883834
CUENCA,EXTREMO,0.6103461419028682,wet-wet,285,133,65,32,35.06616042548147,1.054945054945055,0.9125607027322732,0.03857801275927878
CUENCA,EXTREMO,0.6103461419028682,dry-wet,554,177,191,45,34.85109486653231,0.73742124412104,1.2912076413190032,-0.18397353807226713
CUENCA,FISTERRA,0.7362258957942696,dry-dry,370,54,79,23,12.340829414511854,1.9948429442100328,1.8637321064460863,0.3654256803977953
CUENCA,FISTERRA,0.7362258957942696,wet-wet,174,60,60,20,24.676856031020325,0.9666666666666667,0.81047601748208,-0.03930177024417301
CUENCA,FISTERRA,0.7362258957942696,dry-wet,346,141,105,33,26.655948557881445,0.771225937183384,1.2379975872305917,-0.16768062872591427
CUENCA,GETAFE,0.1423490767424703,dry-dry,1060,173,140,103,27.28491609832343,4.5078447563996695,3.774979539201479,0.8307798791699508
CUENCA,GETAFE,0.1423490767424703,wet-wet,462,154,210,124,87.15442240050282,1.7714285714285714,1.4227619962895262,0.6969218200626174
CUENCA,GETAFE,0.1423490767424703,dry-wet,274,161,92,15,22.52801428438833,0.2774777207669457,0.6658376459923873,-0.6002940337954962
CUENCA,GUARDA,0.44932456521916075,dry-dry,512,93,63,32,13.94718535524417,2.7963816350913127,2.2943697373296854,0.4890887801332535
CUENCA,GUARDA,0.44932456521916075,wet-wet,171,75,52,34,27.758322614084122,1.4907692307692308,1.224857873175267,0.45567308560428305
CUENCA,GUARDA,0.44932456521916075,dry-wet,233,94,112,23,17.71271309022619,0.509023556231003,1.2985023741332613,-0.3432351186802438
CUENCA,HUELVA,0.5686924469332375,dry-dry,108,25,10,7,2.3598033862543453,3.024,2.966348824132725,0.5890337445310604
CUENCA,LORCA,0.33099917544519153,dry-dry,1336,256,103,53,20.156336056761774,2.685376213592233,2.629446137966145,0.4375430319871686
CUENCA,LORCA,0.33099917544519153,wet-wet,205,83,125,56,53.81982925447649,1.1065060240963855,1.0405086893757132,0.17300749383488923
CUENCA,LORCA,0.33099917544519153,dry-wet,697,289,174,44,38.97930023167865,0.6098715348208249,1.1288042560661724,-0.2428707289807625
CUENCA,MONTSERRAT,0.404222775834902,dry-dry,1205,205,151,76,31.568551707480655,2.958488127927637,2.4074591924339255,0.5817749775356602
CUENCA,MONTSERRAT,0.404222775834902,wet-wet,360,154,161,97,82.67675587131014,1.4084052593369363,1.1732439060742126,0.4648888847611719
CUENCA,MONTSERRAT,0.404222775834902,dry-wet,523,199,253,62,44.791882767107744,0.6440502909805946,1.3841793684441588,-0.264323128122644
CUENCA,OURENSE,0.5869958338954031,dry-dry,786,111,149,44,24.76516946396253,2.0910575004534735,1.7766888316281209,0.36274163514191543
CUENCA,OURENSE,0.5869958338954031,wet-wet,401,143,119,57,57.50185292313455,1.3431862255391667,0.9912724043205112,0.3003357067949977
CUENCA,OURENSE,0.5869958338954031,dry-wet,553,251,183,52,40.621000087167616,0.6260422789715455,1.2801260404326449,-0.2767117748643479
CUENCA,OVIEDO,0.5542196369555283,dry-dry,812,121,218,63,33.49728532442877,1.93934339222079,1.8807494216271787,0.40622147993766894
CUENCA,OVIEDO,0.5542196369555283,wet-wet,477,200,122,67,68.2338797406753,1.309795081967213,0.9819169048372348,0.2646368162329365
CUENCA,OVIEDO,0.5542196369555283,dry-wet,701,245,269,55,53.91433529322278,0.5850087246794629,1.0201368467379341,-0.31867733934164716
CUENCA,PAMPLONA,0.37728295981940707,dry-dry,830,144,175,78,28.785736231106643,2.5690476190476192,2.7096753535770643,0.5845960160838832
CUENCA,PAMPLONA,0.37728295981940707,wet-wet,395,163,127,74,61.67493412644206,1.4120090816868751,1.199839141267502,0.38363764585641125
CUENCA,PAMPLONA,0.37728295981940707,dry-wet,554,171,260,54,44.440696893296774,0.6728744939271255,1.2151024573186904,-0.22767024165341118
CUENCA,PONFERRADA,0.5175157063337764,dry-dry,834,115,150,52,24.797319244848385,2.514086956521739,2.097000868785562,0.4980788001495214
CUENCA,PONFERRADA,0.5175157063337764,wet-wet,389,142,134,66,54.53249540388023,1.3492747529955855,1.2102875452734885,0.2944351076381489
CUENCA,PONFERRADA,0.5175157063337764,dry-wet,503,245,169,57,37.31122093625021,0.6924526023427122,1.527690559828904,-0.20673191723699696
CUENCA,PORTO,0.5930232469381617,dry-dry,1045,133,196,53,28.27372117524804,2.1246355685131197,1.8745321732322362,0.3533977939329832
CUENCA,PORTO,0.5930232469381617,wet-wet,369,144,133,61,56.02416518631126,1.175281954887218,1.0888158671734125,0.18092461395638873
CUENCA,PORTO,0.5930232469381617,dry-wet,686,295,217,69,49.74412230921763,0.739420448332422,1.3870985514848302,-0.16460699357603423
CUENCA,SORIA,0.23474329347633568,dry-dry,940,147,187,105,32.34542115925994,3.590527119938885,3.246209084216555,0.7839666819987703
CUENCA,SORIA,0.23474329347633568,wet-wet,500,179,168,115,82.63075084753828,1.9120776802341048,1.3917336926078054,0.7078017711987785
CUENCA,SORIA,0.23474329347633568,dry-wet,353,170,163,38,30.527514205689457,0.4840851678094551,1.2447787181085934,-0.4054029017743402
CUENCA,TARIFA,0.6297168170047481,dry-dry,998,158,97,56,19.196831055407998,3.6466135978076473,2.917148139626101,0.6492199037528626
CUENCA,TARIFA,0.6297168170047481,wet-wet,321,100,137,68,55.786871298741694,1.5932846715328468,1.2189247831421903,0.491037176912076
CUENCA,TARIFA,0.6297168170047481,dry-wet,426,221,125,40,27.62255136092851,0.6168325791855204,1.448092157648374,-0.24017727832985378
CUENCA,TAVIRA,0.6273238365802263,dry-dry,618,100,47,20,9.480440400314569,2.629787234042553,2.109606638035126,0.420781983348069
CUENCA,TAVIRA,0.6273238365802263,wet-wet,103,28,60,18,23.495728375278155,1.1035714285714286,0.7660967011748112,0.05503206344464069
CUENCA,TAVIRA,0.6273238365802263,dry-wet,297,160,74,33,19.310859482312747,0.8277871621621622,1.7088830266837913,-0.140015803718087
CUENCA,TORREVIEJA,0.31060899075764636,dry-dry,1274,230,85,39,15.727436054109454,2.5414833759590794,2.4797430341361717,0.41855012551008236
CUENCA,TORREVIEJA,0.31060899075764636,wet-wet,166,72,106,49,48.22065045477406,1.0657756813417192,1.0161621533072618,0.11971953816038004
CUENCA,TORREVIEJA,0.31060899075764636,dry-wet,595,249,159,38,30.678791609613604,0.5710893890025511,1.2386407027874005,-0.27542979612987956
CUENCA,VALENCIA,0.17354668280987262,dry-dry,1044,178,87,59,20.494716016773523,3.9775280898876404,2.8787908040156562,0.7196815415162505
CUENCA,VALENCIA,0.17354668280987262,wet-wet,310,127,157,95,70.04220124484124,1.4770048648377552,1.3563251627103448,0.6000897207942466
CUENCA,VALENCIA,0.17354668280987262,dry-wet,378,157,131,21,24.202232128320713,0.38595808819954297,0.8676885623052281,-0.4728881232892157
CUENCA,VANDELLOS,0.2888441389351466,dry-dry,1151,204,118,74,23.905023240049843,3.538301761382519,3.0955836878678435,0.6724066296889041
CUENCA,VANDELLOS,0.2888441389351466,wet-wet,266,115,158,87,70.75348790500789,1.273637864611998,1.2296213596820036,0.43592539326777135
CUENCA,VANDELLOS,0.2888441389351466,dry-wet,443,177,183,35,32.45511987694391,0.4786823500355037,1.0784122854176845,-0.4161314893477393
CUENCA,VIMIANZO,0.7281760300774118,dry-dry,932,122,220,50,33.21036162089477,1.7362146050670642,1.5055542174085146,0.290167963194356
CUENCA,VIMIANZO,0.7281760300774118,wet-wet,571,229,121,57,63.805886683234405,1.1746003103684723,0.8933345019242133,0.15222931295936476
CUENCA,VIMIANZO,0.7281760300774118,dry-wet,962,337,264,69,59.80044087123313,0.746088481251686,1.1538376472604284,-0.18507592251454
CUENCA,ZAMORA,0.3713052010065315,dry-dry,1135,176,183,92,30.282889488941095,3.242051664182812,3.038019209943528,0.6496956272481869
CUENCA,ZAMORA,0.3713052010065315,wet-wet,451,142,196,97,80.64282056838253,1.5718237999425122,1.2028349122256594,0.4928079910872711
CUENCA,ZAMORA,0.3713052010065315,dry-wet,489,258,169,49,39.083336099241095,0.5495390119719279,1.2537312545576544,-0.33081087416591926
DAROCA,ENCISO,0.1598784095397237,dry-dry,225,40,44,30,6.4225536933855985,3.835227272727273,4.671039189737897,0.8730073868954742
DAROCA,ENCISO,0.1598784095397237,wet-wet,105,45,50,33,27.219478517600983,1.54,1.2123670914070286,0.6387671777233993
DAROCA,EXTREMO,0.6268314023676244,dry-dry,465,84,95,28,15.84562577353427,1.631578947368421,1.7670491781249968,0.2812629867426887
DAROCA,EXTREMO,0.6268314023676244,wet-wet,197,111,49,30,26.79374489839766,1.086596800882515,1.1196643139568774,0.056195792973228215
DAROCA,EXTREMO,0.6268314023676244,dry-wet,474,153,147,36,30.248406280009828,0.758703481392557,1.19014534738616,-0.20642410861603958
DAROCA,FISTERRA,0.7307199253440032,dry-dry,340,38,60,5,11.908333134876287,0.7456140350877193,0.4198740447860291,-0.12480138543620732
DAROCA,FISTERRA,0.7307199253440032,wet-wet,119,55,40,18,18.383548962936306,0.9736363636363636,0.9791362938837549,-0.020023479877150325
DAROCA,FISTERRA,0.7307199253440032,dry-wet,324,128,104,41,25.45107529239279,0.9978966346153846,1.6109339007870804,-0.008541789790559426
DAROCA,GETAFE,0.23030995544445876,dry-dry,849,145,113,62,22.29844888161648,3.2125724748245346,2.780462458584493,0.6283999597968771
DAROCA,GETAFE,0.23030995544445876,wet-wet,315,116,152,85,64.47558639902476,1.518545825771325,1.3183284518570224,0.5286413467725405
DAROCA,GETAFE,0.23030995544445876,dry-wet,325,181,101,23,26.36312622314094,0.4088944806082818,0.872430674773735,-0.48735694348401754
DAROCA,GUARDA,0.5140542061979136,dry-dry,400,86,54,21,12.400107998128089,1.8087855297157622,1.693533637220752,0.26277915001670604
DAROCA,GUARDA,0.5140542061979136,wet-wet,101,58,40,25,18.06448373603217,1.0883620689655173,1.3839310530715008,0.14964958648065718
DAROCA,GUARDA,0.5140542061979136,dry-wet,247,98,111,27,18.475917177310738,0.6130722559293987,1.4613618225761058,-0.26526594267929826
DAROCA,HUELVA,0.7141266046371236,dry-dry,102,18,11,4,2.206571016890381,2.0606060606060606,1.8127673976417111,0.3617278248391742
DAROCA,LORCA,0.47202452416507534,dry-dry,1070,226,83,34,17.30734520530026,1.9394391726196822,1.9644838417845696,0.28096106707128793
DAROCA,LORCA,0.47202452416507534,wet-wet,144,50,98,37,41.02668441240627,1.0873469387755101,0.9018520636001329,0.09043083340434775
DAROCA,LORCA,0.47202452416507534,dry-wet,586,264,144,34,35.24664099977655,0.5240951178451179,0.9646309275319468,-0.26304240401258755
DAROCA,MONTSERRAT,0.2910082912643215,dry-dry,1027,188,132,76,29.65041744780261,3.145228884590587,2.5632016862424427,0.641928250768834
DAROCA,MONTSERRAT,0.2910082912643215,wet-wet,307,148,158,107,76.49914662189272,1.4047639411563462,1.398708413426647,0.5857145346197985
DAROCA,MONTSERRAT,0.2910082912643215,dry-wet,412,180,185,48,36.7161850389451,0.5938738738738739,1.3073253647971892,-0.31312948784964617
DAROCA,OURENSE,0.5865524225928678,dry-dry,646,78,135,30,21.733957322975986,1.8404558404558404,1.3803284673005958,0.26503956607804696
DAROCA,OURENSE,0.5865524225928678,wet-wet,298,139,103,51,46.81650199000158,1.061535237829154,1.089359474377045,0.07435288953056496
DAROCA,OURENSE,0.5865524225928678,dry-wet,504,214,151,39,38.40798736337602,0.608281240329269,1.0154137896115976,-0.3396225443589444
DAROCA,OVIEDO,0.4948231891479282,dry-dry,711,102,188,63,32.32623083977046,2.335888610763454,1.9488817088595456,0.5551483666050737
DAROCA,OVIEDO,0.4948231891479282,wet-wet,401,187,98,66,62.2391141962913,1.4441776710684273,1.0604264031111934,0.39389346579594714
DAROCA,OVIEDO,0.4948231891479282,dry-wet,522,199,205,42,41.34614966846785,0.5374188013236916,1.0158140561279592,-0.36545522409154924
DAROCA,PAMPLONA,0.23297766440506235,dry-dry,818,147,192,101,31.65631365183193,2.9272250566893425,3.190516783186952,0.7410155798182951
DAROCA,PAMPLONA,0.23297766440506235,wet-wet,372,180,134,101,63.021947736147965,1.5577114427860697,1.6026162888975373,0.6103419787565056
DAROCA,PAMPLONA,0.23297766440506235,dry-wet,356,126,174,26,29.28173674322291,0.42218573253056013,0.8879254747762716,-0.445014057052948
DAROCA,PONFERRADA,0.49414429158363443,dry-dry,740,101,140,45,23.382559809451188,2.355021216407355,1.9245112753570754,0.4638143167647112
DAROCA,PONFERRADA,0.49414429158363443,wet-wet,284,126,111,66,43.19799338259624,1.3401973401973402,1.5278487455528504,0.35690604902983786
DAROCA,PONFERRADA,0.49414429158363443,dry-wet,452,204,149,54,34.16550260233494,0.803000394788788,1.580541654209692,-0.14580619193680355
DAROCA,PORTO,0.6345777506699349,dry-dry,812,127,158,35,24.725992088159977,1.4163261237914881,1.4155144867477218,0.15462257241137625
DAROCA,PORTO,0.6345777506699349,wet-wet,265,135,106,59,44.49637173675252,1.0925925925925926,1.3259508067096617,0.14182676388921558
DAROCA,PORTO,0.6345777506699349,dry-wet,624,250,180,55,46.39187222117576,0.7626666666666667,1.1855524980277692,-0.17433994711591705
DAROCA,SORIA,0.12991382777012786,dry-dry,765,131,173,103,29.52641596650259,3.4768124255394257,3.488401711770654,0.837820344020382
DAROCA,SORIA,0.12991382777012786,wet-wet,399,165,159,112,71.788638757157,1.703373356203545,1.5601354467643267,0.6738935159283669
DAROCA,SORIA,0.12991382777012786,dry-wet,269,137,111,27,23.96587693604289,0.47760899585717104,1.1266017960475303,-0.43767993176834713
DAROCA,TARIFA,0.7852303647677609,dry-dry,822,136,82,34,16.866613122924022,2.5060975609756095,2.01581667595075,0.44582084248099985
DAROCA,TARIFA,0.7852303647677609,wet-wet,210,79,94,50,39.598949061322074,1.4139509830325883,1.262659772171506,0.405690035330278
DAROCA,TARIFA,0.7852303647677609,dry-wet,400,192,109,30,25.699150145412634,0.573394495412844,1.167353777469372,-0.293455939613015
DAROCA,TAVIRA,0.7702246814132265,dry-dry,453,92,48,16,8.025532814963945,1.641304347826087,1.9936371040895033,0.2529155700566562
DAROCA,TAVIRA,0.7702246814132265,dry-wet,254,130,51,24,15.130144625243021,0.9194570135746606,1.5862373159314405,-0.04215747181753706
DAROCA,TORREVIEJA,0.43179948635673937,dry-dry,1008,208,75,38,13.669896209165476,2.4553846153846153,2.779830908629835,0.4310751964632899
DAROCA,TORREVIEJA,0.43179948635673937,wet-wet,107,42,68,24,33.76812078905372,0.8991596638655462,0.710729511716857,-0.15274849992261838
DAROCA,TORREVIEJA,0.43179948635673937,dry-wet,504,231,124,37,27.795616592427017,0.6510263929618768,1.331145142147368,-0.12184315232160137
DAROCA,VALENCIA,0.24050115313657328,dry-dry,898,161,82,48,18.726536209378118,3.26495985456749,2.5632076035482707,0.6243344616038139
DAROCA,VALENCIA,0.24050115313657328,wet-wet,240,100,127,74,58.83646470415003,1.3984251968503938,1.2577234266555177,0.5383064339295103
DAROCA,VALENCIA,0.24050115313657328,dry-wet,328,143,115,15,22.74942459723608,0.2991790817877774,0.659357336089389,-0.5545708021679998
DAROCA,VANDELLOS,0.20023603661720857,dry-dry,929,197,100,68,21.374595311864958,3.206700507614213,3.181346781440744,0.6525389738387973
DAROCA,VANDELLOS,0.20023603661720857,wet-wet,219,110,138,84,63.355041705315244,1.2118577075098815,1.325861332247418,0.4339281390899148
DAROCA,VANDELLOS,0.20023603661720857,dry-wet,364,173,143,36,28.30321964850153,0.5296899632159747,1.2719400989387426,-0.35369864793717154
DAROCA,VIMIANZO,0.7171466431423673,dry-dry,814,117,193,42,31.76656094205269,1.5140162083167263,1.3221450089172306,0.21488699057593658
DAROCA,VIMIANZO,0.7171466431423673,wet-wet,446,215,98,56,54.772358137532294,1.1853820598006644,1.02241352945559,0.17306782808264468
DAROCA,VIMIANZO,0.7171466431423673,dry-wet,845,287,226,59,53.678482369231574,0.7686318645740187,1.0991368868099503,-0.18553780236272158
DAROCA,ZAMORA,0.3814202123743496,dry-dry,935,158,152,63,26.48582677055264,2.4527398401065956,2.378630674653675,0.48029945438795435
DAROCA,ZAMORA,0.3814202123743496,wet-wet,294,111,143,72,57.100790744902646,1.3335853335853336,1.2609282474153372,0.33900808381699477
DAROCA,ZAMORA,0.3814202123743496,dry-wet,503,263,173,62,41.29664455027586,0.6854216576188488,1.5013326306576606,-0.2349017217842519
ENCISO,FISTERRA,0.6215515110803007,dry-dry,273,35,57,16,7.430724669824669,2.1894736842105265,2.1532220222038623,0.4076622807329467
ENCISO,FISTERRA,0.6215515110803007,wet-wet,106,45,35,14,19.262157180876734,0.9422222222222222,0.7268137139852151,-0.05057934728169745
ENCISO,FISTERRA,0.6215515110803007,dry-wet,224,101,81,32,18.556167014323574,0.8761765065395428,1.7244940711785512,-0.08227949178130624
ENCISO,GETAFE,0.2820099662038675,dry-dry,237,42,30,21,5.035413591093111,3.95,4.1704617942696585,0.7604507014363985
ENCISO,LORCA,0.6145619401983802,dry-dry,338,73,18,5,4.378468348408812,1.2861491628614916,1.141951843003972,-0.02479470695037176
ENCISO,LORCA,0.6145619401983802,dry-wet,172,80,38,8,10.106762000890676,0.45263157894736844,0.7915492617017187,-0.46851055942188774
ENCISO,MONTSERRAT,0.366765552671727,dry-dry,333,67,46,27,7.617754140430593,2.917261518494484,3.5443517212901052,0.576190630925816
ENCISO,MONTSERRAT,0.366765552671727,dry-wet,153,68,74,23,14.461009414279463,0.6993243243243243,1.5904837166684054,-0.23090368315102963
ENCISO,OURENSE,0.48812956447819267,dry-dry,180,24,24,10,4.574039061891078,3.125,2.1862515524442476,0.548112001242801
ENCISO,OURENSE,0.48812956447819267,dry-wet,109,57,34,13,8.521553213469739,0.7311661506707946,1.5255434865385018,-0.27502625974777006
ENCISO,OVIEDO,0.35451237771760474,dry-dry,184,22,55,14,7.167944661504138,2.128925619834711,1.9531400786598996,0.4706243488658693
ENCISO,OVIEDO,0.35451237771760474,wet-wet,122,51,31,22,22.559676948513296,1.6976597090449084,0.9751912693700971,0.5649019892500994
ENCISO,OVIEDO,0.35451237771760474,dry-wet,122,55,43,8,9.353704517009259,0.4126849894291755,0.8552761085677217,-0.48078150450562496
ENCISO,PAMPLONA,0.10663352335441122,dry-dry,334,60,72,44,10.144578133348062,3.401851851851852,4.337292238438157,0.8132214603326723
ENCISO,PAMPLONA,0.10663352335441122,wet-wet,140,73,59,44,28.290248839824812,1.4302298583700952,1.5553062204974395,0.5220440482261383
ENCISO,PAMPLONA,0.10663352335441122,dry-wet,117,46,61,10,10.23999646628452,0.41696364932287955,0.9765628370014858,-0.48326120968338176
ENCISO,PONFERRADA,0.3818287988747486,dry-dry,206,33,30,16,5.208251497747979,3.3292929292929294,3.0720482693507254,0.6337564068434022
ENCISO,PONFERRADA,0.3818287988747486,dry-wet,106,53,25,6,8.601445039709665,0.48,0.6975572095502833,-0.45992742690160066
ENCISO,SORIA,0.05417629478914893,dry-dry,184,44,48,35,6.066738650380973,3.0492424242424243,5.769162315538696,0.8540838504375068
ENCISO,SORIA,0.05417629478914893,wet-wet,111,43,45,33,23.5537523056575,1.8930232558139535,1.4010506509433553,0.677733052179423
ENCISO,TARIFA,0.8849198855961101,dry-dry,257,41,22,9,4.028603336272388,2.5643015521064303,2.2340248589297893,0.42091419922970424
ENCISO,TARIFA,0.8849198855961101,dry-wet,115,63,29,10,7.972126650222255,0.6294471811713191,1.2543704382470153,-0.3131297122831529
ENCISO,VALENCIA,0.3998785425524565,dry-dry,252,55,21,12,4.288078688419343,2.618181818181818,2.798456108654899,0.4533663141572173
ENCISO,VALENCIA,0.3998785425524565,dry-wet,122,60,40,13,8.59341556665391,0.6608333333333334,1.5127861441317354,-0.250704077705937
ENCISO,VANDELLOS,0.3188234285630828,dry-dry,238,45,27,19,4.509101297376825,3.7218106995884774,4.213699969670957,0.743190339064056
ENCISO,VIMIANZO,0.6039684886858109,dry-dry,262,32,58,13,8.020072234637134,1.8351293103448276,1.6209330314826251,0.32795115085951604
ENCISO,VIMIANZO,0.6039684886858109,wet-wet,116,49,29,15,16.76821967544566,1.2244897959183674,0.8945493493244884,0.19073184499635923
ENCISO,VIMIANZO,0.6039684886858109,dry-wet,192,84,63,16,13.136365162280196,0.5804988662131519,1.2179929381030343,-0.3295313830217719
ENCISO,ZAMORA,0.3142492005951789,dry-dry,298,48,45,20,6.747079000180278,2.759259259259259,2.9642457127692756,0.554786978407635
ENCISO,ZAMORA,0.3142492005951789,wet-wet,101,42,43,24,23.4213333654331,1.3421926910299002,1.0247068185887718,0.3634762338071851
ENCISO,ZAMORA,0.3142492005951789,dry-wet,133,72,49,17,11.676191950881563,0.6408730158730159,1.4559541391160913,-0.3117484984287781
EXTREMO,FISTERRA,0.1496912443678917,dry-dry,128,6,21,4,4.03150319403978,4.063492063492063,0.9921857449880347,0.5145276377333377
EXTREMO,GETAFE,0.4721416312425127,dry-dry,468,87,63,23,11.845854494517233,1.9638752052545156,1.9416075058701237,0.33796018330947053
EXTREMO,GETAFE,0.4721416312425127,wet-wet,206,43,96,24,25.863347258770542,1.197674418604651,0.927954133696339,0.159715808855264
EXTREMO,GETAFE,0.4721416312425127,dry-wet,421,141,111,24,22.982578255928093,0.6455817519647307,1.044269260512992,-0.26300544656642
EXTREMO,GUARDA,0.22291590068408076,dry-dry,602,114,69,39,17.16392082460121,2.984744469870328,2.272208104345304,0.5784506334199718
EXTREMO,GUARDA,0.22291590068408076,wet-wet,249,61,96,41,26.350262252025733,1.7433401639344261,1.555961743676689,0.5239241905664079
EXTREMO,GUARDA,0.22291590068408076,dry-wet,293,119,115,26,17.967783465799524,0.5566678845451224,1.4470343573256692,-0.27366582084912294
EXTREMO,HUELVA,0.6544492127964565,dry-dry,120,18,10,2,2.2048148830834227,1.3333333333333333,0.9071056329241618,0.04467577117892155
EXTREMO,HUELVA,0.6544492127964565,dry-wet,115,32,19,3,4.910634725823318,0.5674342105263158,0.6109189885828903,-0.33879207756973934
EXTREMO,LORCA,0.8334259802548611,dry-dry,653,152,63,21,10.482202640251828,1.4320175438596492,2.0033957290006645,0.15283516949468265
EXTREMO,LORCA,0.8334259802548611,dry-wet,681,175,125,33,27.97198147044693,1.027337142857143,1.1797519612568488,0.03526436693504795
EXTREMO,MONTSERRAT,0.9010888652322929,dry-dry,542,131,75,33,15.896486889068537,1.8204580152671757,2.075930375704141,0.3196022777199936
EXTREMO,MONTSERRAT,0.9010888652322929,wet-wet,176,56,108,37,27.384312191486824,1.0767195767195767,1.3511385548512145,0.12809311137252946
EXTREMO,MONTSERRAT,0.9010888652322929,dry-wet,529,150,150,36,31.523521813535805,0.8464,1.142004380504911,-0.1057912030744962
EXTREMO,OURENSE,0.07291384683292099,dry-dry,445,52,76,28,13.715053687734162,3.152834008097166,2.041552343687969,0.5356913583258648
EXTREMO,OURENSE,0.07291384683292099,wet-wet,382,43,110,23,35.8330592896539,1.8575052854122622,0.6418653739297331,0.4198997614054483
EXTREMO,OURENSE,0.07291384683292099,dry-wet,321,215,127,67,22.645393221259877,0.7876579381065739,2.9586591562075095,-0.05719496587899821
EXTREMO,OVIEDO,0.2955522119293002,dry-dry,490,69,127,35,21.68911782265429,1.9570923199817414,1.6137124749003158,0.37624241487145577
EXTREMO,OVIEDO,0.2955522119293002,wet-wet,401,91,133,45,37.8193440887234,1.4909526563661901,1.1898672778256263,0.3162422864036833
EXTREMO,OVIEDO,0.2955522119293002,dry-wet,476,192,193,59,34.12290057649391,0.7578799654576857,1.7290441024419554,-0.14407779952935013
EXTREMO,PAMPLONA,0.6075896623089745,dry-dry,271,55,54,25,10.47639929268127,2.281144781144781,2.386316071158609,0.5434613764806352
EXTREMO,PAMPLONA,0.6075896623089745,wet-wet,252,56,91,26,26.04877514940365,1.2857142857142858,0.9981275453788557,0.21512307391854657
EXTREMO,PAMPLONA,0.6075896623089745,dry-wet,268,94,102,20,18.658893217715786,0.5590321234876929,1.0718749374164858,-0.31732182726061386
EXTREMO,PONFERRADA,0.18276962938879174,dry-dry,442,56,71,27,12.909532895488319,3.0015090543259557,2.091477686960779,0.49565348701892015
EXTREMO,PONFERRADA,0.18276962938879174,wet-wet,296,35,92,21,27.22079651049049,1.9304347826086956,0.7714689756380535,0.4124072170206183
EXTREMO,PONFERRADA,0.18276962938879174,dry-wet,290,182,123,57,19.858151869314447,0.7384079335298848,2.8703577440193975,-0.06313239320325705
EXTREMO,PORTO,0.10089980676165669,dry-dry,823,77,140,33,22.16313463647393,2.519387755102041,1.488959054812211,0.31945851082931176
EXTREMO,PORTO,0.10089980676165669,wet-wet,471,41,165,24,46.05552702986378,1.6709534368070953,0.5211100935711295,0.23690131963962585
EXTREMO,PORTO,0.10089980676165669,dry-wet,515,340,188,106,36.314885956142106,0.8540362953692116,2.9189132007193246,-0.051494427419726325
EXTREMO,SORIA,0.5231046619556113,dry-dry,479,97,93,47,17.006498725949406,2.4956213280124153,2.7636493999958347,0.5671631846831034
EXTREMO,SORIA,0.5231046619556113,wet-wet,275,58,110,34,30.622238207367733,1.4655172413793103,1.1103042099587475,0.3343471551900931
EXTREMO,SORIA,0.5231046619556113,dry-wet,349,146,129,29,23.98761730115239,0.5373792078156525,1.2089570896483666,-0.31539163868747006
EXTREMO,TARIFA,0.8480513957754545,dry-dry,450,94,41,18,8.901444846369804,2.1017125064867668,2.0221436306871885,0.3619378309963318
EXTREMO,TARIFA,0.8480513957754545,wet-wet,146,39,67,21,17.12594122218374,1.1733639494833525,1.226209977457944,0.17453182936271924
EXTREMO,TARIFA,0.8480513957754545,dry-wet,421,127,88,20,18.089837184470973,0.7534001431639227,1.1055931458116597,-0.1775436200381523
EXTREMO,TAVIRA,0.6637984881905168,dry-dry,577,111,46,13,9.01689173949033,1.4690560125342733,1.4417385031989762,0.12940416079878292
EXTREMO,TAVIRA,0.6637984881905168,wet-wet,106,22,54,13,15.698387135963324,1.15993265993266,0.8281105496639455,0.18874425162606728
EXTREMO,TAVIRA,0.6637984881905168,dry-wet,466,165,98,38,20.32964541215096,1.0951144094001237,1.8691914802059229,0.022291071945506266
EXTREMO,TORREVIEJA,0.8678248641291544,dry-dry,845,192,72,23,11.294454568653695,1.4058883101851851,2.0363975843360813,0.16469196595390484
EXTREMO,TORREVIEJA,0.8678248641291544,dry-wet,781,205,132,30,28.74854217651118,0.8658536585365854,1.0435311751046394,0.008039103198984076
EXTREMO,VALENCIA,0.7837730463347262,dry-dry,474,99,57,21,9.804893170773763,1.7639553429027113,2.141787741512207,0.2852326528566178
EXTREMO,VALENCIA,0.7837730463347262,wet-wet,116,37,70,25,18.11185027578726,1.1196911196911197,1.3803117638080926,0.21322632792364615
EXTREMO,VALENCIA,0.7837730463347262,dry-wet,441,112,86,18,20.62387251306393,0.8241279069767442,0.8727749838735732,-0.05076428384377548
EXTREMO,VANDELLOS,0.82660017840885,dry-dry,652,145,79,30,14.628448993712977,1.7075512876473156,2.050798414301709,0.2625416825883801
EXTREMO,VANDELLOS,0.82660017840885,wet-wet,145,43,92,28,26.11002593885796,1.0262891809908998,1.0723849936253533,0.0553955449861546
EXTREMO,VANDELLOS,0.82660017840885,dry-wet,569,160,150,32,29.999202786677174,0.7586666666666667,1.0666950127825194,-0.17186908366147965
EXTREMO,VIMIANZO,0.15778177147754419,dry-dry,590,64,140,33,22.56028933728972,2.1729910714285716,1.4627471973710269,0.35130438284435517
EXTREMO,VIMIANZO,0.15778177147754419,wet-wet,579,97,116,36,40.906647167748176,1.8524706718805546,0.8800525707319103,0.3975369960463352
EXTREMO,VIMIANZO,0.15778177147754419,dry-wet,443,258,165,68,28.975902376522306,0.7076344843786704,2.346777647038766,-0.15024325656236284
EXTREMO,ZAMORA,0.2462296403064465,dry-dry,532,94,80,31,14.440156626691873,2.193085106382979,2.146791118781781,0.3777440758114818
EXTREMO,ZAMORA,0.2462296403064465,wet-wet,268,43,110,28,31.56766173163419,1.5864693446088796,0.8869836555534613,0.3770463043111677
EXTREMO,ZAMORA,0.2462296403064465,dry-wet,384,170,123,34,23.40472815690717,0.624390243902439,1.4526979237725506,-0.27782538551239555
FISTERRA,GETAFE,0.6034980057581694,dry-dry,399,88,34,16,10.83403602669907,2.1336898395721926,1.4768272839937107,0.3195394916592735
FISTERRA,GETAFE,0.6034980057581694,wet-wet,150,38,63,21,21.537114359723567,1.3157894736842106,0.9750609877092903,0.2732031293196689
FISTERRA,GETAFE,0.6034980057581694,dry-wet,275,101,97,26,17.913209052585728,0.7298152495661937,1.4514428946636428,-0.17105972141856113
FISTERRA,LORCA,0.9777847391936972,dry-dry,522,115,46,10,8.831176396897533,0.9867674858223062,1.1323519710820276,-0.04407672188031263
FISTERRA,LORCA,0.9777847391936972,dry-wet,469,152,95,35,23.279927286138832,1.1367728531855956,1.50344112203647,0.19090024777342487
FISTERRA,MONTSERRAT,0.9881601116840856,dry-dry,474,104,60,17,14.234578159725048,1.291346153846154,1.194274941571459,0.0956426637169995
FISTERRA,MONTSERRAT,0.9881601116840856,wet-wet,126,50,68,23,22.71188291276337,0.8523529411764705,1.0126857420119366,-0.20988052458110293
FISTERRA,MONTSERRAT,0.9881601116840856,dry-wet,422,139,148,41,31.0876716677504,0.8410460820532762,1.3188507791187338,-0.06449849925521325
FISTERRA,OURENSE,0.14927307273033968,dry-dry,414,64,64,43,14.486287736412434,4.34619140625,2.968324306572766,0.8148286233756328
FISTERRA,OURENSE,0.14927307273033968,wet-wet,257,83,57,38,29.140992147523313,2.0642570281124497,1.3040050183476548,0.5989396562467849
FISTERRA,OURENSE,0.14927307273033968,dry-wet,162,75,76,17,13.093889808341082,0.4831578947368421,1.2983154928622238,-0.38297493914307973
FISTERRA,OVIEDO,0.3038946096390723,dry-dry,355,67,70,35,16.177922968871776,2.6492537313432836,2.1634421221651325,0.5803777168752617
FISTERRA,OVIEDO,0.3038946096390723,wet-wet,256,100,63,29,28.655518744848216,1.1784126984126984,1.0120214628888446,0.08435074540237861
FISTERRA,OVIEDO,0.3038946096390723,dry-wet,316,106,164,41,27.574752034520642,0.7452830188679245,1.4868674049606097,-0.20725286405088955
FISTERRA,PAMPLONA,0.6680853805562444,dry-dry,445,82,55,16,16.645999016998857,1.5787139689578713,0.961191934690182,0.18215881546956886
FISTERRA,PAMPLONA,0.6680853805562444,wet-wet,188,62,80,25,22.621385586758194,0.9475806451612904,1.1051489266260581,-0.059250380681108786
FISTERRA,PAMPLONA,0.6680853805562444,dry-wet,390,135,192,55,31.166684753408315,0.8275462962962963,1.7647048582536624,-0.10690052037454245
FISTERRA,PONFERRADA,0.2399675226795752,dry-dry,390,81,57,38,13.811470963111296,3.2098765432098766,2.751336197389346,0.6375425779629302
FISTERRA,PONFERRADA,0.2399675226795752,wet-wet,228,70,65,37,24.569269025699448,1.854065934065934,1.5059463088339344,0.5542699393972327
FISTERRA,PONFERRADA,0.2399675226795752,dry-wet,199,81,97,18,14.697509018171456,0.4558991981672394,1.2246973264480032,-0.37627731770778067
FISTERRA,PORTO,0.23676306131287303,dry-dry,325,60,47,38,11.244983107620431,4.379432624113475,3.3792847562615185,0.8451737531990948
FISTERRA,PORTO,0.23676306131287303,wet-wet,176,64,58,39,22.207375851975844,1.8491379310344827,1.756173275940213,0.6461329572576393
FISTERRA,PORTO,0.23676306131287303,dry-wet,107,46,49,5,8.402699360419422,0.23735581188997337,0.5950468754781706,-0.6249772007209556
FISTERRA,SORIA,0.6144763473473223,dry-dry,320,70,52,21,12.954265436221993,1.8461538461538463,1.6210876721177083,0.3431440901010825
FISTERRA,SORIA,0.6144763473473223,wet-wet,170,51,59,25,21.65942219598194,1.4124293785310735,1.15423208309951,0.32701844954307396
FISTERRA,SORIA,0.6144763473473223,dry-wet,275,103,137,42,22.535143793998742,0.8185103819715116,1.8637555803475672,-0.09119946708201129
FISTERRA,TARIFA,0.9952173545030902,dry-dry,424,83,34,14,8.503427048801264,2.10347271438696,1.6463950263410083,0.2780984497636355
FISTERRA,TARIFA,0.9952173545030902,wet-wet,121,35,48,15,16.10177899117132,1.0803571428571428,0.9315740831012878,0.0618241034026662
FISTERRA,TARIFA,0.9952173545030902,dry-wet,329,119,89,25,17.79793750964406,0.7766027759418375,1.404657139989024,-0.10069586065485188
FISTERRA,TORREVIEJA,1.0075971356340516,dry-dry,295,60,23,4,4.275263239784685,0.855072463768116,0.9356149026747302,-0.09518014340139684
FISTERRA,TORREVIEJA,1.0075971356340516,dry-wet,240,81,55,20,11.580144984270827,1.0774410774410774,1.727094093136637,0.12512087612599457
FISTERRA,VALENCIA,0.909336575417206,dry-dry,404,85,36,11,8.798623905515148,1.4522875816993464,1.2501954985375596,0.14079937712159785
FISTERRA,VALENCIA,0.909336575417206,dry-wet,376,113,104,35,22.42693901722496,1.1198093941456773,1.5606231404614928,0.17645044379226654
FISTERRA,VANDELLOS,0.9265191083427609,dry-dry,380,74,37,13,9.08538081554686,1.804236669101534,1.4308701268475685,0.21612048847320367
FISTERRA,VANDELLOS,0.9265191083427609,dry-wet,305,98,98,32,20.062251866964772,1.0162432319866723,1.5950353037234248,0.04733698421557889
FISTERRA,VIMIANZO,0.028014736691742353,dry-dry,565,106,126,92,24.527794029727147,3.8918837975441747,3.7508468918361766,0.9199320311457048
FISTERRA,VIMIANZO,0.028014736691742353,wet-wet,437,159,86,79,39.225069790198646,2.5247184437618837,2.014018086457047,0.8491953830776368
FISTERRA,VIMIANZO,0.028014736691742353,dry-wet,191,74,86,8,13.049371424352145,0.24010056568196103,0.6130563488346085,-0.561459704101064
FISTERRA,ZAMORA,0.3649246110487485,dry-dry,553,114,57,28,15.698624118676621,2.3828870421668205,1.783595797206741,0.44077776995722756
FISTERRA,ZAMORA,0.3649246110487485,wet-wet,196,58,75,27,27.023214916986284,1.2165517241379311,0.9991409269009036,0.20337162169594522
FISTERRA,ZAMORA,0.3649246110487485,dry-wet,335,125,142,28,22.899945129865493,0.5284507042253521,1.2227103532874037,-0.30736936686992405
GETAFE,GUARDA,0.3076965692800096,dry-dry,441,58,47,18,9.670475969545617,2.9119589141599413,1.861335476835455,0.46035001324841324
GETAFE,GUARDA,0.3076965692800096,wet-wet,120,52,27,19,19.937338675246266,1.623931623931624,0.9529857675332544,0.455586985904878
GETAFE,GUARDA,0.3076965692800096,dry-wet,182,54,110,17,12.821855697511765,0.5208754208754208,1.3258611234642934,-0.35043842492438254
GETAFE,LORCA,0.4017451151813673,dry-dry,1091,171,78,31,13.810884669925414,2.5356875093717197,2.2446063913273857,0.35664591256271383
GETAFE,LORCA,0.4017451151813673,wet-wet,149,72,98,49,39.99284402158098,1.0347222222222223,1.2252191910522434,0.07767356588776803
GETAFE,LORCA,0.4017451151813673,dry-wet,516,208,152,30,28.880207848855964,0.4896255060728745,1.0387736873988043,-0.29900645292818745
GETAFE,MONTSERRAT,0.5164138275512969,dry-dry,1004,132,117,44,21.616147180017947,2.8603988603988606,2.0355153780907718,0.4892680157883151
GETAFE,MONTSERRAT,0.5164138275512969,wet-wet,249,122,106,63,58.63326429662986,1.2130374265388184,1.0744753981507582,0.23104174652851844
GETAFE,MONTSERRAT,0.5164138275512969,dry-wet,459,158,232,55,37.406398781030674,0.6887003491924923,1.4703366748015128,-0.17882798311405507
GETAFE,OURENSE,0.4545331003452077,dry-dry,715,73,126,37,18.25102125647782,2.8761687323331158,2.027283814973785,0.5291876677487959
GETAFE,OURENSE,0.4545331003452077,wet-wet,299,123,87,52,43.886260122196596,1.4529483225866742,1.184881096161112,0.40549318171936627
GETAFE,OURENSE,0.4545331003452077,dry-wet,432,166,159,37,28.176815714932196,0.6055921800409184,1.3131363165494954,-0.271436835405586
GETAFE,OVIEDO,0.4565374268781008,dry-dry,655,62,185,39,22.502555726858848,2.227114210985179,1.7331364700699285,0.43779696713792116
GETAFE,OVIEDO,0.4565374268781008,wet-wet,352,167,89,54,51.62834303519988,1.278880441364462,1.0459371117756604,0.2369701329347353
GETAFE,OVIEDO,0.4565374268781008,dry-wet,578,160,238,41,37.6571760201478,0.6223214285714286,1.088769906114672,-0.2850574726708997
GETAFE,PAMPLONA,0.3883862409022667,dry-dry,711,94,159,60,20.45114065971478,2.8542753914090726,2.933821687422533,0.6131730597646204
GETAFE,PAMPLONA,0.3883862409022667,wet-wet,300,140,91,59,48.0282409895936,1.3893249607535323,1.2284439068418866,0.37426331110487693
GETAFE,PAMPLONA,0.3883862409022667,dry-wet,489,120,235,48,33.69114877068543,0.8323404255319149,1.4247065401867407,-0.12313643618099701
GETAFE,PONFERRADA,0.39788322439984053,dry-dry,728,72,139,43,18.164540603840237,3.1278976818545163,2.367249518598296,0.5765734263919077
GETAFE,PONFERRADA,0.39788322439984053,wet-wet,302,133,94,58,43.40883857072368,1.4010558310670294,1.3361334214345248,0.38398096903697193
GETAFE,PONFERRADA,0.39788322439984053,dry-wet,374,139,147,28,24.177789481785112,0.5125042822884549,1.158087674685663,-0.3244300994891102
GETAFE,PORTO,0.450878858048085,dry-dry,826,75,166,35,19.098588558796973,2.3220883534136547,1.8325961571583624,0.36580270466174675
GETAFE,PORTO,0.450878858048085,wet-wet,283,109,99,49,43.6513294087462,1.2850523584468538,1.1225316768973848,0.27747091791973116
GETAFE,PORTO,0.450878858048085,dry-wet,500,193,168,41,32.23130296811277,0.6322477177399457,1.2720553072447092,-0.23771506969889353
GETAFE,SORIA,0.22831426041086986,dry-dry,789,103,157,77,23.613882672336537,3.7569105188300043,3.2607937063312695,0.7982303848024203
GETAFE,SORIA,0.22831426041086986,wet-wet,390,161,128,99,66.21411629113433,1.8735442546583851,1.4951494567217458,0.7435839577247833
GETAFE,SORIA,0.22831426041086986,dry-wet,271,89,136,16,19.9002079804556,0.3582286847323199,0.8040116975518007,-0.5239752423324555
GETAFE,TARIFA,0.6064336960053273,dry-dry,800,97,76,45,13.28799250865558,4.883342376559956,3.3865160573117223,0.7489173843496385
GETAFE,TARIFA,0.6064336960053273,wet-wet,280,105,103,62,49.894067191311805,1.6051779935275081,1.2426327114658682,0.5504319582439106
GETAFE,TARIFA,0.6064336960053273,dry-wet,276,121,109,24,17.713900858912623,0.5022367124118584,1.3548681451451485,-0.30257680015859684
GETAFE,TAVIRA,0.5527722450827903,dry-dry,482,64,38,19,6.6488214865008075,3.765625,2.8576492899645385,0.5905544592416627
GETAFE,TAVIRA,0.5527722450827903,dry-wet,176,92,51,17,10.927151899868955,0.6376811594202898,1.555757635272177,-0.21722610896625194
GETAFE,TORREVIEJA,0.4113254747222588,dry-dry,998,143,54,22,10.502308806218423,2.843304843304843,2.0947774823545267,0.4015273683029602
GETAFE,TORREVIEJA,0.4113254747222588,wet-wet,109,54,74,37,32.53059427484445,1.0092592592592593,1.137390841599586,0.011935209628594925
GETAFE,TORREVIEJA,0.4113254747222588,dry-wet,427,170,119,27,21.204060040265432,0.5698961937716263,1.2733410464188637,-0.231184590340648
GETAFE,VALENCIA,0.3133710591198686,dry-dry,828,112,75,38,13.409230698502052,3.7457142857142856,2.833868762079318,0.6223708773139602
GETAFE,VALENCIA,0.3133710591198686,wet-wet,205,101,108,68,47.4914866308647,1.277961129446278,1.4318355735742925,0.43281358340479975
GETAFE,VALENCIA,0.3133710591198686,dry-wet,328,122,132,17,21.813358107507653,0.3462493790362643,0.7793389681778979,-0.46691475202083277
GETAFE,VANDELLOS,0.4108027093346946,dry-dry,936,127,76,38,15.934676003547581,3.6850393700787403,2.384736281524642,0.5917958374038622
GETAFE,VANDELLOS,0.4108027093346946,wet-wet,186,92,109,59,50.59502474803239,1.0943358595931392,1.1661225643000497,0.15058392065282256
GETAFE,VANDELLOS,0.4108027093346946,dry-wet,378,143,165,35,27.460958492531898,0.5607120152574698,1.2745367212698846,-0.3246890759292606
GETAFE,VIMIANZO,0.5976643365342653,dry-dry,809,79,192,35,23.93948634551648,1.8667589662447257,1.4620196730559756,0.3121475647880164
GETAFE,VIMIANZO,0.5976643365342653,wet-wet,419,185,89,45,47.80161040988419,1.1451563923474035,0.9413908781344135,0.12127084032938251
GETAFE,VIMIANZO,0.5976643365342653,dry-wet,781,211,224,38,40.71569439042958,0.627919769803656,0.9333010419916129,-0.31274273065756725
GETAFE,ZAMORA,0.2415434220100298,dry-dry,1070,120,174,87,23.96000757273327,4.458333333333333,3.6310506053014304,0.7982652058128148
GETAFE,ZAMORA,0.2415434220100298,wet-wet,372,150,144,93,68.21519579638914,1.6016666666666666,1.3633325964142846,0.59169935106221
GETAFE,ZAMORA,0.2415434220100298,dry-wet,321,150,145,26,24.42111969236492,0.3837241379310345,1.0646522488536307,-0.4449788487357655
GUARDA,HUELVA,0.446676450935122,dry-dry,123,19,9,2,2.0544347234638787,1.4385964912280702,0.9735037950623717,0.1412840874711099
GUARDA,LORCA,0.6224674710775063,dry-dry,510,88,52,15,7.540204036880473,1.6717657342657342,1.9893360878077495,0.2117637334769482
GUARDA,LORCA,0.6224674710775063,dry-wet,308,102,84,21,16.505829409698084,0.7549019607843137,1.272277780095155,-0.02050469498221561
GUARDA,MONTSERRAT,0.804591352544887,dry-dry,451,61,68,18,11.319477202423649,1.9570877531340405,1.5901794471696946,0.3455579850133248
GUARDA,MONTSERRAT,0.804591352544887,dry-wet,256,86,101,17,18.431270908476225,0.5010361501266406,0.9223455118432442,-0.3494846826119742
GUARDA,OURENSE,0.25072428373522965,dry-dry,335,36,66,15,9.830807234135188,2.11489898989899,1.5258156978112636,0.2724084269868844
GUARDA,OURENSE,0.25072428373522965,wet-wet,135,31,41,15,16.99982229394208,1.5932336742722266,0.8823621647707034,0.3564787964530823
GUARDA,OURENSE,0.25072428373522965,dry-wet,232,131,93,41,16.689047594230534,0.780760075515062,2.456701005165439,-0.04232397441495221
GUARDA,OVIEDO,0.40242326871316664,dry-dry,341,31,103,16,13.249798989474284,1.7087378640776698,1.2075654893112335,0.21291980669932242
GUARDA,OVIEDO,0.40242326871316664,wet-wet,161,57,46,22,20.039357627398424,1.3508771929824561,1.097839581939539,0.2806737961806406
GUARDA,OVIEDO,0.40242326871316664,dry-wet,323,103,128,33,21.353879577672387,0.8084799757281553,1.545386630095301,-0.12521041382865827
GUARDA,PAMPLONA,0.5790225575430248,dry-dry,154,21,40,6,5.905494811887371,1.1,1.0160029245851503,0.09997140720273714
GUARDA,PAMPLONA,0.5790225575430248,dry-wet,176,59,74,20,12.908124707228348,0.8062299587723316,1.5494117428847207,-0.11397464100930503
GUARDA,PONFERRADA,0.2825154154658514,dry-dry,300,14,57,6,7.84327483229478,2.255639097744361,0.7649865812804273,0.13035744608589547
GUARDA,PONFERRADA,0.2825154154658514,wet-wet,107,26,37,12,13.141255891124446,1.3347193347193347,0.9131547318932245,0.20592227977285926
GUARDA,PONFERRADA,0.2825154154658514,dry-wet,178,104,66,25,12.186189464222121,0.6483100233100233,2.0515026517024384,-0.18740424511706966
GUARDA,PORTO,0.15858146177301197,dry-dry,617,43,110,6,15.468683670329671,0.7826638477801269,0.3878804511018957,-0.2070484845945019
GUARDA,PORTO,0.15858146177301197,wet-wet,178,39,69,26,22.448010199105575,1.7198067632850242,1.1582318329949775,0.3670978972683015
GUARDA,PORTO,0.15858146177301197,dry-wet,342,195,127,60,24.905233792212933,0.8285887341005451,2.409132172802974,-0.01967852933250346
GUARDA,SORIA,0.4475976315867676,dry-dry,334,39,66,23,10.378143722960607,2.9844599844599844,2.2161959415839267,0.5925851962405435
GUARDA,SORIA,0.4475976315867676,wet-wet,144,44,51,26,21.08737786293063,1.6684491978609626,1.2329650546882474,0.5391027311524734
GUARDA,SORIA,0.4475976315867676,dry-wet,192,109,79,35,15.117809773950718,0.7803971664150505,2.3151501787188775,-0.07250560457822824
GUARDA,TARIFA,0.631578430358949,dry-dry,328,47,33,15,5.800265724005987,3.172147001934236,2.586088416245896,0.5490645692259648
GUARDA,TARIFA,0.631578430358949,dry-wet,160,82,39,13,9.458578719007715,0.6504065040650406,1.3744136816111217,-0.24258805475132425
GUARDA,TAVIRA,0.46653249628894405,dry-dry,652,86,52,16,8.919362298227455,2.332737030411449,1.7938502176528563,0.36461815069970444
GUARDA,TAVIRA,0.46653249628894405,dry-wet,297,155,74,35,18.140018716123244,0.9062772449869224,1.92943571601121,-0.04287251915177108
GUARDA,TORREVIEJA,0.6668248417919078,dry-dry,689,113,55,14,8.220332233786795,1.552051488334674,1.7030941818212535,0.16537735798671588
GUARDA,TORREVIEJA,0.6668248417919078,dry-wet,345,131,87,21,16.94870535996059,0.6356936035798895,1.239032690344015,-0.14129010369754932
GUARDA,VALENCIA,0.6157661410130396,dry-dry,373,49,46,15,6.770866966737301,2.4822537710736468,2.215373610748713,0.43114677121683365
GUARDA,VALENCIA,0.6157661410130396,dry-wet,196,80,55,14,11.988121148396877,0.6236363636363637,1.1678226993787233,-0.22790887587923017
GUARDA,VANDELLOS,0.7093594281064094,dry-dry,581,92,70,28,11.51355172196556,2.526086956521739,2.4319168121320534,0.4507071137744022
GUARDA,VANDELLOS,0.7093594281064094,dry-wet,297,116,102,29,19.852069368636897,0.7279411764705882,1.460804889479954,-0.14993192146037182
GUARDA,VIMIANZO,0.37915809089165337,dry-dry,425,40,110,16,14.476210512065666,1.5454545454545454,1.1052616281494583,0.17488154288312197
GUARDA,VIMIANZO,0.37915809089165337,wet-wet,208,68,46,18,19.78657303556682,1.19693094629156,0.9097078088077498,0.132552418459919
GUARDA,VIMIANZO,0.37915809089165337,dry-wet,395,147,137,41,23.29236424624633,0.8041610804905904,1.7602335068500974,-0.06857935428119422
GUARDA,ZAMORA,0.18716535145842778,dry-dry,381,34,61,17,9.311642840419498,3.122950819672131,1.8256713977696049,0.4422573210695773
GUARDA,ZAMORA,0.18716535145842778,wet-wet,131,24,55,20,20.385802016901685,1.9848484848484849,0.9810749649887789,0.5640438427935427
GUARDA,ZAMORA,0.18716535145842778,dry-wet,175,127,57,30,13.702899085333703,0.7252382925818484,2.189317735843883,-0.17478684631215585
HUELVA,LORCA,0.46245973159411163,dry-dry,152,16,11,3,1.4866625817365928,2.590909090909091,2.0179427644540935,0.39216192623650825
HUELVA,MONTSERRAT,0.9682911506242482,dry-dry,117,11,16,3,2.0958799017704637,1.9943181818181819,1.431379726226581,0.3730077560601585
HUELVA,PORTO,0.5622519656105127,dry-dry,146,9,31,5,2.695765236660566,2.6164874551971327,1.8547609161225966,0.38088958718306026
HUELVA,TAVIRA,0.06404614871405145,dry-dry,190,16,14,10,2.3440152744860168,8.482142857142858,4.266183803854584,0.8957378984809974
HUELVA,TORREVIEJA,0.553259007809491,dry-dry,151,16,15,2,1.3104383433823084,1.2583333333333333,1.5262068681826706,0.16698585815904846
HUELVA,VANDELLOS,0.8486582069491901,dry-dry,143,11,22,4,1.8899152905605203,2.3636363636363638,2.1164969773929183,0.34794711882242607
HUELVA,VIMIANZO,0.8113092965090665,dry-dry,101,7,24,4,2.138554758213974,2.4047619047619047,1.8704220617388458,0.5703642949263789
HUELVA,VIMIANZO,0.8113092965090665,dry-wet,126,24,36,9,5.423649200988297,1.3125,1.6593993576059491,0.17999229996625293
LORCA,MONTSERRAT,0.6187588091833509,dry-dry,1444,131,251,59,19.84995830752081,2.5910404184787565,2.972298434382399,0.4470269375727678
LORCA,MONTSERRAT,0.6187588091833509,wet-wet,187,117,89,71,60.95636486678131,1.2750408143666572,1.1647676195122334,0.4970281946446292
LORCA,MONTSERRAT,0.6187588091833509,dry-wet,553,137,277,29,34.32300276997667,0.4225934807241298,0.8449144206394187,-0.370967971262942
LORCA,OURENSE,0.8338017764499513,dry-dry,792,75,174,15,12.846827255744659,0.9103448275862069,1.1676034635939014,-0.06275787500161369
LORCA,OURENSE,0.8338017764499513,wet-wet,118,79,40,24,24.26163808096471,0.8962025316455696,0.9892159762629554,-0.16055292156727374
LORCA,OURENSE,0.8338017764499513,dry-wet,837,201,234,58,40.631916835143016,1.032146957520092,1.42744926938409,0.06155202528279354
LORCA,OVIEDO,0.8581598186731159,dry-dry,858,64,267,30,18.807053210864332,1.5063202247191012,1.595146228579276,0.2029908430084729
LORCA,OVIEDO,0.8581598186731159,wet-wet,174,114,59,37,35.596974074047054,0.9571810883140054,1.0394141907408883,-0.0702515551850322
LORCA,OVIEDO,0.8581598186731159,dry-wet,962,183,307,51,45.97349761430911,0.8732845623965397,1.1093347830060771,-0.1078423737505082
LORCA,PAMPLONA,0.7035442197227552,dry-dry,972,87,250,33,17.468893701687705,1.4747586206896552,1.8890721166167381,0.17108384698639525
LORCA,PAMPLONA,0.7035442197227552,wet-wet,142,97,48,35,31.454721144103882,1.0674398625429553,1.112710547954124,0.09609846588905263
LORCA,PAMPLONA,0.7035442197227552,dry-wet,725,131,301,37,35.90339877448817,0.6803023002206385,1.030543103520635,-0.15761337477268889
LORCA,PONFERRADA,0.7945603477952629,dry-dry,849,65,182,17,12.946832698039712,1.2200338123415047,1.3130624606413568,0.04041189047343317
LORCA,PONFERRADA,0.7945603477952629,dry-wet,729,164,213,50,34.12045391540608,1.0434558570937822,1.4653966832904288,0.10164490192720757
LORCA,PORTO,0.7809770318703814,dry-dry,1029,97,217,21,15.167997412518623,1.0266045892916529,1.3844939070643592,-0.017853013863414608
LORCA,PORTO,0.7809770318703814,dry-wet,858,197,262,62,42.72254618295683,1.0306505986747783,1.4512243660405582,0.173526236043057
LORCA,SORIA,0.5657299800498605,dry-dry,930,67,222,21,16.513474807287174,1.3130294473578055,1.271688741774262,0.08606862684526308
LORCA,SORIA,0.5657299800498605,wet-wet,149,97,57,40,35.17063606403724,1.0779526134924942,1.1373123854561418,0.13224094771944558
LORCA,SORIA,0.5657299800498605,dry-wet,698,164,263,44,37.02681050404455,0.7120467402392655,1.1883281168707132,-0.16113253674308287
LORCA,TARIFA,0.4080755884507332,dry-dry,1228,88,141,31,12.065072757862106,3.0680206318504193,2.5694001704050318,0.42310955941746886
LORCA,TARIFA,0.4080755884507332,wet-wet,157,80,73,47,38.95955574539937,1.263527397260274,1.206379259228337,0.3200463254879479
LORCA,TARIFA,0.4080755884507332,dry-wet,405,146,151,24,20.342774223411336,0.44089630772022137,1.1797800897961976,-0.333577861099423
LORCA,TAVIRA,0.5255454388768291,dry-dry,688,61,66,14,5.62611029863716,2.392449080973671,2.488397712961882,0.2767818224020376
LORCA,TAVIRA,0.5255454388768291,dry-wet,231,106,77,26,14.706863119958932,0.7358490566037735,1.767882096129321,0.168138139788137
LORCA,TORREVIEJA,0.09587509043703292,dry-dry,1603,149,128,71,10.682851760836636,5.967544043624161,6.646165423757559,0.7482370082621668
LORCA,TORREVIEJA,0.09587509043703292,wet-wet,179,104,114,90,74.32873753374716,1.3588056680161944,1.2108371941490017,0.7733362597605322
LORCA,TORREVIEJA,0.09587509043703292,dry-wet,219,110,97,13,12.296325087770718,0.26682286785379566,1.0572264401930231,-0.5505196866335281
LORCA,VALENCIA,0.27421201025404085,dry-dry,1314,115,152,54,13.393058780849678,4.059267734553775,4.031939296586448,0.6034102253249447
LORCA,VALENCIA,0.27421201025404085,wet-wet,185,106,85,65,59.43250093777144,1.3346281908990012,1.0936776843373626,0.539990890928933
LORCA,VALENCIA,0.27421201025404085,dry-wet,351,129,174,24,20.69405067815937,0.37530072173215717,1.1597536109897395,-0.38252156602948506
LORCA,VANDELLOS,0.5024655762665521,dry-dry,1370,119,192,46,14.771929151481096,2.758228291316527,3.1140143936709745,0.43305713490891623
LORCA,VANDELLOS,0.5024655762665521,wet-wet,118,79,62,47,44.805128924336465,1.1322988975091874,1.0489870496605438,0.24608654559409465
LORCA,VANDELLOS,0.5024655762665521,dry-wet,443,144,230,40,28.895563879910682,0.535024154589372,1.3842955329142945,-0.17860580944117557
LORCA,VIMIANZO,0.9770034849698492,dry-dry,1046,104,262,25,19.78112487691513,0.9597034644744569,1.2638310589290793,-0.027813912158066206
LORCA,VIMIANZO,0.9770034849698492,wet-wet,172,114,49,30,28.066540301707974,0.9237379162191193,1.0688884229230906,-0.09688586070876425
LORCA,VIMIANZO,0.9770034849698492,dry-wet,1356,242,327,75,54.24687523256268,1.2851618773220108,1.3825681143561956,0.14730217689428635
LORCA,ZAMORA,0.6337231376571801,dry-dry,1297,104,239,27,17.43168326408804,1.4088751206952044,1.5489037742915035,0.09357730325409125
LORCA,ZAMORA,0.6337231376571801,wet-wet,136,81,63,33,34.625742376384835,0.8794826572604351,0.9530481582542585,-0.22803175958493058
LORCA,ZAMORA,0.6337231376571801,dry-wet,731,209,264,45,40.47015776761466,0.5961831230969987,1.111930431761505,-0.1424716104453842
MONTSERRAT,OURENSE,0.8522662083876855,dry-dry,774,80,162,25,21.63066861211518,1.4930555555555556,1.1557664003967811,0.142325579308833
MONTSERRAT,OURENSE,0.8522662083876855,wet-wet,242,122,81,38,43.441849260339254,0.9305808540781219,0.8747325596632127,-0.07520337847720532
MONTSERRAT,OURENSE,0.8522662083876855,dry-wet,697,260,203,63,49.49778366219968,0.8319628647214854,1.2727842610074611,-0.10628303827158267
MONTSERRAT,OVIEDO,0.7145524231250477,dry-dry,852,79,238,38,32.44492722682915,1.7219444739921286,1.1712154486997057,0.26267924770597567
MONTSERRAT,OVIEDO,0.7145524231250477,wet-wet,337,182,96,64,60.17399242872387,1.2344322344322345,1.0635824118834734,0.26981993622124745
MONTSERRAT,OVIEDO,0.7145524231250477,dry-wet,736,263,277,73,54.302529407150175,0.7375053190759221,1.344320435843047,-0.1935621306897843
MONTSERRAT,PAMPLONA,0.3462495099191019,dry-dry,932,132,207,70,29.844064008475772,2.387644561557605,2.3455250591916657,0.5155421067581416
MONTSERRAT,PAMPLONA,0.3462495099191019,wet-wet,318,167,121,85,61.97773995633745,1.3376552679764437,1.3714601413327019,0.4296214562612895
MONTSERRAT,PAMPLONA,0.3462495099191019,dry-wet,547,200,219,52,42.284529141425054,0.649406392694064,1.2297641964057477,-0.20505577731270788
MONTSERRAT,PONFERRADA,0.7482672721555206,dry-dry,802,95,158,29,21.48072687571284,1.5495003331112591,1.3500474247353713,0.186255102489477
MONTSERRAT,PONFERRADA,0.7482672721555206,wet-wet,215,108,77,38,37.6218337018338,0.9824434824434825,1.0100517774110453,-0.02635081930897133
MONTSERRAT,PONFERRADA,0.7482672721555206,dry-wet,625,254,189,70,45.66771145895662,0.9113444152814232,1.5328116466469264,-0.023388254672006784
MONTSERRAT,PORTO,0.9192672912892503,dry-dry,916,112,178,30,23.21191830200327,1.3784109149277688,1.2924394963690224,0.11033645857048742
MONTSERRAT,PORTO,0.9192672912892503,wet-wet,203,115,73,40,38.9460144403693,0.9672424061941632,1.0270627322147294,-0.03339000206944159
MONTSERRAT,PORTO,0.9192672912892503,dry-wet,733,273,221,82,52.83563807541118,0.9962375482737473,1.5519827712303416,0.08318594424091301
MONTSERRAT,SORIA,0.3780159902987535,dry-dry,903,114,185,61,27.888576888419458,2.611806543385491,2.1872754656523847,0.5229973980380701
MONTSERRAT,SORIA,0.3780159902987535,wet-wet,316,157,133,82,65.26776227202245,1.2409367367463244,1.2563629753114725,0.30423020802415474
MONTSERRAT,SORIA,0.3780159902987535,dry-wet,516,228,186,50,42.99197530955604,0.608375778155065,1.1630077390020797,-0.3243191211580569
MONTSERRAT,TARIFA,0.9997510395031189,dry-dry,1007,147,114,37,17.239807591318097,2.2233560090702946,2.146195646558901,0.38005032581126996
MONTSERRAT,TARIFA,0.9997510395031189,wet-wet,209,94,83,40,45.33887236810246,1.071520123045373,0.8822451444147837,0.08822804342226745
MONTSERRAT,TARIFA,0.9997510395031189,dry-wet,473,240,148,38,31.93665795633943,0.5060247747747748,1.1898552457163727,-0.30591571889682895
MONTSERRAT,TAVIRA,1.0286039203020003,dry-dry,527,84,49,11,7.689321759086344,1.4084062196307094,1.4305553005375906,0.13775945927299563
MONTSERRAT,TAVIRA,1.0286039203020003,dry-wet,261,133,66,26,17.85260612035822,0.773069036226931,1.456370001372007,-0.021742893594032777
MONTSERRAT,TORREVIEJA,0.5407699272642434,dry-dry,1218,187,83,38,14.031019724762023,2.9820243541008957,2.7082849818062322,0.4791621056472162
MONTSERRAT,TORREVIEJA,0.5407699272642434,wet-wet,122,52,88,42,44.196682091748286,1.1197552447552448,0.9502975791895831,0.2377282923772604
MONTSERRAT,TORREVIEJA,0.5407699272642434,dry-wet,421,226,105,31,23.843531852879323,0.5499789296249473,1.3001429566424099,-0.2633382095527367
MONTSERRAT,VALENCIA,0.3463942989946013,dry-dry,1105,160,117,58,19.62413167240082,3.423611111111111,2.9555447837506414,0.6092449090570853
MONTSERRAT,VALENCIA,0.3463942989946013,wet-wet,253,114,145,89,71.35360231197653,1.3621899576527525,1.2473091352959143,0.5301383512363099
MONTSERRAT,VALENCIA,0.3463942989946013,dry-wet,391,214,122,37,28.764315451590846,0.5541213421173586,1.2863160280059323,-0.33751516293132566
MONTSERRAT,VANDELLOS,0.12102018845009273,dry-dry,1207,185,142,93,23.591107122292257,4.272972972972973,3.9421634397192102,0.7851794329691293
MONTSERRAT,VANDELLOS,0.12102018845009273,wet-wet,264,136,164,112,87.2001037357652,1.3256814921090387,1.2844021417610207,0.6327384250010326
MONTSERRAT,VANDELLOS,0.12102018845009273,dry-wet,293,185,106,30,24.151838960416157,0.4482406935237124,1.2421414389673902,-0.5055736848421165
MONTSERRAT,VIMIANZO,0.97073385061506,dry-dry,948,103,226,34,31.41683079441389,1.3846550390927055,1.0822224629368222,0.13944796098088316
MONTSERRAT,VIMIANZO,0.97073385061506,wet-wet,392,215,89,47,54.867135721943804,0.9628429579304939,0.8566147910141884,-0.03769899940350811
MONTSERRAT,VIMIANZO,0.97073385061506,dry-wet,1117,366,294,102,68.11277455664265,1.0588268094122895,1.4975164448069385,0.02160127291360233
MONTSERRAT,ZAMORA,0.6611291976270082,dry-dry,1151,148,190,47,26.8699393346184,1.9237908961593173,1.7491665840661816,0.28774305458407085
MONTSERRAT,ZAMORA,0.6611291976270082,wet-wet,236,116,109,60,52.70656273716905,1.1198987662132236,1.1383781617329327,0.158293453024755
MONTSERRAT,ZAMORA,0.6611291976270082,dry-wet,668,309,227,82,53.47651550963671,0.7809189797984118,1.5333833780778634,-0.04690157573112706
OURENSE,OVIEDO,0.22277897726352877,dry-dry,626,128,157,88,28.9377076117095,2.7412420382165603,3.0410148993416204,0.7156252022456407
OURENSE,OVIEDO,0.22277897726352877,wet-wet,564,181,145,81,63.00790101126145,1.7406744141741284,1.2855530608061805,0.48186652723822
OURENSE,OVIEDO,0.22277897726352877,dry-wet,409,123,213,25,32.889560760244905,0.39028207183480285,0.7601196070158112,-0.5083219748445391
OURENSE,PAMPLONA,0.5470887547468645,dry-dry,624,121,92,51,23.225676310739814,2.8587854832914124,2.1958456372879454,0.5557588771697045
OURENSE,PAMPLONA,0.5470887547468645,wet-wet,403,123,140,55,48.995650333756686,1.2871660859465737,1.1225486267728235,0.23068684185848512
OURENSE,PAMPLONA,0.5470887547468645,dry-wet,464,135,246,50,35.51955013795606,0.698584763625414,1.4076754859169849,-0.24674347505887081
OURENSE,PONFERRADA,0.11462273674607268,dry-dry,756,131,114,90,25.702188890209605,4.556046605062274,3.5016472871025592,0.8925622167354447
OURENSE,PONFERRADA,0.11462273674607268,wet-wet,513,138,147,100,56.04002887609862,2.528837622005324,1.78443876645914,0.8155595967964289
OURENSE,PONFERRADA,0.11462273674607268,dry-wet,214,90,107,12,15.59431913060435,0.26666666666666666,0.7695109930416658,-0.5518871565590704
OURENSE,PORTO,0.16528301057646214,dry-dry,839,145,143,106,26.90727505697672,4.289076440800579,3.9394550275173827,0.8729463407454844
OURENSE,PORTO,0.16528301057646214,wet-wet,570,158,200,122,68.51182311753612,2.2006329113924052,1.780714546023709,0.7659099840246546
OURENSE,PORTO,0.16528301057646214,dry-wet,273,153,100,24,21.016492020315024,0.42823529411764705,1.141960322246027,-0.44217223609174483
OURENSE,SORIA,0.47516497210681685,dry-dry,608,119,93,55,22.472692300027607,3.021595735068221,2.447414811973038,0.6287711030996834
OURENSE,SORIA,0.47516497210681685,wet-wet,400,125,133,63,51.86664157169862,1.5157894736842106,1.2146535439914885,0.4002491610742799
OURENSE,SORIA,0.47516497210681685,dry-wet,387,129,210,44,31.062765840814095,0.6285714285714286,1.416486871307106,-0.28809918240538007
OURENSE,TARIFA,0.882299443123547,dry-dry,609,128,50,25,12.347271827015923,2.37890625,2.0247387722767884,0.3962914421081278
OURENSE,TARIFA,0.882299443123547,wet-wet,239,66,92,32,32.31337920028218,1.2595520421607378,0.9903018747021222,0.2264021510071331
OURENSE,TARIFA,0.882299443123547,dry-wet,494,168,136,25,24.6619425962018,0.5405287114845938,1.013707655124064,-0.3241586301070201
OURENSE,TAVIRA,0.7099359687761335,dry-dry,347,80,33,17,6.067274633723141,2.234469696969697,2.8019170099059894,0.39693245149429746
OURENSE,TAVIRA,0.7099359687761335,dry-wet,265,105,54,15,12.720502721875814,0.701058201058201,1.179198678539966,-0.20152101259220506
OURENSE,TORREVIEJA,0.8604018799798282,dry-dry,761,176,52,13,10.445035990886582,1.0809659090909092,1.2446103595375502,0.04219822225033499
OURENSE,TORREVIEJA,0.8604018799798282,dry-wet,713,209,150,42,30.482963864982793,0.9552153110047847,1.377818777269469,0.010237848414994038
OURENSE,VALENCIA,0.7601821871215972,dry-dry,686,134,58,18,13.790231666567191,1.588780236747298,1.3052717630291086,0.20240802839273125
OURENSE,VALENCIA,0.7601821871215972,wet-wet,162,64,88,35,28.597962683232566,1.0067471590909092,1.2238634055047932,0.020433438954448373
OURENSE,VALENCIA,0.7601821871215972,dry-wet,584,161,172,44,33.33536596886205,0.9279214213491261,1.319919512541113,-0.02840814257151706
OURENSE,VANDELLOS,0.7844061430317679,dry-dry,699,148,59,22,15.58709922962036,1.761108566193312,1.4114236187188136,0.21994669209805084
OURENSE,VANDELLOS,0.7844061430317679,wet-wet,168,55,106,34,34.892129225350345,0.9797598627787307,0.9744317917777806,-0.045619692264978653
OURENSE,VANDELLOS,0.7844061430317679,dry-wet,585,168,189,40,34.88271767802257,0.7369614512471655,1.1466996456300051,-0.17908430744771214
OURENSE,VIMIANZO,0.14383792815337507,dry-dry,854,127,174,90,33.09427435994438,3.4781428183546024,2.7195036525391054,0.7773739151632526
OURENSE,VIMIANZO,0.14383792815337507,wet-wet,778,227,128,89,67.95413038192657,2.383053414096916,1.3097069964664119,0.6703068926047168
OURENSE,VIMIANZO,0.14383792815337507,dry-wet,432,193,178,30,27.994827319027483,0.37724864644582873,1.071626542222307,-0.42980812081681136
OURENSE,ZAMORA,0.21572873197422135,dry-dry,846,162,90,65,24.843553828519177,3.771604938271605,2.616372860688844,0.7214646210508627
OURENSE,ZAMORA,0.21572873197422135,wet-wet,455,120,180,85,63.237345498470354,1.7905092592592593,1.3441424419381434,0.6010679295419652
OURENSE,ZAMORA,0.21572873197422135,dry-wet,401,155,193,38,28.242687904114707,0.5093765669396624,1.3454810012776348,-0.3612626601900316
OVIEDO,PAMPLONA,0.376822607214375,dry-dry,705,185,118,84,36.17457393804138,2.712780577187357,2.3220729605239425,0.6716687959915411
OVIEDO,PAMPLONA,0.376822607214375,wet-wet,557,163,195,102,67.6183558482619,1.7874469089193015,1.5084661364569671,0.5751108005086729
OVIEDO,PAMPLONA,0.376822607214375,dry-wet,439,173,223,49,37.77898114979719,0.5575831410871199,1.2970175083788105,-0.3397326017303417
OVIEDO,PONFERRADA,0.12479959723548,dry-dry,704,161,129,93,30.768439149168476,3.152390582117579,3.022577763828925,0.7716436113899958
OVIEDO,PONFERRADA,0.12479959723548,wet-wet,495,124,175,76,53.95252885427219,1.7336405529953918,1.408645741245584,0.47181163871537846
OVIEDO,PONFERRADA,0.12479959723548,dry-wet,395,179,125,25,29.801075831212774,0.441340782122905,0.8388958889133704,-0.4707543921764265
OVIEDO,PORTO,0.3787681239309033,dry-dry,766,187,137,79,30.669069245645865,2.3620750224442797,2.5758851488854932,0.5499443756611524
OVIEDO,PORTO,0.3787681239309033,wet-wet,493,126,198,67,58.873950078302315,1.3239939073272406,1.138024540750027,0.229935150045406
OVIEDO,PORTO,0.3787681239309033,dry-wet,638,300,175,55,47.118007617485546,0.6683809523809524,1.1672819539930936,-0.27111009502841465
OVIEDO,SORIA,0.3658144242643526,dry-dry,677,167,115,77,33.104327925281055,2.714345222598282,2.3259798590019636,0.6853801060538066
OVIEDO,SORIA,0.3658144242643526,wet-wet,497,132,202,88,63.95479303935678,1.6402640264026402,1.375971929826216,0.4881935765645363
OVIEDO,SORIA,0.3658144242643526,dry-wet,454,183,182,36,38.110257927650665,0.49072239236173665,0.9446275611239151,-0.4113120772012254
OVIEDO,TARIFA,1.0002885404842239,dry-dry,649,178,66,29,17.539263955200376,1.602059925093633,1.6534331243359575,0.26550363977306324
OVIEDO,TARIFA,1.0002885404842239,wet-wet,269,67,123,41,36.347749080049,1.3383084577114428,1.1279928204001106,0.2577618002419768
OVIEDO,TARIFA,1.0002885404842239,dry-wet,662,244,128,37,35.48843320673534,0.7842597336065574,1.0425932242333478,-0.1575097520315249
OVIEDO,TAVIRA,0.8637584635154376,dry-dry,348,109,31,13,8.10180409761952,1.3388576501923646,1.6045808863509392,0.07016489141113472
OVIEDO,TAVIRA,0.8637584635154376,dry-wet,410,159,66,28,21.31388405249938,1.0939584524490185,1.3136976785193955,-0.028397325480867545
OVIEDO,TORREVIEJA,0.8600401644164368,dry-dry,807,248,43,20,14.798161380763021,1.5135033758439609,1.3515192519794483,0.16036245357618326
OVIEDO,TORREVIEJA,0.8600401644164368,wet-wet,130,44,92,29,29.452662557896716,0.9313241106719368,0.9846308442570552,-0.13278019316215908
OVIEDO,TORREVIEJA,0.8600401644164368,dry-wet,842,277,150,39,35.327354721063216,0.7903249097472924,1.1039603816344348,-0.15048650132177593
OVIEDO,VALENCIA,0.7137681668359505,dry-dry,690,192,50,16,19.248512917119143,1.15,0.8312330448016066,0.04405671117111598
OVIEDO,VALENCIA,0.7137681668359505,wet-wet,206,63,118,36,36.18789510480573,0.9975786924939467,0.9948077912721489,-0.014378468716734484
OVIEDO,VALENCIA,0.7137681668359505,dry-wet,665,221,187,46,40.4122448446889,0.7401940619933699,1.1382688632315723,-0.2085376799168873
OVIEDO,VANDELLOS,0.673099838879864,dry-dry,759,236,62,39,23.355548592360343,2.02303171131766,1.6698387471299645,0.3728278244158531
OVIEDO,VANDELLOS,0.673099838879864,wet-wet,260,77,167,62,53.68094177930459,1.253596702698499,1.1549722852273547,0.3768857522597218
OVIEDO,VANDELLOS,0.673099838879864,dry-wet,682,239,195,47,40.92118005842561,0.6877802810857204,1.1485494781161074,-0.2541764914560232
OVIEDO,VIMIANZO,0.2797860973512317,dry-dry,823,174,197,110,43.887888599952575,2.64105257016162,2.506386237959027,0.680897324299994
OVIEDO,VIMIANZO,0.2797860973512317,wet-wet,872,244,215,108,75.80486163542906,1.7951963400686237,1.4247107331902817,0.4743567525754953
OVIEDO,VIMIANZO,0.2797860973512317,dry-wet,650,332,188,54,49.8497132623624,0.5623558062035375,1.0832559801456503,-0.3381426936427865
OVIEDO,ZAMORA,0.25066226736830066,dry-dry,832,228,126,86,31.372308839002006,2.4906711222500695,2.7412709865040257,0.6294714760097166
OVIEDO,ZAMORA,0.25066226736830066,wet-wet,457,122,221,80,63.61234411497354,1.355982493880276,1.2576175444094193,0.3046415633761396
OVIEDO,ZAMORA,0.25066226736830066,dry-wet,615,267,173,31,42.73377201378993,0.41274274209261547,0.7254215703213956,-0.4697514854201418
PAMPLONA,PONFERRADA,0.4344219894142916,dry-dry,716,118,127,52,25.019730726393853,2.4844521553449885,2.078359698137921,0.4871656777719474
PAMPLONA,PONFERRADA,0.4344219894142916,wet-wet,348,119,123,59,41.40101781134984,1.4027464644394343,1.4250857374773407,0.3347547084419309
PAMPLONA,PONFERRADA,0.4344219894142916,dry-wet,458,232,142,47,33.76741315529094,0.6534118504128218,1.3918744614476244,-0.2649859167397442
PAMPLONA,PORTO,0.6513699750076883,dry-dry,623,106,104,32,20.78021553019623,1.8084179970972425,1.5399262800474822,0.2896576464692119
PAMPLONA,PORTO,0.6513699750076883,wet-wet,327,103,125,47,42.03169043144656,1.1937087378640776,1.1182038960973202,0.17756833287029788
PAMPLONA,PORTO,0.6513699750076883,dry-wet,550,266,168,75,41.15128121718808,0.9230665950590763,1.8225434975928279,-0.04788388419006421
PAMPLONA,SORIA,0.16008198040933486,dry-dry,717,154,151,98,30.350883243178323,3.0216736905478627,3.22890109044937,0.7759141686954016
PAMPLONA,SORIA,0.16008198040933486,wet-wet,434,145,177,99,60.93924957340367,1.6741087083576855,1.6245687417064545,0.5871295496163069
PAMPLONA,SORIA,0.16008198040933486,dry-wet,349,175,118,28,29.75369286860495,0.4732203389830508,0.9410596568180823,-0.4249210327166119
PAMPLONA,TARIFA,0.9894140921844281,dry-dry,711,158,72,29,15.530383674829872,1.8125,1.8673073767649646,0.3033664788957477
PAMPLONA,TARIFA,0.9894140921844281,wet-wet,228,64,105,36,33.627135058157975,1.2214285714285715,1.0705639935646662,0.17005405754452754
PAMPLONA,TARIFA,0.9894140921844281,dry-wet,529,237,113,31,29.982609964028214,0.6123371046637541,1.0339326708779657,-0.26851439961503076
PAMPLONA,TAVIRA,0.9373984756420505,dry-dry,198,57,21,9,4.2906532601058,1.4887218045112782,2.097582688324266,0.26643164218015153
PAMPLONA,TAVIRA,0.9373984756420505,dry-wet,209,93,31,14,10.35474336544076,1.01491501907735,1.3520373712713523,-0.08676054812109728
PAMPLONA,TORREVIEJA,0.6645372579105153,dry-dry,732,188,59,28,11.399283774845763,1.8478182473855032,2.4562946719324787,0.3072312714550315
PAMPLONA,TORREVIEJA,0.6645372579105153,dry-wet,573,224,101,30,25.530754556440854,0.7598125884016973,1.175053402110736,-0.12538373826780255
PAMPLONA,VALENCIA,0.468061784552402,dry-dry,790,184,78,40,18.29010187176246,2.201783723522854,2.186975243793191,0.42526848721334176
PAMPLONA,VALENCIA,0.468061784552402,wet-wet,203,76,122,49,38.924414978870466,1.0727998274374462,1.258850005237045,0.1122766289259835
PAMPLONA,VALENCIA,0.468061784552402,dry-wet,536,216,130,28,31.723217943497108,0.5344729344729344,0.8826342916998959,-0.32097519446060985
PAMPLONA,VANDELLOS,0.3349233542175873,dry-dry,804,198,98,65,20.640630461747516,2.6932591218305504,3.149128614092578,0.6128023730639826
PAMPLONA,VANDELLOS,0.3349233542175873,wet-wet,223,77,137,58,50.2055807963595,1.2260877808323063,1.1552500554720342,0.351451892370251
PAMPLONA,VANDELLOS,0.3349233542175873,dry-wet,504,213,116,25,31.273540771917034,0.5099562894609033,0.7993978098715788,-0.3700584066969317
PAMPLONA,VIMIANZO,0.6473942164570747,dry-dry,782,110,171,43,34.02276256592664,1.7876661350345562,1.2638597443895971,0.30975893454335635
PAMPLONA,VIMIANZO,0.6473942164570747,wet-wet,620,231,135,73,57.964526570641524,1.451338784672118,1.2593909468239115,0.32354588466422707
PAMPLONA,VIMIANZO,0.6473942164570747,dry-wet,719,334,202,62,48.318246043791476,0.6607280488527895,1.283159159871171,-0.2467899889431088
PAMPLONA,ZAMORA,0.39917848827833396,dry-dry,928,189,148,77,28.33375725199845,2.5545545545545547,2.7176063984443504,0.5444513493795644
PAMPLONA,ZAMORA,0.39917848827833396,wet-wet,358,112,178,74,54.292973507845744,1.328852327447833,1.3629756342099488,0.31647895857269115
PAMPLONA,ZAMORA,0.39917848827833396,dry-wet,596,294,150,54,42.87732036990732,0.7297959183673469,1.2594070602858598,-0.23273779104346867
PONFERRADA,PORTO,0.25664623667062253,dry-dry,853,141,161,102,25.707986842690445,3.8326945949517643,3.9676385640053207,0.8229711866865044
PONFERRADA,PORTO,0.25664623667062253,wet-wet,465,138,158,97,54.044632707878385,2.0686571271326364,1.7948128267297814,0.715190347529817
PONFERRADA,PORTO,0.25664623667062253,dry-wet,284,160,92,21,20.052763765402435,0.4051630434782609,1.0472371911263352,-0.45772056234739894
PONFERRADA,SORIA,0.3750312882024775,dry-dry,633,117,101,55,23.068758080294213,2.946179233307946,2.384176894506605,0.6341517321469944
PONFERRADA,SORIA,0.3750312882024775,wet-wet,403,128,134,76,50.75809890609887,1.7856809701492538,1.4972980004747216,0.5742840521943633
PONFERRADA,SORIA,0.3750312882024775,dry-wet,345,127,183,35,26.5789607956262,0.5195559571447012,1.3168310179290212,-0.3661041552148267
PONFERRADA,TARIFA,0.8967382848500989,dry-dry,674,135,55,21,12.98163307836998,1.9062626262626263,1.6176701246463543,0.27012133079754913
PONFERRADA,TARIFA,0.8967382848500989,wet-wet,219,70,95,36,28.9994911701403,1.1855639097744362,1.2414010917911507,0.1762282607470613
PONFERRADA,TARIFA,0.8967382848500989,dry-wet,475,154,131,23,24.31707537362337,0.541538614057698,0.9458374268538889,-0.2920769900692811
PONFERRADA,TAVIRA,0.7478481243180282,dry-dry,300,67,25,12,4.964404569050576,2.1492537313432836,2.4172083143286116,0.2891784150032034
PONFERRADA,TAVIRA,0.7478481243180282,dry-wet,209,82,45,11,9.905178373975719,0.6230352303523036,1.1105302281986915,-0.22347952112684585
PONFERRADA,TORREVIEJA,0.8091987553789503,dry-dry,768,169,51,13,9.813916048181829,1.158371040723982,1.324649603295561,0.01926782802284281
PONFERRADA,TORREVIEJA,0.8091987553789503,dry-wet,616,198,137,39,27.18835766396273,0.8856447688564477,1.4344375074811235,-0.013129073401979306
PONFERRADA,VALENCIA,0.6873597982338859,dry-dry,697,129,68,24,13.07081263610613,1.9069767441860466,1.8361520946068537,0.2981947635201266
PONFERRADA,VALENCIA,0.6873597982338859,wet-wet,159,59,82,24,27.37293011477245,0.7887556841670111,0.8767786239679116,-0.2622611501228241
PONFERRADA,VALENCIA,0.6873597982338859,dry-wet,525,166,154,45,30.799609009934187,0.9241511500547646,1.4610575084081614,0.016418165510790117
PONFERRADA,VANDELLOS,0.6877805447493095,dry-dry,737,146,73,27,15.529959470028178,1.8670482266841808,1.7385750460011349,0.2890567186954763
PONFERRADA,VANDELLOS,0.6877805447493095,wet-wet,158,56,103,40,32.11879080435409,1.0957004160887656,1.2453768961494502,0.1564176281533888
PONFERRADA,VANDELLOS,0.6877805447493095,dry-wet,518,157,181,44,31.871398153084215,0.8020551078579723,1.3805481575881884,-0.11850266092072674
PONFERRADA,VIMIANZO,0.2238691906402687,dry-dry,834,101,192,71,31.158113195049737,3.053527227722772,2.2787002395023124,0.6693437116391041
PONFERRADA,VIMIANZO,0.2238691906402687,wet-wet,652,210,113,82,54.74830772850643,2.2530130636325327,1.497763189442002,0.6343062084407491
PONFERRADA,VIMIANZO,0.2238691906402687,dry-wet,489,200,178,26,28.42083431954119,0.35713483146067415,0.9148218418810912,-0.44026762822195586
PONFERRADA,ZAMORA,0.16155106552986837,dry-dry,932,172,123,88,26.69862846191853,3.876725278880696,3.296049462822347,0.7745567850958042
PONFERRADA,ZAMORA,0.16155106552986837,wet-wet,440,140,180,100,59.95279698219176,1.746031746031746,1.667978893957254,0.6353637111993301
PONFERRADA,ZAMORA,0.16155106552986837,dry-wet,318,131,148,21,22.301130000341217,0.3444398597070353,0.941656319642937,-0.47137800308532735
PORTO,SORIA,0.5457716770353707,dry-dry,796,145,106,45,25.382953239033196,2.3305139882888746,1.772843355784159,0.3833002729958384
PORTO,SORIA,0.5457716770353707,wet-wet,369,135,122,69,50.31246568316895,1.5459016393442624,1.3714295068445155,0.4354404416939395
PORTO,SORIA,0.5457716770353707,dry-wet,491,160,257,62,38.25654787518481,0.7403210116731518,1.6206376017585329,-0.1813950290381628
PORTO,TARIFA,0.7600676331883891,dry-dry,823,162,58,25,14.538954204906481,2.189761600681141,1.7195184500659073,0.2614690812971455
PORTO,TARIFA,0.7600676331883891,wet-wet,208,74,77,27,29.694972446752004,0.9856089856089856,0.9092448241336295,-0.0075052163181692725
PORTO,TARIFA,0.7600676331883891,dry-wet,540,166,175,34,29.17545501147661,0.632013769363167,1.1653631446921935,-0.2190790645760541
PORTO,TAVIRA,0.5678350387943679,dry-dry,674,133,46,24,10.275407993941336,2.6440013076168682,2.3356736797362267,0.4060706318581526
PORTO,TAVIRA,0.5678350387943679,wet-wet,119,39,65,24,22.377519878293324,1.1266272189349111,1.0725049125430792,0.14192627853301482
PORTO,TAVIRA,0.5678350387943679,dry-wet,352,136,85,16,17.602210846266107,0.48719723183391006,0.908976726829404,-0.3478178170279765
PORTO,TORREVIEJA,0.8247876968453945,dry-dry,1327,268,109,20,16.02952275054559,0.9085307407914556,1.2476977830995792,-0.03886654196405051
PORTO,TORREVIEJA,0.8247876968453945,dry-wet,980,311,219,62,45.9146056766604,0.8920994288566856,1.3503328425951446,0.11140658518774815
PORTO,VALENCIA,0.7636840600784899,dry-dry,798,140,72,17,14.288196146565834,1.3458333333333334,1.189793296901649,0.12086231937891612
PORTO,VALENCIA,0.7636840600784899,wet-wet,130,48,73,20,24.791347798588795,0.7420091324200914,0.8067330652002093,-0.3286774651478038
PORTO,VALENCIA,0.7636840600784899,dry-wet,647,183,197,59,38.786904847597384,1.058861057945688,1.5211319447072276,0.10581425764802795
PORTO,VANDELLOS,0.8343121473006241,dry-dry,970,197,95,25,19.442489035035027,1.2957520705316592,1.2858435951770597,0.0881609872830268
PORTO,VANDELLOS,0.8343121473006241,wet-wet,150,56,96,38,33.375901099433186,1.0602678571428572,1.1385460391553397,0.09755755739356206
PORTO,VANDELLOS,0.8343121473006241,dry-wet,689,220,230,62,44.26469880199319,0.8442292490118577,1.4006646758705203,-0.014035221846595922
PORTO,VIMIANZO,0.25084137496856607,dry-dry,1017,155,251,114,36.5909104566345,2.9800282740007713,3.1155278340260604,0.7095495170996814
PORTO,VIMIANZO,0.25084137496856607,wet-wet,777,277,124,99,72.02910949139074,2.239519040409922,1.3744443142370508,0.6508039857241715
PORTO,VIMIANZO,0.25084137496856607,dry-wet,601,214,236,36,34.36177100496769,0.4284017107555837,1.047675918531541,-0.3974366719078125
PORTO,ZAMORA,0.259792802110727,dry-dry,1020,193,109,63,26.158820380008493,3.0546180539050245,2.408365479971981,0.5767733720822102
PORTO,ZAMORA,0.259792802110727,wet-wet,401,142,160,86,58.76535887289032,1.517869718309859,1.4634472017097404,0.4738641080522841
PORTO,ZAMORA,0.259792802110727,dry-wet,458,157,223,41,32.23199592987547,0.5363457199165976,1.2720279590876211,-0.3439395343543346
SORIA,TARIFA,0.8307470265440196,dry-dry,684,146,58,33,15.288504544687358,2.665564478034955,2.158484494251418,0.5261581385531188
SORIA,TARIFA,0.8307470265440196,wet-wet,273,82,101,44,42.593602574598535,1.4503743057232552,1.0330189826732383,0.38037025282328696
SORIA,TARIFA,0.8307470265440196,dry-wet,418,190,110,27,24.66212239901784,0.54,1.0947962857031017,-0.3460444452227475
SORIA,TAVIRA,0.7785970528385282,dry-dry,404,88,36,18,7.615109100112892,2.2954545454545454,2.3637218801938316,0.42904092706207647
SORIA,TAVIRA,0.7785970528385282,dry-wet,246,111,55,18,13.262754274636109,0.7253071253071253,1.3571841585290825,-0.15555440750902028
SORIA,TORREVIEJA,0.5401302785939772,dry-dry,863,193,54,24,12.555394435971063,1.9873344847438112,1.9115289545376823,0.2945944383294433
SORIA,TORREVIEJA,0.5401302785939772,wet-wet,113,48,75,32,29.67510969819906,1.0044444444444445,1.07834479216574,-0.01077547044923881
SORIA,TORREVIEJA,0.5401302785939772,dry-wet,586,220,134,35,29.391973864337437,0.6957259158751696,1.1908012766188196,-0.13964734098873893
SORIA,VALENCIA,0.3631277292387,dry-dry,783,158,73,43,17.511921688845412,2.9191087220391885,2.455470094260972,0.5891156860901929
SORIA,VALENCIA,0.3631277292387,wet-wet,227,88,118,58,46.23636273174199,1.2679121725731894,1.2544239333121696,0.34820521457907533
SORIA,VALENCIA,0.3631277292387,dry-wet,430,169,134,30,27.168338716754207,0.5696370219906385,1.104226515753043,-0.2835286367349649
SORIA,VANDELLOS,0.31319966008783096,dry-dry,800,186,84,58,19.972174179288622,2.96979006656426,2.90404036532721,0.6417061417849366
SORIA,VANDELLOS,0.31319966008783096,wet-wet,226,94,139,71,54.08176192023753,1.228072860860248,1.3128270507294921,0.3821330359541217
SORIA,VANDELLOS,0.31319966008783096,dry-wet,441,170,163,35,30.871571218111935,0.5570191266690725,1.1337291436422248,-0.3479903524258916
SORIA,VIMIANZO,0.5988858426736478,dry-dry,762,117,176,58,32.130347739258916,2.1462703962703964,1.8051469741527848,0.46254700253395115
SORIA,VIMIANZO,0.5988858426736478,wet-wet,573,211,111,63,56.564850721296054,1.5413090815934418,1.1137658669057742,0.37742399300541674
SORIA,VIMIANZO,0.5988858426736478,dry-wet,692,291,212,57,46.301587515879575,0.6393697724178176,1.2310593018101443,-0.2594884266950708
SORIA,ZAMORA,0.28602326941769207,dry-dry,900,178,148,91,29.063422829752895,3.108867294260553,3.131083373526163,0.6863628928925711
SORIA,ZAMORA,0.28602326941769207,wet-wet,429,135,182,102,69.03753461003723,1.7809523809523808,1.4774571626312163,0.6661611151780122
SORIA,ZAMORA,0.28602326941769207,dry-wet,382,214,129,41,29.411801103926745,0.567340433239151,1.393998274880423,-0.32666028343496634
TARIFA,TAVIRA,0.23371139465298946,dry-dry,450,36,34,16,5.0742039559013765,5.882352941176471,3.153203958503039,0.6778288633802759
TARIFA,TAVIRA,0.23371139465298946,dry-wet,113,64,30,10,7.353425053956338,0.5885416666666666,1.359910507909472,-0.39592660571207305
TARIFA,TORREVIEJA,0.5035343283423817,dry-dry,1078,122,64,19,8.874340084709067,2.6232069672131146,2.1410042683329156,0.3545789663779029
TARIFA,TORREVIEJA,0.5035343283423817,wet-wet,113,54,69,40,31.102253847134257,1.2130971551261407,1.2860804299456123,0.34339025302445064
TARIFA,TORREVIEJA,0.5035343283423817,dry-wet,357,128,124,21,16.327242628685823,0.4723412298387097,1.2861939077884754,-0.269509205640145
TARIFA,VALENCIA,0.6570002662509301,dry-dry,930,96,78,28,11.20021579598204,3.4775641025641026,2.4999518321820826,0.5254449490324871
TARIFA,VALENCIA,0.6570002662509301,wet-wet,168,69,86,39,35.855045415367925,1.1041456016177957,1.0877130275027935,0.13710240163571308
TARIFA,VALENCIA,0.6570002662509301,dry-wet,363,115,162,24,20.173533522960263,0.4676328502415459,1.1896775531507502,-0.3543264706192095
TARIFA,VANDELLOS,0.879028790191711,dry-dry,952,89,100,25,12.547918932205597,2.6741573033707864,1.992362250272018,0.42103843694609366
TARIFA,VANDELLOS,0.879028790191711,wet-wet,136,58,84,41,34.04883224765582,1.1444991789819376,1.2041528972795463,0.2432593865608536
TARIFA,VANDELLOS,0.879028790191711,dry-wet,356,117,172,31,22.499972434121748,0.5483999204929437,1.3777794657644893,-0.2718081650010523
TARIFA,VIMIANZO,1.0057925961274885,dry-dry,822,72,195,25,19.1034839250196,1.4636752136752136,1.3086618178194087,0.15587855776709597
TARIFA,VIMIANZO,1.0057925961274885,wet-wet,324,141,71,38,34.11231531522517,1.2298471681150733,1.1139671889418676,0.17447666509251772
TARIFA,VIMIANZO,1.0057925961274885,dry-wet,871,178,235,31,36.545746584567055,0.6454936648338513,0.8482519279847199,-0.24789654656708218
TARIFA,ZAMORA,0.7497254706559883,dry-dry,996,92,159,50,17.16033906605189,3.4044298605414274,2.9136953417729634,0.5953816292652966
TARIFA,ZAMORA,0.7497254706559883,wet-wet,264,100,103,54,44.553967998207625,1.3840776699029127,1.212013260012495,0.38120458567443827
TARIFA,ZAMORA,0.7497254706559883,dry-wet,422,163,173,40,26.204494783924954,0.5986027873328842,1.526455683646221,-0.21908055441735985
TAVIRA,TORREVIEJA,0.6168635454163104,dry-dry,842,78,64,12,5.842159518624403,2.0240384615384617,2.0540349782892484,0.2613910833381056
TAVIRA,TORREVIEJA,0.6168635454163104,dry-wet,253,82,108,22,14.6896089061642,0.6285004516711834,1.4976572991516568,-0.10285429530650697
TAVIRA,VALENCIA,0.7126063708431614,dry-dry,447,36,44,7,4.824109920945208,1.9753787878787878,1.451044879721244,0.28023490158402004
TAVIRA,VALENCIA,0.7126063708431614,dry-wet,185,54,82,18,10.640522671064726,0.7520325203252033,1.691646224198013,0.07701146472861739
TAVIRA,VANDELLOS,0.909408908844793,dry-dry,693,63,88,14,7.825204710387718,1.75,1.7890905756644848,0.18652875149621562
TAVIRA,VANDELLOS,0.909408908844793,dry-wet,265,81,135,28,18.097504413342342,0.6785550983081847,1.5471746468732488,-0.10077483184315274
TAVIRA,VIMIANZO,0.8185955372841867,dry-dry,438,41,115,16,8.753363874126451,1.486320254506893,1.8278687176816046,0.1826960673479735
TAVIRA,VIMIANZO,0.8185955372841867,wet-wet,114,65,22,13,15.878451916202062,1.0363636363636364,0.81871961250423,0.02469820777107454
TAVIRA,VIMIANZO,0.8185955372841867,dry-wet,499,84,152,23,19.72108336175447,0.8988878446115288,1.1662645290879103,-0.10196391922886142
TAVIRA,ZAMORA,0.6222297580133931,dry-dry,405,32,67,20,6.25945650479769,3.7779850746268657,3.195165584211758,0.6744408120504822
TAVIRA,ZAMORA,0.6222297580133931,dry-wet,183,52,80,14,10.727060362154168,0.6158653846153846,1.305110582708474,-0.23293770875363629
TORREVIEJA,VALENCIA,0.20706499446507884,dry-dry,1116,82,125,44,9.33531638564693,4.790634146341463,4.713284283289005,0.6748301351712654
TORREVIEJA,VALENCIA,0.20706499446507884,wet-wet,155,95,70,57,55.29941325975702,1.3285714285714285,1.0307523469056505,0.5802247045594312
TORREVIEJA,VALENCIA,0.20706499446507884,dry-wet,265,94,134,16,13.830128344041661,0.33661479834868213,1.1568945422616537,-0.4367138831672029
TORREVIEJA,VANDELLOS,0.4290136451479065,dry-dry,1304,102,162,47,11.701842371309255,3.7090292907286373,4.016461554398927,0.5702338809164119
TORREVIEJA,VANDELLOS,0.4290136451479065,wet-wet,110,74,61,44,46.18624353812934,1.0722197607443509,0.9526646167635505,0.18543457388354617
TORREVIEJA,VANDELLOS,0.4290136451479065,dry-wet,330,112,182,31,19.826254844625208,0.5018642072213501,1.5635832507420804,-0.31017589051215994
TORREVIEJA,VIMIANZO,1.0042368477524628,dry-dry,901,81,233,18,14.678348356483799,0.8593228421554602,1.2262960084367356,-0.0429701094363945
TORREVIEJA,VIMIANZO,1.0042368477524628,wet-wet,133,97,45,27,24.280509195511694,0.822680412371134,1.1120030384284942,-0.2971981138703406
TORREVIEJA,VIMIANZO,1.0042368477524628,dry-wet,1206,196,286,55,43.65334358351093,1.183281004709576,1.2599263993325591,0.014003979356243753
TORREVIEJA,ZAMORA,0.6517466284800268,dry-dry,1116,78,200,25,12.636472131657126,1.7884615384615385,1.9784002797243967,0.20744133653434083
TORREVIEJA,ZAMORA,0.6517466284800268,dry-wet,568,150,223,40,28.869657200428218,0.6792227204783259,1.385537754130544,-0.06696588491118428
VALENCIA,VANDELLOS,0.22846843421513238,dry-dry,1085,103,138,59,15.113861270407916,4.503658364992261,3.903701307323672,0.7207301269958839
VALENCIA,VANDELLOS,0.22846843421513238,wet-wet,188,104,107,75,61.26956529817277,1.2670740474478792,1.2240987778354078,0.4951332107607339
VALENCIA,VANDELLOS,0.22846843421513238,dry-wet,275,104,141,19,19.735070291853514,0.35631478450627385,0.962753094821408,-0.48302963683481104
VALENCIA,VIMIANZO,0.900789149244246,dry-dry,820,72,188,22,19.640066949395013,1.33274231678487,1.1201591143597238,0.14023080643886016
VALENCIA,VIMIANZO,0.900789149244246,wet-wet,240,136,67,34,33.996443388266286,0.8955223880597015,1.0001046171710697,-0.09392943004745073
VALENCIA,VIMIANZO,0.900789149244246,dry-wet,972,240,214,60,48.46935526731124,1.1355140186915889,1.237895566571839,0.017334250400745158
VALENCIA,ZAMORA,0.5444539354972004,dry-dry,1030,92,158,33,17.16232290768538,2.338332416070446,1.922816636040709,0.36440646242996527
VALENCIA,ZAMORA,0.5444539354972004,wet-wet,191,93,88,47,41.98521304889073,1.0968963831867058,1.1194417411975421,0.12694726330550202
VALENCIA,ZAMORA,0.5444539354972004,dry-wet,480,187,176,41,31.593245227147293,0.5979581915410792,1.2977457587918102,-0.23391877007605238
VANDELLOS,VIMIANZO,0.9116204829636099,dry-dry,897,80,231,33,23.906531262554097,1.6017857142857144,1.3803759164211926,0.2102274022128597
VANDELLOS,VIMIANZO,0.9116204829636099,wet-wet,268,173,57,39,44.11947794847106,1.0599330696683906,0.8839633153762538,0.09118135287338783
VANDELLOS,VIMIANZO,0.9116204829636099,dry-wet,984,262,253,56,49.09358550301327,0.8313067616087861,1.1406785515098061,-0.12660984000602876
VANDELLOS,ZAMORA,0.5815641533755557,dry-dry,1090,111,177,39,20.0006754527318,2.1636891128416553,1.9499341455827266,0.34424703483182434
VANDELLOS,ZAMORA,0.5815641533755557,wet-wet,178,102,87,60,45.877560991967385,1.2035158891142663,1.3078288972359555,0.31266989290162994
VANDELLOS,ZAMORA,0.5815641533755557,dry-wet,526,214,186,46,37.520546022145695,0.60787860516531,1.2259949514820356,-0.23070222796943882
VIMIANZO,ZAMORA,0.3572935465567434,dry-dry,1025,248,111,56,33.1093682438944,2.085149665794827,1.6913641960029482,0.3999826007003219
VIMIANZO,ZAMORA,0.3572935465567434,wet-wet,565,107,241,66,60.568418990790164,1.4460774809012293,1.0896767837053125,0.3090198763129085
VIMIANZO,ZAMORA,0.3572935465567434,dry-wet,845,247,279,34,45.447329219965866,0.41690247123184304,0.7481187692117045,-0.42715539538564107
