station_j,station_k,state_class,dist_exact,n_class_days_exact,n_used_exact,n_cells_exact,phi_bar_exact,dist_binned,n_class_days_binned,n_used_binned,n_cells_binned,phi_bar_binned
ALACANT/ALICANTE,AMARANTE,dry-dry,722.4169965750731,588,69,4,-0.021237811881002974,722.4169965750731,588,570,15,0.14220007178134567
ALACANT/ALICANTE,AMARANTE,dry-wet,722.4169965750731,513,97,8,-0.09276386377802716,722.4169965750731,513,459,19,-0.08492155190018771
ALACANT/ALICANTE,AMARANTE,wet-wet,722.4169965750731,115,70,4,0.09275525492142622,722.4169965750731,115,89,4,0.03959077909274362
ALACANT/ALICANTE,ARANJUEZ,dry-dry,323.4013395002759,887,282,11,0.3802739850834937,323.4013395002759,887,860,15,0.32089746623667564
ALACANT/ALICANTE,ARANJUEZ,dry-wet,323.4013395002759,258,75,5,-0.26698800684172913,323.4013395002759,258,221,11,-0.31707734732565646
ALACANT/ALICANTE,ARANJUEZ,wet-wet,323.4013395002759,133,101,4,0.3405725576323075,323.4013395002759,133,120,4,0.37674301561316825
ALACANT/ALICANTE,BARCELOS,dry-dry,776.0798722095955,531,70,4,0.16334499508315278,776.0798722095955,531,515,15,0.09128609220239677
ALACANT/ALICANTE,BARCELOS,dry-wet,776.0798722095955,545,74,6,-0.19867115546379122,776.0798722095955,545,490,19,-0.05359962300607782
ALACANT/ALICANTE,BARCELOS,wet-wet,776.0798722095955,104,45,2,0.06311747577748679,776.0798722095955,104,80,4,0.08538945081238838
ALACANT/ALICANTE,BEJA,dry-dry,645.2484958319031,1011,240,12,0.03145253266683599,645.2484958319031,1011,950,15,0.05006167913616421
ALACANT/ALICANTE,BEJA,dry-wet,645.2484958319031,483,206,12,-0.15466413409517585,645.2484958319031,483,442,17,-0.1213229008925464
ALACANT/ALICANTE,BEJA,wet-wet,645.2484958319031,150,83,3,0.09596604388700737,645.2484958319031,150,119,4,0.04587530573514179
ALACANT/ALICANTE,BRAGANCA,dry-dry,654.0074821361715,925,151,9,-0.051728186234126255,654.0074821361715,925,925,16,0.03248955527245937
ALACANT/ALICANTE,BRAGANCA,dry-wet,654.0074821361715,613,183,11,0.08187347068326703,654.0074821361715,613,570,20,0.01055097934276864
ALACANT/ALICANTE,BRAGANCA,wet-wet,654.0074821361715,124,60,3,0.31924995204317086,654.0074821361715,124,93,4,0.16348553202946806
ALACANT/ALICANTE,CADIZ,dry-dry,549.7244310931843,1102,268,12,0.20848072075944302,549.7244310931843,1102,1035,15,0.25934603350649565
ALACANT/ALICANTE,CADIZ,dry-wet,549.7244310931843,379,124,7,-0.16867933712963618,549.7244310931843,379,334,15,-0.17356971999456605
ALACANT/ALICANTE,CADIZ,wet-wet,549.7244310931843,170,116,4,0.14378007137361007,549.7244310931843,170,142,4,0.19139366514750575
ALACANT/ALICANTE,CAMPDEVANOL,dry-dry,483.90656470772444,1073,258,13,0.4291645228997023,483.90656470772444,1073,1073,16,0.22758908212162332
ALACANT/ALICANTE,CAMPDEVANOL,dry-wet,483.90656470772444,321,106,7,-0.11338513027726076,483.90656470772444,321,252,11,-0.17155792123368518
ALACANT/ALICANTE,CAMPDEVANOL,wet-wet,483.90656470772444,132,82,3,0.1828155631785963,483.90656470772444,132,114,4,0.1842463282793267
ALACANT/ALICANTE,CUENCA,dry-dry,235.359069323701,1098,320,12,0.3006607590691245,235.359069323701,1098,1015,14,0.3138538898365525
ALACANT/ALICANTE,CUENCA,dry-wet,235.359069323701,418,146,9,-0.2779153740840162,235.359069323701,418,374,16,-0.2437680730153366
ALACANT/ALICANTE,CUENCA,wet-wet,235.359069323701,195,149,5,0.20076108746737942,235.359069323701,195,176,5,0.18616549946361693
ALACANT/ALICANTE,DAROCA,dry-dry,314.74959747928835,931,197,7,0.40006624939001106,314.74959747928835,931,923,15,0.3501866991173378
ALACANT/ALICANTE,DAROCA,dry-wet,314.74959747928835,267,77,6,-0.4538629476210499,314.74959747928835,267,209,10,-0.33204062210724805
ALACANT/ALICANTE,DAROCA,wet-wet,314.74959747928835,141,121,4,0.32741069579120446,314.74959747928835,141,133,4,0.3081519553875436
ALACANT/ALICANTE,EXTREMO,dry-dry,785.917196969032,499,64,4,-0.09000519858791144,785.917196969032,499,435,14,0.13804013915458993
ALACANT/ALICANTE,EXTREMO,dry-wet,785.917196969032,550,65,5,-0.0730255059054401,785.917196969032,550,490,18,-0.03599366026160938
ALACANT/ALICANTE,EXTREMO,wet-wet,785.917196969032,105,42,2,0.04699651452714634,785.917196969032,105,88,5,-0.00034033871159352714
ALACANT/ALICANTE,GETAFE,dry-dry,350.6111409533631,1009,250,8,0.4588786939404083,350.6111409533631,1009,965,14,0.32097868738613455
ALACANT/ALICANTE,GETAFE,dry-wet,350.6111409533631,301,103,7,-0.2073138578087322,350.6111409533631,301,243,11,-0.29728699552993754
ALACANT/ALICANTE,GETAFE,wet-wet,350.6111409533631,167,123,4,0.31856576395207564,350.6111409533631,167,147,4,0.3442716629345115
ALACANT/ALICANTE,LORCA,dry-dry,131.50609021423713,1385,518,19,0.6405572422432568,131.50609021423713,1385,1334,12,0.5369250609599518
ALACANT/ALICANTE,LORCA,dry-wet,131.50609021423713,192,26,2,-0.4384542545103336,131.50609021423713,192,142,8,-0.40375422465679284
ALACANT/ALICANTE,LORCA,wet-wet,131.50609021423713,179,141,4,0.573170407549626,131.50609021423713,179,162,4,0.5394492307304759
ALACANT/ALICANTE,MONTSERRAT,dry-dry,409.6572976142475,1221,311,13,0.32399201283736995,409.6572976142475,1221,1186,15,0.3108800429795174
ALACANT/ALICANTE,MONTSERRAT,dry-wet,409.6572976142475,316,119,8,-0.3695317318467209,409.6572976142475,316,251,11,-0.2922519735448231
ALACANT/ALICANTE,MONTSERRAT,wet-wet,409.6572976142475,156,121,4,0.16378568356423048,409.6572976142475,156,136,4,0.13370076174489803
ALACANT/ALICANTE,OURENSE,dry-dry,762.920366146825,674,153,9,-0.09540858164720041,762.920366146825,674,548,12,-0.017617081512201864
ALACANT/ALICANTE,OURENSE,dry-wet,762.920366146825,583,176,12,-0.06279317916893333,762.920366146825,583,548,20,-0.04216420085089782
ALACANT/ALICANTE,OURENSE,wet-wet,762.920366146825,122,63,3,0.045366479890067465,762.920366146825,122,104,5,-0.01756100978393086
ALACANT/ALICANTE,OVIEDO,dry-dry,714.7849823242314,752,158,7,0.048094947454147836,714.7849823242314,752,720,14,0.018868629236906884
ALACANT/ALICANTE,OVIEDO,dry-wet,714.7849823242314,702,272,18,-0.06909842788283228,714.7849823242314,702,651,18,-0.06408672998313678
ALACANT/ALICANTE,OVIEDO,wet-wet,714.7849823242314,146,99,5,0.0028511404464931535,714.7849823242314,146,136,6,0.013444501901374164
ALACANT/ALICANTE,PAMPLONA,dry-dry,503.62547941199756,799,136,8,0.23675790483758366,503.62547941199756,799,799,16,0.10111073461430971
ALACANT/ALICANTE,PAMPLONA,dry-wet,503.62547941199756,625,195,12,0.008111500245230094,503.62547941199756,625,540,16,-0.007728512787612232
ALACANT/ALICANTE,PAMPLONA,wet-wet,503.62547941199756,121,76,3,-0.16772037610613613,503.62547941199756,121,112,5,-0.04922853341188714
ALACANT/ALICANTE,PONFERRADA,dry-dry,695.3522209424913,716,154,8,0.11430606432437466,695.3522209424913,716,716,16,0.008162250179494283
ALACANT/ALICANTE,PONFERRADA,dry-wet,695.3522209424913,533,177,11,-0.06282919937773793,695.3522209424913,533,478,18,-0.023787742134912478
ALACANT/ALICANTE,PONFERRADA,wet-wet,695.3522209424913,99,70,4,-0.05656984427562143,695.3522209424913,99,82,4,-0.11171683417680742
ALACANT/ALICANTE,PORTO,dry-dry,767.6557535721732,814,120,7,-0.049173256407097146,767.6557535721732,814,814,16,-0.013494911132154879
ALACANT/ALICANTE,PORTO,dry-wet,767.6557535721732,702,240,16,-0.00533061555669219,767.6557535721732,702,673,22,-0.005545429806733971
ALACANT/ALICANTE,PORTO,wet-wet,767.6557535721732,133,73,4,0.0026138890531836366,767.6557535721732,133,120,6,0.020638549601550628
ALACANT/ALICANTE,SORIA,dry-dry,414.431919387457,675,154,7,0.2856361262116491,414.431919387457,675,593,11,0.24794221962401325
ALACANT/ALICANTE,SORIA,dry-wet,414.431919387457,359,95,7,-0.18682696704220111,414.431919387457,359,273,11,-0.1552643802833284
ALACANT/ALICANTE,SORIA,wet-wet,414.431919387457,149,114,5,0.3390681906784811,414.431919387457,149,125,4,0.326725198575258
ALACANT/ALICANTE,TARIFA,dry-dry,522.5995432683703,992,225,9,0.27830127967175083,522.5995432683703,992,955,13,0.2511007240619347
ALACANT/ALICANTE,TARIFA,dry-wet,522.5995432683703,376,148,10,-0.19847137800651274,522.5995432683703,376,332,15,-0.27780921166351974
ALACANT/ALICANTE,TARIFA,wet-wet,522.5995432683703,176,117,4,0.3087257448009905,522.5995432683703,176,160,5,0.29201149015087524
ALACANT/ALICANTE,TORREVIEJA,dry-dry,47.87864066936528,1277,526,13,0.7262346087533338,47.87864066936528,1277,1237,12,0.6599800537324889
ALACANT/ALICANTE,TORREVIEJA,dry-wet,47.87864066936528,146,53,4,-0.7525927151490488,47.87864066936528,146,117,6,-0.8582979943570976
ALACANT/ALICANTE,TORREVIEJA,wet-wet,47.87864066936528,205,171,4,0.5531330967324675,47.87864066936528,205,190,4,0.5613539010505766
ALACANT/ALICANTE,VALENCIA,dry-dry,123.70509196102228,1131,436,12,0.6902427688940932,123.70509196102228,1131,1095,14,0.6097585041853751
ALACANT/ALICANTE,VALENCIA,dry-wet,123.70509196102228,190,36,3,-0.4333775279730071,123.70509196102228,190,145,9,-0.5589999446295238
ALACANT/ALICANTE,VALENCIA,wet-wet,123.70509196102228,220,165,5,0.601755693710494,123.70509196102228,220,197,5,0.5827230014198598
ALACANT/ALICANTE,VANDELLOS,dry-dry,310.34175152064387,901,281,12,0.4431610872212617,310.34175152064387,901,891,15,0.3413516125170404
ALACANT/ALICANTE,VANDELLOS,dry-wet,310.34175152064387,213,55,5,-0.38875125434231705,310.34175152064387,213,170,10,-0.3052139289579905
ALACANT/ALICANTE,VANDELLOS,wet-wet,310.34175152064387,130,94,4,0.36329433905859615,310.34175152064387,130,114,4,0.3225141221480235
ALACANT/ALICANTE,VIMIANZO,dry-dry,888.6088475841793,703,138,9,-0.08531332069608037,888.6088475841793,703,703,16,-0.06593914208602965
ALACANT/ALICANTE,VIMIANZO,dry-wet,888.6088475841793,1021,281,18,-0.022847402900011193,888.6088475841793,1021,956,23,-0.006668133575935127
ALACANT/ALICANTE,VIMIANZO,wet-wet,888.6088475841793,152,78,5,-0.09927336714932876,888.6088475841793,152,139,6,-0.09386897723857185
ALACANT/ALICANTE,ZAMORA,dry-dry,567.0689947636466,950,189,10,0.056878472785741256,567.0689947636466,950,950,16,0.115493706396945
ALACANT/ALICANTE,ZAMORA,dry-wet,567.0689947636466,450,179,10,-0.051042929141306974,567.0689947636466,450,405,15,-0.0571468716495226
ALACANT/ALICANTE,ZAMORA,wet-wet,567.0689947636466,117,84,4,0.1773191959337358,567.0689947636466,117,101,4,0.14595059865045285
AMARANTE,ARANJUEZ,dry-dry,404.2806175279353,469,84,5,0.17481654822635623,404.2806175279353,469,418,10,0.34927008728823816
AMARANTE,ARANJUEZ,dry-wet,404.2806175279353,341,55,4,-0.36469194621943246,404.2806175279353,341,291,14,-0.24989837686400948
AMARANTE,ARANJUEZ,wet-wet,404.2806175279353,190,93,5,0.19271666079377092,404.2806175279353,190,163,7,0.1347292551635678
AMARANTE,BARCELOS,dry-dry,54.20497580593242,947,693,17,0.8147812000890582,54.20497580593242,947,906,10,0.7932236708901605
AMARANTE,BARCELOS,dry-wet,54.20497580593242,166,50,4,-0.8824871130596429,54.20497580593242,166,130,8,-0.7739482258516253
AMARANTE,BARCELOS,wet-wet,54.20497580593242,742,493,11,0.7293792960586273,54.20497580593242,742,716,10,0.7302054259523655
AMARANTE,BEJA,dry-dry,361.1845703344827,880,251,11,0.2086702008597565,361.1845703344827,880,843,13,0.17268960222443294
AMARANTE,BEJA,dry-wet,361.1845703344827,586,277,15,-0.05933509435761165,361.1845703344827,586,537,17,-0.19920972567555645
AMARANTE,BEJA,wet-wet,361.1845703344827,397,222,9,0.13823729924060926,361.1845703344827,397,365,10,0.11560262287876902
AMARANTE,BRAGANCA,dry-dry,125.37851272267845,910,485,13,0.2861064329015187,125.37851272267845,910,888,10,0.26905191179010474
AMARANTE,BRAGANCA,dry-wet,125.37851272267845,497,314,13,-0.15742794170952407,125.37851272267845,497,449,14,-0.16819177241083574
AMARANTE,BRAGANCA,wet-wet,125.37851272267845,514,247,6,0.08118725896730239,125.37851272267845,514,418,8,0.1251582234691599
AMARANTE,CADIZ,dry-dry,553.1291105674836,643,154,8,0.3720856201137291,553.1291105674836,643,621,14,0.2813670001032982
AMARANTE,CADIZ,dry-wet,553.1291105674836,455,142,9,-0.07215827971880355,553.1291105674836,455,411,19,-0.18323800472337073
AMARANTE,CADIZ,wet-wet,553.1291105674836,293,137,6,0.1610892113307677,553.1291105674836,293,266,10,0.1400751660436175
AMARANTE,CAMPDEVANOL,dry-dry,855.3351234711791,717,130,6,0.2983368326682392,855.3351234711791,717,706,15,0.2787864970632867
AMARANTE,CAMPDEVANOL,dry-wet,855.3351234711791,478,109,8,-0.17520651933708897,855.3351234711791,478,384,16,-0.17391719636308856
AMARANTE,CAMPDEVANOL,wet-wet,855.3351234711791,187,76,3,0.29523958975067144,855.3351234711791,187,172,8,0.26754276158393947
AMARANTE,CUENCA,dry-dry,518.2801219233589,787,245,12,0.3526198283148119,518.2801219233589,787,781,15,0.35512025489147414
AMARANTE,CUENCA,dry-wet,518.2801219233589,479,187,12,-0.12263959950107127,518.2801219233589,479,446,18,-0.23181081039983592
AMARANTE,CUENCA,wet-wet,518.2801219233589,378,206,8,0.19975167069858699,518.2801219233589,378,333,9,0.2595655262672773
AMARANTE,DAROCA,dry-dry,557.4078630193003,598,189,9,0.2897861615315222,557.4078630193003,598,569,13,0.3751718618737891
AMARANTE,DAROCA,dry-wet,557.4078630193003,370,117,8,-0.3467478473659969,557.4078630193003,370,310,14,-0.2657296985378262
AMARANTE,DAROCA,wet-wet,557.4078630193003,213,118,4,0.27928081231719504,557.4078630193003,213,198,7,0.2663014805900588
AMARANTE,EXTREMO,dry-dry,83.62039509843535,870,568,16,0.7253619425227278,83.62039509843535,870,850,12,0.7057013193759749
AMARANTE,EXTREMO,dry-wet,83.62039509843535,226,65,5,-0.6306846183616557,83.62039509843535,226,154,8,-0.5499222466383078
AMARANTE,EXTREMO,wet-wet,83.62039509843535,692,397,11,0.5830399543887234,83.62039509843535,692,668,11,0.6316760675731345
AMARANTE,GETAFE,dry-dry,381.6142805359026,654,177,8,0.3278591175297299,381.6142805359026,654,626,12,0.39769728328573695
AMARANTE,GETAFE,dry-wet,381.6142805359026,388,154,10,-0.2564866086558392,381.6142805359026,388,351,16,-0.23886557197643263
AMARANTE,GETAFE,wet-wet,381.6142805359026,277,127,5,0.10684211024839022,381.6142805359026,277,250,9,0.12143695924488912
AMARANTE,LORCA,dry-dry,679.3174001407024,689,82,6,0.004882834931005365,679.3174001407024,689,681,15,0.07412447665586902
AMARANTE,LORCA,dry-wet,679.3174001407024,660,74,6,-0.09784130633793173,679.3174001407024,660,588,17,-0.04446112379466695
AMARANTE,LORCA,wet-wet,679.3174001407024,86,27,1,0.05976143046671969,679.3174001407024,86,67,4,-0.021923390873995172
AMARANTE,MONTSERRAT,dry-dry,826.4334290093525,720,120,7,0.15596179549072647,826.4334290093525,720,708,15,0.22672498232067703
AMARANTE,MONTSERRAT,dry-wet,826.4334290093525,504,102,8,-0.1619637735559144,826.4334290093525,504,452,19,-0.1551558928130537
AMARANTE,MONTSERRAT,wet-wet,826.4334290093525,176,93,4,0.26608911708180627,826.4334290093525,176,156,7,0.11537767565427758
AMARANTE,OURENSE,dry-dry,118.63261093482076,444,292,9,0.36665461451794673,118.63261093482076,444,408,7,0.32635694482382704
AMARANTE,OURENSE,dry-wet,118.63261093482076,344,229,9,-0.2354776185097059,118.63261093482076,344,306,9,-0.2622745015153492
AMARANTE,OURENSE,wet-wet,118.63261093482076,383,210,8,0.1645822043735058,118.63261093482076,383,303,7,0.1722973749580912
AMARANTE,OVIEDO,dry-dry,293.66277862388165,558,249,12,0.2121475570631087,293.66277862388165,558,545,14,0.2531402513334541
AMARANTE,OVIEDO,dry-wet,293.66277862388165,479,205,11,-0.2172448167397194,293.66277862388165,479,447,19,-0.19483766540822225
AMARANTE,OVIEDO,wet-wet,293.66277862388165,368,187,9,0.106842026655136,293.66277862388165,368,342,11,0.13149372540264276
AMARANTE,PAMPLONA,dry-dry,558.1471877232595,452,136,6,0.360940972862366,558.1471877232595,452,415,13,0.2977655400577874
AMARANTE,PAMPLONA,dry-wet,558.1471877232595,312,114,8,-0.33614297143675703,558.1471877232595,312,263,15,-0.31686990911150786
AMARANTE,PAMPLONA,wet-wet,558.1471877232595,308,150,7,0.18385818535261472,558.1471877232595,308,298,11,0.2611480426246415
AMARANTE,PONFERRADA,dry-dry,188.3911114730106,497,275,10,0.3919151779981947,188.3911114730106,497,454,8,0.32852271698200086
AMARANTE,PONFERRADA,dry-wet,188.3911114730106,288,141,6,-0.3008522573498478,188.3911114730106,288,245,9,-0.36432002687538456
AMARANTE,PONFERRADA,wet-wet,188.3911114730106,315,138,4,0.07907153498749683,188.3911114730106,315,284,10,0.19948745606275173
AMARANTE,PORTO,dry-dry,51.081047811761934,841,402,9,0.09180201856776465,51.081047811761934,841,736,6,0.06963326741167075
AMARANTE,PORTO,dry-wet,51.081047811761934,514,354,11,-0.2109038170909263,51.081047811761934,514,448,9,-0.19669597888060958
AMARANTE,PORTO,wet-wet,51.081047811761934,578,317,5,0.05372043014520196,51.081047811761934,578,489,7,0.05927917514814119
AMARANTE,SORIA,dry-dry,468.41208759642063,418,168,7,0.3636086097519683,468.41208759642063,418,369,9,0.4227749083382233
AMARANTE,SORIA,dry-wet,468.41208759642063,278,120,8,-0.42898933356164076,468.41208759642063,278,229,12,-0.35709820522111224
AMARANTE,SORIA,wet-wet,468.41208759642063,303,152,6,0.2108604824806762,468.41208759642063,303,248,8,0.22561909072609743
AMARANTE,TARIFA,dry-dry,622.5347570287753,588,132,8,0.3740347171729406,622.5347570287753,588,588,16,0.31634832537550295
AMARANTE,TARIFA,dry-wet,622.5347570287753,445,99,7,-0.1478652094777829,622.5347570287753,445,392,20,-0.17624183317144076
AMARANTE,TARIFA,wet-wet,622.5347570287753,261,102,4,0.15973100507755347,622.5347570287753,261,247,12,0.16788242070223347
AMARANTE,TORREVIEJA,dry-dry,728.5825709497442,938,124,9,0.0071761284795195,728.5825709497442,938,938,16,0.08262203243965535
AMARANTE,TORREVIEJA,dry-wet,728.5825709497442,808,152,11,0.08327781967616125,728.5825709497442,808,784,21,-0.03139081042797136
AMARANTE,TORREVIEJA,wet-wet,728.5825709497442,101,70,4,-0.20787565308155911,728.5825709497442,101,73,3,-0.15396290269385524
AMARANTE,VALENCIA,dry-dry,681.9591613928288,481,88,7,0.3055820899900586,681.9591613928288,481,481,16,0.18180476844552756
AMARANTE,VALENCIA,dry-wet,681.9591613928288,510,66,5,0.04527867631200184,681.9591613928288,510,442,19,-0.05233448773067204
AMARANTE,VALENCIA,wet-wet,681.9591613928288,126,60,3,-0.2472305827697968,681.9591613928288,126,98,5,-0.1012771261308804
AMARANTE,VANDELLOS,dry-dry,749.532595129377,613,65,4,0.29293107708290167,749.532595129377,613,573,13,0.1749009661207584
AMARANTE,VANDELLOS,dry-wet,749.532595129377,482,71,6,0.09581856274793896,749.532595129377,482,443,19,-0.07043303591970054
AMARANTE,VANDELLOS,wet-wet,749.532595129377,121,41,2,0.1463764021593899,749.532595129377,121,83,4,0.12368297316370679
AMARANTE,VIMIANZO,dry-dry,214.43889743376576,569,241,10,0.13045981184846675,214.43889743376576,569,553,13,0.13612527509804379
AMARANTE,VIMIANZO,dry-wet,214.43889743376576,562,227,11,-0.15048920690154868,214.43889743376576,562,506,19,-0.1170752965472277
AMARANTE,VIMIANZO,wet-wet,214.43889743376576,587,254,11,0.029072278210865676,214.43889743376576,587,565,12,0.05508862748889665
AMARANTE,ZAMORA,dry-dry,196.65607083453096,569,269,11,0.4360441243495155,196.65607083453096,569,538,9,0.39615752253303343
AMARANTE,ZAMORA,dry-wet,196.65607083453096,357,160,7,-0.23867118065760318,196.65607083453096,357,321,14,-0.21043415377047464
AMARANTE,ZAMORA,wet-wet,196.65607083453096,276,150,5,0.07559097392298865,196.65607083453096,276,230,7,0.13777778275667366
ARANJUEZ,BARCELOS,dry-dry,456.94386740700327,407,49,3,0.10942882936708447,456.94386740700327,407,364,10,0.18714325869701587
ARANJUEZ,BARCELOS,dry-wet,456.94386740700327,348,35,3,-0.1987808385439608,456.94386740700327,348,298,14,-0.2299942667770716
ARANJUEZ,BARCELOS,wet-wet,456.94386740700327,166,52,3,0.026597015110876067,456.94386740700327,166,108,5,0.15347690879953288
ARANJUEZ,BEJA,dry-dry,436.6998355189474,833,351,15,0.46279843180924896,436.6998355189474,833,801,13,0.4130363062598664
ARANJUEZ,BEJA,dry-wet,436.6998355189474,313,156,10,-0.4141275170062346,436.6998355189474,313,282,14,-0.33681824232049307
ARANJUEZ,BEJA,wet-wet,436.6998355189474,232,162,5,0.2897587700071312,436.6998355189474,232,225,7,0.3180077894251166
ARANJUEZ,BRAGANCA,dry-dry,330.7157646460867,770,266,12,0.2627431800358846,330.7157646460867,770,722,14,0.3051189493394716
ARANJUEZ,BRAGANCA,dry-wet,330.7157646460867,371,116,7,-0.1184376701094643,330.7157646460867,371,322,15,-0.2924496834506629
ARANJUEZ,BRAGANCA,wet-wet,330.7157646460867,242,145,6,0.4503976411268818,330.7157646460867,242,224,7,0.35534689851543233
ARANJUEZ,CADIZ,dry-dry,461.88355657159053,1045,506,18,0.5759235468561199,461.88355657159053,1045,1001,14,0.5518974500613153
ARANJUEZ,CADIZ,dry-wet,461.88355657159053,298,133,8,-0.38306582746986134,461.88355657159053,298,268,14,-0.39860737975452054
ARANJUEZ,CADIZ,wet-wet,461.88355657159053,275,219,7,0.3852046595096693,461.88355657159053,275,262,7,0.36162239163931464
ARANJUEZ,CAMPDEVANOL,dry-dry,534.9047749260752,886,297,12,0.33848434897391994,534.9047749260752,886,864,15,0.21516450874141194
ARANJUEZ,CAMPDEVANOL,dry-wet,534.9047749260752,323,140,7,-0.3415172344955593,534.9047749260752,323,265,11,-0.2737054582074943
ARANJUEZ,CAMPDEVANOL,wet-wet,534.9047749260752,142,79,2,0.21367349304508124,534.9047749260752,142,119,4,0.286341820653893
ARANJUEZ,CUENCA,dry-dry,120.3397979196313,1004,622,17,0.6694071957298852,120.3397979196313,1004,970,10,0.7140399790510006
ARANJUEZ,CUENCA,dry-wet,120.3397979196313,202,86,5,-0.6313703687496679,120.3397979196313,202,148,7,-0.6373757054602375
ARANJUEZ,CUENCA,wet-wet,120.3397979196313,360,288,7,0.5650182218889058,120.3397979196313,360,344,7,0.5495805787880458
ARANJUEZ,DAROCA,dry-dry,214.66382762625304,887,422,12,0.5606083194922171,214.66382762625304,887,874,14,0.5347253781624368
ARANJUEZ,DAROCA,dry-wet,214.66382762625304,224,93,6,-0.43301817379332425,214.66382762625304,224,172,8,-0.4619881414607343
ARANJUEZ,DAROCA,wet-wet,214.66382762625304,213,174,4,0.4250214929608674,214.66382762625304,213,193,4,0.4791484031118293
ARANJUEZ,EXTREMO,dry-dry,463.58147248375593,365,30,2,0.059422503330768886,463.58147248375593,365,343,12,0.14426391823221946
ARANJUEZ,EXTREMO,dry-wet,463.58147248375593,338,22,2,-0.1483504309778615,463.58147248375593,338,290,14,-0.15928121055251065
ARANJUEZ,EXTREMO,wet-wet,463.58147248375593,158,38,2,0.25927888787002035,463.58147248375593,158,115,6,0.26255568195481715
ARANJUEZ,GETAFE,dry-dry,29.842957016008317,1027,754,19,0.8098216230092647,29.842957016008317,1027,993,10,0.8188191043419427
ARANJUEZ,GETAFE,dry-wet,29.842957016008317,115,38,3,-0.7664473684210527,29.842957016008317,115,70,5,-0.7064348954833954
ARANJUEZ,GETAFE,wet-wet,29.842957016008317,332,279,5,0.7412194153168967,29.842957016008317,332,305,4,0.7403275399028869
ARANJUEZ,LORCA,dry-dry,312.81875602167975,1183,269,13,0.2485132568640217,312.81875602167975,1183,1183,16,0.20488720882028008
ARANJUEZ,LORCA,dry-wet,312.81875602167975,366,104,7,-0.312378929145619,312.81875602167975,366,313,12,-0.13939601313057803
ARANJUEZ,LORCA,wet-wet,312.81875602167975,111,59,2,0.24657162636851912,312.81875602167975,111,88,4,0.27518742285707587
ARANJUEZ,MONTSERRAT,dry-dry,483.74183977122476,1056,323,13,0.27061103334500897,483.74183977122476,1056,1028,15,0.3110747360542067
ARANJUEZ,MONTSERRAT,dry-wet,483.74183977122476,333,115,5,-0.22792765261717096,483.74183977122476,333,274,12,-0.32367029758031074
ARANJUEZ,MONTSERRAT,wet-wet,483.74183977122476,171,123,4,0.3648902614322671,483.74183977122476,171,148,4,0.3667640700335889
ARANJUEZ,OURENSE,dry-dry,439.5898363142306,563,186,7,0.23770001701842122,439.5898363142306,563,534,11,0.2813135150898326
ARANJUEZ,OURENSE,dry-wet,439.5898363142306,379,146,9,-0.25860307124541176,439.5898363142306,379,355,16,-0.28603309571772706
ARANJUEZ,OURENSE,wet-wet,439.5898363142306,263,184,8,0.3305019516548379,439.5898363142306,263,247,8,0.27084012312426387
ARANJUEZ,OVIEDO,dry-dry,413.3214453984977,638,216,10,0.2561133980120222,413.3214453984977,638,619,12,0.24922203824635078
ARANJUEZ,OVIEDO,dry-wet,413.3214453984977,589,268,15,-0.10359775691296637,413.3214453984977,589,543,17,-0.16033177347894623
ARANJUEZ,OVIEDO,wet-wet,413.3214453984977,247,168,6,0.14330738947363755,413.3214453984977,247,221,6,0.12230920302877245
ARANJUEZ,PAMPLONA,dry-dry,344.72106708465105,660,274,13,0.4088332155264768,344.72106708465105,660,634,12,0.456449067217886
ARANJUEZ,PAMPLONA,dry-wet,344.72106708465105,463,209,12,-0.24110405190390727,344.72106708465105,463,413,15,-0.20419350734348077
ARANJUEZ,PAMPLONA,wet-wet,344.72106708465105,252,197,7,0.0955098466563114,344.72106708465105,252,230,6,0.08430735762809638
ARANJUEZ,PONFERRADA,dry-dry,376.975941051903,652,253,11,0.24931999467749236,376.975941051903,652,632,13,0.2844532769035485
ARANJUEZ,PONFERRADA,dry-wet,376.975941051903,385,162,10,-0.24574763119103255,376.975941051903,385,326,14,-0.27586886829536306
ARANJUEZ,PONFERRADA,wet-wet,376.975941051903,240,150,6,0.1504066543920775,376.975941051903,240,211,6,0.1138522732281935
ARANJUEZ,PORTO,dry-dry,451.91969297701263,672,218,12,0.12802020197709352,451.91969297701263,672,649,13,0.19092323289645394
ARANJUEZ,PORTO,dry-wet,451.91969297701263,452,157,11,-0.2534466976307377,451.91969297701263,452,412,17,-0.24364504604809076
ARANJUEZ,PORTO,wet-wet,451.91969297701263,248,166,9,0.28859413399044354,451.91969297701263,248,233,8,0.24177687052405283
ARANJUEZ,SORIA,dry-dry,209.8666537534825,572,300,11,0.5478386782027498,209.8666537534825,572,544,12,0.576724002107662
ARANJUEZ,SORIA,dry-wet,209.8666537534825,206,67,4,-0.5943625995508514,209.8666537534825,206,148,8,-0.47716959022218786
ARANJUEZ,SORIA,wet-wet,209.8666537534825,285,221,6,0.5046781110345195,209.8666537534825,285,277,7,0.49743944082244534
ARANJUEZ,TARIFA,dry-dry,485.1795408589508,894,404,16,0.44650012373309256,485.1795408589508,894,878,14,0.45835483628802204
ARANJUEZ,TARIFA,dry-wet,485.1795408589508,302,136,9,-0.4144629594427658,485.1795408589508,302,266,13,-0.38300781139704987
ARANJUEZ,TARIFA,wet-wet,485.1795408589508,230,164,5,0.44749488350798977,485.1795408589508,230,222,7,0.4384266176984045
ARANJUEZ,TORREVIEJA,dry-dry,337.60440912071414,915,162,7,0.4376668330711514,337.60440912071414,915,838,12,0.3070607041488282
ARANJUEZ,TORREVIEJA,dry-wet,337.60440912071414,272,55,5,-0.16525460070581352,337.60440912071414,272,199,8,-0.28833988730798865
ARANJUEZ,TORREVIEJA,wet-wet,337.60440912071414,104,67,3,0.41324889552743177,337.60440912071414,104,81,3,0.439909669840603
ARANJUEZ,VALENCIA,dry-dry,279.4178733912003,930,312,12,0.3585979475770709,279.4178733912003,930,901,15,0.2884418419400719
ARANJUEZ,VALENCIA,dry-wet,279.4178733912003,269,65,4,-0.3303103241080944,279.4178733912003,269,217,11,-0.36539163666051294
ARANJUEZ,VALENCIA,wet-wet,279.4178733912003,165,120,4,0.3604888736786117,279.4178733912003,165,141,4,0.3314707745953264
ARANJUEZ,VANDELLOS,dry-dry,386.29498057401196,786,193,9,0.47726088587436916,386.29498057401196,786,753,14,0.35297846558452095
ARANJUEZ,VANDELLOS,dry-wet,386.29498057401196,241,79,6,-0.1974127395023373,386.29498057401196,241,199,11,-0.23183711182398412
ARANJUEZ,VANDELLOS,wet-wet,386.29498057401196,145,104,4,0.49744911935140074,386.29498057401196,145,127,4,0.4521992353223914
ARANJUEZ,VIMIANZO,dry-dry,565.5182139725509,663,195,10,-0.008186694665909692,565.5182139725509,663,625,12,0.1416717869047852
ARANJUEZ,VIMIANZO,dry-wet,565.5182139725509,764,203,13,-0.18289281939125318,565.5182139725509,764,708,18,-0.1965615722146387
ARANJUEZ,VIMIANZO,wet-wet,565.5182139725509,305,168,8,0.18872919063177734,565.5182139725509,305,285,8,0.20337136502843559
ARANJUEZ,ZAMORA,dry-dry,244.76945615902187,974,538,16,0.6032336361924052,244.76945615902187,974,920,12,0.5873038832855254
ARANJUEZ,ZAMORA,dry-wet,244.76945615902187,273,131,8,-0.40881505331739937,244.76945615902187,273,209,10,-0.43326293100636504
ARANJUEZ,ZAMORA,wet-wet,244.76945615902187,280,220,6,0.45957236986034006,244.76945615902187,280,272,7,0.467546718642352
BARCELOS,BEJA,dry-dry,394.9462144858965,821,223,11,0.22999957333341342,394.9462144858965,821,797,14,0.2215369550908274
BARCELOS,BEJA,dry-wet,394.9462144858965,588,240,14,-0.15248402462154553,394.9462144858965,588,549,19,-0.208481967880227
BARCELOS,BEJA,wet-wet,394.9462144858965,393,198,9,0.08257885768961479,394.9462144858965,393,340,10,0.13850556911058354
BARCELOS,BRAGANCA,dry-dry,158.84068706909179,879,475,15,0.30336331222181967,158.84068706909179,879,865,10,0.3696899472971182
BARCELOS,BRAGANCA,dry-wet,158.84068706909179,471,239,9,-0.22083509759665707,158.84068706909179,471,443,15,-0.2547734685261635
BARCELOS,BRAGANCA,wet-wet,158.84068706909179,517,294,10,0.14835036899622056,158.84068706909179,517,430,9,0.1846986120050327
BARCELOS,CADIZ,dry-dry,595.3643399439889,583,144,8,0.187240831798357,595.3643399439889,583,575,15,0.22689559163464418
BARCELOS,CADIZ,dry-wet,595.3643399439889,464,131,9,-0.024902557791467255,595.3643399439889,464,436,21,-0.1351265256466117
BARCELOS,CADIZ,wet-wet,595.3643399439889,276,125,8,0.18537098549596248,595.3643399439889,276,225,9,0.1729569098698752
BARCELOS,CAMPDEVANOL,dry-dry,895.7864620392419,651,113,6,0.27086736034262626,895.7864620392419,651,616,13,0.26166076362460405
BARCELOS,CAMPDEVANOL,dry-wet,895.7864620392419,500,97,7,-0.11488191697140192,895.7864620392419,500,413,17,-0.1818178230788847
BARCELOS,CAMPDEVANOL,wet-wet,895.7864620392419,181,67,3,0.21698487498678784,895.7864620392419,181,158,7,0.1745474679813745
BARCELOS,CUENCA,dry-dry,569.6889276503039,723,185,9,0.3958736023048271,569.6889276503039,723,706,14,0.37069961647947863
BARCELOS,CUENCA,dry-wet,569.6889276503039,494,134,8,-0.17710828739738974,569.6889276503039,494,456,18,-0.24335191207217086
BARCELOS,CUENCA,wet-wet,569.6889276503039,357,161,6,0.13162802510765845,569.6889276503039,357,317,10,0.2335310594778051
BARCELOS,DAROCA,dry-dry,603.6694309161289,550,147,7,0.1994286054474383,603.6694309161289,550,509,13,0.2886728027721487
BARCELOS,DAROCA,dry-wet,603.6694309161289,393,114,8,-0.23864692140480426,603.6694309161289,393,336,15,-0.2315835386263964
BARCELOS,DAROCA,wet-wet,603.6694309161289,196,95,4,0.19516206844754264,603.6694309161289,196,181,7,0.2162914216483555
BARCELOS,EXTREMO,dry-dry,49.40102682945533,866,605,16,0.7792946737385844,49.40102682945533,866,821,9,0.8169675967818708
BARCELOS,EXTREMO,dry-wet,49.40102682945533,173,46,4,-0.6426236261590683,49.40102682945533,173,104,7,-0.6253517023325071
BARCELOS,EXTREMO,wet-wet,49.40102682945533,752,488,10,0.6348409859596252,49.40102682945533,752,727,11,0.6861039221130552
BARCELOS,GETAFE,dry-dry,433.6385065645445,586,142,7,0.27235434376586914,433.6385065645445,586,553,11,0.3616015447194659
BARCELOS,GETAFE,dry-wet,433.6385065645445,402,123,8,-0.3043969379232901,433.6385065645445,402,340,15,-0.21740822925573544
BARCELOS,GETAFE,wet-wet,433.6385065645445,261,118,6,-0.02670371313454415,433.6385065645445,261,232,9,0.13068926319907312
BARCELOS,LORCA,dry-dry,733.4979004425483,610,41,3,-0.12183049041434704,733.4979004425483,610,610,16,0.040517348441698305
BARCELOS,LORCA,dry-wet,733.4979004425483,689,42,3,-0.14483064250396688,733.4979004425483,689,558,16,-0.010473111158651932
BARCELOS,LORCA,wet-wet,733.4979004425483,78,23,1,-0.057735026918962574,733.4979004425483,78,64,4,-0.10099254076128177
BARCELOS,MONTSERRAT,dry-dry,869.679214214432,662,108,7,0.18026746568638358,869.679214214432,662,624,13,0.1263970131972111
BARCELOS,MONTSERRAT,dry-wet,869.679214214432,526,65,5,-0.16252700929990907,869.679214214432,526,484,19,-0.16495728662560244
BARCELOS,MONTSERRAT,wet-wet,869.679214214432,161,62,3,0.07091768871372382,869.679214214432,161,141,7,0.017523921931525355
BARCELOS,OURENSE,dry-dry,108.51603210141234,414,261,10,0.38820180985477254,108.51603210141234,414,383,7,0.3854262657035114
BARCELOS,OURENSE,dry-wet,108.51603210141234,299,161,6,-0.3448558733425826,108.51603210141234,299,269,10,-0.32168863525391894
BARCELOS,OURENSE,wet-wet,108.51603210141234,388,215,7,0.2950376218160386,108.51603210141234,388,335,8,0.29410846102316385
BARCELOS,OVIEDO,dry-dry,303.03775372150017,548,228,10,0.27259855107089165,303.03775372150017,548,532,14,0.272091104722608
BARCELOS,OVIEDO,dry-wet,303.03775372150017,442,171,10,-0.3134268933401278,303.03775372150017,442,407,18,-0.2944851585778065
BARCELOS,OVIEDO,wet-wet,303.03775372150017,380,211,10,0.13162353301823132,303.03775372150017,380,348,11,0.1370882374013494
BARCELOS,PAMPLONA,dry-dry,592.6994498625564,407,126,6,0.2600623033446036,592.6994498625564,407,385,14,0.3300758881476215
BARCELOS,PAMPLONA,dry-wet,592.6994498625564,289,88,7,-0.4471158061589635,592.6994498625564,289,230,14,-0.2822235273361988
BARCELOS,PAMPLONA,wet-wet,592.6994498625564,301,119,5,0.13229616766384664,592.6994498625564,301,292,11,0.26247889394065343
BARCELOS,PONFERRADA,dry-dry,202.54991121436774,477,231,9,0.3043299264054853,202.54991121436774,477,432,8,0.3651195732475538
BARCELOS,PONFERRADA,dry-wet,202.54991121436774,267,123,6,-0.34958126811161316,202.54991121436774,267,231,11,-0.3908019956148844
BARCELOS,PONFERRADA,wet-wet,202.54991121436774,325,158,6,0.26667583723003635,202.54991121436774,325,306,10,0.2638403218734679
BARCELOS,PORTO,dry-dry,33.53848022189384,795,463,11,0.24863041532290484,33.53848022189384,795,775,9,0.23552564874979812
BARCELOS,PORTO,dry-wet,33.53848022189384,460,297,9,-0.16675492431476865,33.53848022189384,460,406,9,-0.1794064976839764
BARCELOS,PORTO,wet-wet,33.53848022189384,597,337,7,0.22286171354229728,33.53848022189384,597,443,6,0.2182569066721348
BARCELOS,SORIA,dry-dry,510.47595095847004,394,141,6,0.2543258353468884,510.47595095847004,394,341,9,0.37702015028402003
BARCELOS,SORIA,dry-wet,510.47595095847004,272,104,8,-0.45623485819687065,510.47595095847004,272,197,10,-0.40928761594182306
BARCELOS,SORIA,wet-wet,510.47595095847004,293,154,7,0.2479267426914899,510.47595095847004,293,260,9,0.26239727964165455
BARCELOS,TARIFA,dry-dry,666.8113288261869,525,84,4,-0.020683935784202717,666.8113288261869,525,525,16,0.1534710032978438
BARCELOS,TARIFA,dry-wet,666.8113288261869,464,93,7,-0.2503297258621271,666.8113288261869,464,419,21,-0.17453766448924926
BARCELOS,TARIFA,wet-wet,666.8113288261869,234,81,5,0.23000526906617022,666.8113288261869,234,211,11,0.18020432796781485
BARCELOS,TORREVIEJA,dry-dry,782.6215615097669,861,96,7,0.11674166587374456,782.6215615097669,861,861,16,0.07254598770432036
BARCELOS,TORREVIEJA,dry-wet,782.6215615097669,834,122,9,-0.05800227646976076,782.6215615097669,834,778,19,-0.024205702651294916
BARCELOS,TORREVIEJA,wet-wet,782.6215615097669,93,53,3,0.02323816939787101,782.6215615097669,93,80,4,-0.1362207633184722
BARCELOS,VALENCIA,dry-dry,733.7072218600883,433,52,4,0.19266322368059802,733.7072218600883,433,433,16,0.05662642980586301
BARCELOS,VALENCIA,dry-wet,733.7072218600883,529,40,3,-0.06187245326600556,733.7072218600883,529,451,20,-0.029411417554605312
BARCELOS,VALENCIA,wet-wet,733.7072218600883,116,37,2,-0.13309225577064343,733.7072218600883,116,87,5,-0.005831186799554733
BARCELOS,VANDELLOS,dry-dry,795.6777500992627,571,61,4,0.05273947038992141,795.6777500992627,571,533,13,0.07788979597598722
BARCELOS,VANDELLOS,dry-wet,795.6777500992627,491,47,4,0.05370171752200789,795.6777500992627,491,384,16,-0.10796293552897922
BARCELOS,VANDELLOS,wet-wet,795.6777500992627,116,39,2,0.3859642887874685,795.6777500992627,116,93,5,0.23210153204595513
BARCELOS,VIMIANZO,dry-dry,173.4419829726839,578,238,11,0.12833396638447628,173.4419829726839,578,507,11,0.1293241622623351
BARCELOS,VIMIANZO,dry-wet,173.4419829726839,482,228,12,-0.20231356427452743,173.4419829726839,482,408,16,-0.2459504483816248
BARCELOS,VIMIANZO,wet-wet,173.4419829726839,608,295,10,0.08703969126691212,173.4419829726839,608,585,12,0.15554675021845094
BARCELOS,ZAMORA,dry-dry,240.12680160839145,532,191,9,0.3605930829079225,240.12680160839145,532,513,10,0.32670659624303694
BARCELOS,ZAMORA,dry-wet,240.12680160839145,360,151,8,-0.25569011833832916,240.12680160839145,360,322,14,-0.24676458705059878
BARCELOS,ZAMORA,wet-wet,240.12680160839145,267,146,6,0.10501289449951313,240.12680160839145,267,215,7,0.1676535886908305
BEJA,BRAGANCA,dry-dry,430.8607385181245,1415,621,22,0.47276268306303854,430.8607385181245,1415,1415,16,0.4475367295724122
BEJA,BRAGANCA,dry-wet,430.8607385181245,524,263,15,-0.42634470691203125,430.8607385181245,524,492,19,-0.42070619669612314
BEJA,BRAGANCA,wet-wet,430.8607385181245,557,386,11,0.3842463279985928,430.8607385181245,557,536,11,0.3849540377461929
BEJA,CADIZ,dry-dry,221.52310477604246,1092,636,18,0.6245346885516055,221.52310477604246,1092,1043,11,0.6174156683848084
BEJA,CADIZ,dry-wet,221.52310477604246,280,135,7,-0.5673661310616939,221.52310477604246,280,221,10,-0.5374029356467354
BEJA,CADIZ,wet-wet,221.52310477604246,435,336,11,0.5517384226564227,221.52310477604246,435,426,9,0.5258182171978741
BEJA,CAMPDEVANOL,dry-dry,971.5264098324253,1012,210,9,0.2062025471681277,971.5264098324253,1012,991,15,0.09763133128324901
BEJA,CAMPDEVANOL,dry-wet,971.5264098324253,508,220,10,-0.11364928034836459,971.5264098324253,508,469,17,-0.07599681081882968
BEJA,CAMPDEVANOL,wet-wet,971.5264098324253,185,97,4,0.15136319935685633,971.5264098324253,185,166,7,0.2248661774842212
BEJA,CUENCA,dry-dry,544.681595978789,1242,650,23,0.4377112040789854,544.681595978789,1242,1222,15,0.413746640626634
BEJA,CUENCA,dry-wet,544.681595978789,438,251,13,-0.42425721916228554,544.681595978789,438,381,14,-0.37985051848690654
BEJA,CUENCA,wet-wet,544.681595978789,433,311,9,0.40645002245450257,544.681595978789,433,399,8,0.37995815589293724
BEJA,DAROCA,dry-dry,651.0787517022701,950,317,13,0.2556471511437335,651.0787517022701,950,925,15,0.25306137443204924
BEJA,DAROCA,dry-wet,651.0787517022701,429,212,10,-0.1692526810648592,651.0787517022701,429,391,15,-0.16355731814632096
BEJA,DAROCA,wet-wet,651.0787517022701,210,139,4,0.15744930920486758,651.0787517022701,210,197,6,0.11401841469850688
BEJA,EXTREMO,dry-dry,440.49324693578575,749,189,10,0.238314967977424,440.49324693578575,749,737,15,0.19346959934501082
BEJA,EXTREMO,dry-wet,440.49324693578575,595,217,13,-0.19378298369074354,440.49324693578575,595,555,21,-0.2131164985504119
BEJA,EXTREMO,wet-wet,440.49324693578575,374,172,8,-0.027171734971950426,440.49324693578575,374,337,10,0.0667489161192308
BEJA,GETAFE,dry-dry,437.6679412323377,1055,494,16,0.504772873541131,437.6679412323377,1055,1038,14,0.5035996190113999
BEJA,GETAFE,dry-wet,437.6679412323377,303,131,7,-0.3296272519503644,437.6679412323377,303,247,11,-0.4347532180122148
BEJA,GETAFE,wet-wet,437.6679412323377,353,252,7,0.5026908162357099,437.6679412323377,353,329,7,0.49485992272818613
BEJA,LORCA,dry-dry,544.1541780990365,1212,202,11,0.14508972271143386,544.1541780990365,1212,1200,15,0.0938885605539984
BEJA,LORCA,dry-wet,544.1541780990365,590,213,13,-0.14147024110216036,544.1541780990365,590,545,18,-0.11505780041904408
BEJA,LORCA,wet-wet,544.1541780990365,128,68,3,-0.2681498727872456,544.1541780990365,128,120,6,-0.129118431075128
BEJA,MONTSERRAT,dry-dry,918.3970126546851,1127,297,14,0.11173050799376777,918.3970126546851,1127,1127,16,0.14544707309109117
BEJA,MONTSERRAT,dry-wet,918.3970126546851,501,216,12,-0.1359653179945903,918.3970126546851,501,473,18,-0.14476914158898377
BEJA,MONTSERRAT,wet-wet,918.3970126546851,205,144,6,0.3377118000677084,918.3970126546851,205,186,6,0.3064951829454421
BEJA,OURENSE,dry-dry,478.10838148272,753,230,9,0.4796966377825599,478.10838148272,753,709,13,0.386871421411535
BEJA,OURENSE,dry-wet,478.10838148272,423,210,12,-0.36798023126723617,478.10838148272,423,380,16,-0.3501147514828106
BEJA,OURENSE,wet-wet,478.10838148272,401,265,9,0.2995024833933067,478.10838148272,401,370,9,0.26066841950661546
BEJA,OVIEDO,dry-dry,615.7044529368845,801,279,13,0.27572195284640594,615.7044529368845,801,801,16,0.206401486348836
BEJA,OVIEDO,dry-wet,615.7044529368845,745,372,20,-0.0825359258293238,615.7044529368845,745,726,22,-0.07980654711888507
BEJA,OVIEDO,wet-wet,615.7044529368845,328,232,10,0.025454071175731764,615.7044529368845,328,314,9,0.011702978658528535
BEJA,PAMPLONA,dry-dry,749.236086638974,739,201,10,0.23196501219866442,749.236086638974,739,739,16,0.16717571422451993
BEJA,PAMPLONA,dry-wet,749.236086638974,571,238,12,-0.19391659966545696,749.236086638974,571,530,19,-0.19133062871012557
BEJA,PAMPLONA,wet-wet,749.236086638974,282,178,8,0.014608160284266748,749.236086638974,282,272,9,0.013257828671693284
BEJA,PONFERRADA,dry-dry,515.9345422390563,816,251,11,0.5081983790175436,515.9345422390563,816,790,15,0.39820834431364266
BEJA,PONFERRADA,dry-wet,515.9345422390563,403,147,9,-0.3369097164662503,515.9345422390563,403,368,19,-0.30054352297847275
BEJA,PONFERRADA,wet-wet,515.9345422390563,343,217,8,0.33531178890955876,515.9345422390563,343,317,9,0.26375835629739525
BEJA,PORTO,dry-dry,363.21670264981594,1263,492,18,0.41387459420684725,363.21670264981594,1263,1263,16,0.3987796613932125
BEJA,PORTO,dry-wet,363.21670264981594,634,319,18,-0.25713477110729654,363.21670264981594,634,583,19,-0.26056808275485455
BEJA,PORTO,wet-wet,363.21670264981594,581,409,12,0.36426213448213096,363.21670264981594,581,559,11,0.32922045786656234
BEJA,SORIA,dry-dry,620.0440291830206,631,230,8,0.4947604571452366,620.0440291830206,631,620,14,0.3500238107626963
BEJA,SORIA,dry-wet,620.0440291830206,343,157,8,-0.3684352631808268,620.0440291830206,343,294,14,-0.26105486993950816
BEJA,SORIA,wet-wet,620.0440291830206,347,259,10,0.3712404746899525,620.0440291830206,347,325,8,0.36514383071663825
BEJA,TARIFA,dry-dry,300.94700188637086,984,435,16,0.4553816024100622,300.94700188637086,984,951,14,0.47163079169403255
BEJA,TARIFA,dry-wet,300.94700188637086,341,156,8,-0.29725859288371015,300.94700188637086,341,289,14,-0.3158789264536876
BEJA,TARIFA,wet-wet,300.94700188637086,351,226,8,0.387173678605257,300.94700188637086,351,311,7,0.42451378725107797
BEJA,TORREVIEJA,dry-dry,626.9216009737157,1485,270,14,0.11374568218079066,626.9216009737157,1485,1485,16,0.052156169035363596
BEJA,TORREVIEJA,dry-wet,626.9216009737157,751,316,18,-0.09490651910121974,626.9216009737157,751,720,19,-0.06667109889651128
BEJA,TORREVIEJA,wet-wet,626.9216009737157,141,83,3,-0.20120034972587306,626.9216009737157,141,127,5,-0.04050653916383247
BEJA,VALENCIA,dry-dry,670.0089442478595,916,183,9,0.0822003272031139,670.0089442478595,916,879,15,0.05797030090646334
BEJA,VALENCIA,dry-wet,670.0089442478595,523,195,11,-0.09005255434708971,670.0089442478595,523,476,18,-0.055801897042457256
BEJA,VALENCIA,wet-wet,670.0089442478595,175,110,6,0.11509553944795439,670.0089442478595,175,154,6,0.12833126311805587
BEJA,VANDELLOS,dry-dry,817.1787164831283,870,147,8,0.3123941637511294,817.1787164831283,870,848,14,0.1914852670584502
BEJA,VANDELLOS,dry-wet,817.1787164831283,434,138,9,-0.10135547171776588,817.1787164831283,434,395,17,-0.06589743260199134
BEJA,VANDELLOS,wet-wet,817.1787164831283,147,78,3,0.055814339866763464,817.1787164831283,147,139,6,0.09134299072650766
BEJA,VIMIANZO,dry-dry,568.3203927006623,824,240,12,0.28079262672784366,568.3203927006623,824,824,16,0.2416126313885363
BEJA,VIMIANZO,dry-wet,568.3203927006623,912,308,18,-0.2154084461983585,568.3203927006623,912,872,23,-0.15564065969157295
BEJA,VIMIANZO,wet-wet,568.3203927006623,496,265,12,0.009977661693572962,568.3203927006623,496,478,10,0.061582502835801994
BEJA,ZAMORA,dry-dry,428.66901235196895,975,508,18,0.42733804333354847,428.66901235196895,975,975,16,0.5323087678535559
BEJA,ZAMORA,dry-wet,428.66901235196895,330,159,10,-0.4401792731950988,428.66901235196895,330,275,12,-0.4075072193869116
BEJA,ZAMORA,wet-wet,428.66901235196895,378,280,8,0.422617905604944,428.66901235196895,378,352,7,0.42703417877870997
BRAGANCA,CADIZ,dry-dry,591.2441421173287,953,329,15,0.2963654405360577,591.2441421173287,953,953,16,0.25379117849098554
BRAGANCA,CADIZ,dry-wet,591.2441421173287,501,212,13,-0.3826627177101053,591.2441421173287,501,473,21,-0.2737067147754502
BRAGANCA,CADIZ,wet-wet,591.2441421173287,346,222,10,0.2197271130727858,591.2441421173287,346,319,9,0.18339100397370842
BRAGANCA,CAMPDEVANOL,dry-dry,737.2338559609224,972,198,11,0.013568586729051231,737.2338559609224,972,972,16,0.03968106915722422
BRAGANCA,CAMPDEVANOL,dry-wet,737.2338559609224,599,237,14,-0.04564362221132624,737.2338559609224,599,561,20,-0.08292690986182082
BRAGANCA,CAMPDEVANOL,wet-wet,737.2338559609224,182,81,4,-0.016886571336899334,737.2338559609224,182,150,6,-0.015130876761981398
BRAGANCA,CUENCA,dry-dry,432.7158669303208,1175,449,17,0.35295503414212603,432.7158669303208,1175,1175,16,0.3087486013254605
BRAGANCA,CUENCA,dry-wet,432.7158669303208,532,252,12,-0.3034917363460316,432.7158669303208,532,477,17,-0.2909641978220185
BRAGANCA,CUENCA,wet-wet,432.7158669303208,450,286,9,0.32089541034332925,432.7158669303208,450,429,10,0.30171907310881285
BRAGANCA,DAROCA,dry-dry,450.87818508278497,884,259,11,0.15317702447043133,450.87818508278497,884,798,14,0.1591990974486184
BRAGANCA,DAROCA,dry-wet,450.87818508278497,490,228,11,-0.022430603374949624,450.87818508278497,490,450,17,-0.13372949200337514
BRAGANCA,DAROCA,wet-wet,450.87818508278497,221,135,5,0.17973642246778265,450.87818508278497,221,198,6,0.14848528293889676
BRAGANCA,EXTREMO,dry-dry,144.04718332264275,805,368,14,0.3682830304505199,144.04718332264275,805,770,10,0.3040541034515413
BRAGANCA,EXTREMO,dry-wet,144.04718332264275,464,215,10,-0.09497444368593282,144.04718332264275,464,427,15,-0.20797218532090384
BRAGANCA,EXTREMO,wet-wet,144.04718332264275,501,259,10,0.21701471840123188,144.04718332264275,501,407,9,0.24462824646900488
BRAGANCA,GETAFE,dry-dry,303.51700722728503,988,373,15,0.4436774823879239,303.51700722728503,988,988,16,0.38831377807921924
BRAGANCA,GETAFE,dry-wet,303.51700722728503,370,154,9,-0.34574176142373436,303.51700722728503,370,311,14,-0.4092871078394717
BRAGANCA,GETAFE,wet-wet,303.51700722728503,351,214,7,0.4710425057062935,303.51700722728503,351,334,9,0.41799071639610824
BRAGANCA,LORCA,dry-dry,632.034788008791,1085,136,10,-0.12533040518743346,632.034788008791,1085,1085,16,-0.02181628336565131
BRAGANCA,LORCA,dry-wet,632.034788008791,764,217,14,-0.06962158407176665,632.034788008791,764,736,22,0.04082832513556717
BRAGANCA,LORCA,wet-wet,632.034788008791,92,38,2,0.037377509593658806,632.034788008791,92,68,4,0.10643379702031494
BRAGANCA,MONTSERRAT,dry-dry,712.5915308846161,1051,236,14,0.04953568337783189,712.5915308846161,1051,1051,16,0.08941474477424133
BRAGANCA,MONTSERRAT,dry-wet,712.5915308846161,598,242,14,-0.09793347024369191,712.5915308846161,598,544,18,-0.08883326825565252
BRAGANCA,MONTSERRAT,wet-wet,712.5915308846161,197,130,7,0.03230237410832829,712.5915308846161,197,172,6,0.05629659747462666
BRAGANCA,OURENSE,dry-dry,108.92866052224846,834,539,15,0.7565847056961067,108.92866052224846,834,792,10,0.6878354367567662
BRAGANCA,OURENSE,dry-wet,108.92866052224846,204,62,4,-0.5485258063152332,108.92866052224846,204,149,8,-0.6044428905831941
BRAGANCA,OURENSE,wet-wet,108.92866052224846,569,419,9,0.6404570872736443,108.92866052224846,569,528,9,0.6271358832725963
BRAGANCA,OVIEDO,dry-dry,186.4182409514349,856,392,17,0.37092709209078795,186.4182409514349,856,836,13,0.36216568495724294
BRAGANCA,OVIEDO,dry-wet,186.4182409514349,640,298,17,-0.13572195796728645,186.4182409514349,640,601,21,-0.1316849475411262
BRAGANCA,OVIEDO,wet-wet,186.4182409514349,424,302,12,0.16881458606340924,186.4182409514349,424,397,9,0.15503580432095182
BRAGANCA,PAMPLONA,dry-dry,434.5720584909428,742,249,13,0.2953191874145708,434.5720584909428,742,735,15,0.2740590471926168
BRAGANCA,PAMPLONA,dry-wet,434.5720584909428,523,236,12,-0.07969617695154324,434.5720584909428,523,504,20,-0.10951937539617947
BRAGANCA,PAMPLONA,wet-wet,434.5720584909428,352,209,9,0.006454561762686724,434.5720584909428,352,341,11,0.018399849753842203
BRAGANCA,PONFERRADA,dry-dry,85.38430983920601,919,516,16,0.7449416515098591,85.38430983920601,919,858,10,0.6981440157415927
BRAGANCA,PONFERRADA,dry-wet,85.38430983920601,198,44,3,-0.701899894264556,85.38430983920601,198,135,8,-0.6362931050440152
BRAGANCA,PONFERRADA,wet-wet,85.38430983920601,482,359,9,0.6032080936666261,85.38430983920601,482,452,9,0.5863834617515671
BRAGANCA,PORTO,dry-dry,173.2717078252005,1411,890,26,0.6677329114833545,173.2717078252005,1411,1402,13,0.6866571393271118
BRAGANCA,PORTO,dry-wet,173.2717078252005,332,168,10,-0.6193265376390008,173.2717078252005,332,266,9,-0.6589856536120391
BRAGANCA,PORTO,wet-wet,173.2717078252005,815,611,13,0.6128566430187674,173.2717078252005,815,801,13,0.6024630977596638
BRAGANCA,SORIA,dry-dry,353.1398767564946,663,326,11,0.49014967570917545,353.1398767564946,663,642,13,0.45540145014467603
BRAGANCA,SORIA,dry-wet,353.1398767564946,302,126,7,-0.32454112532933016,353.1398767564946,302,236,12,-0.35770400385133444
BRAGANCA,SORIA,wet-wet,353.1398767564946,405,265,8,0.46670230040362465,353.1398767564946,405,370,7,0.4034877069066453
BRAGANCA,TARIFA,dry-dry,651.3030041168986,876,240,12,0.23493923503254255,651.3030041168986,876,804,14,0.14616615071052952
BRAGANCA,TARIFA,dry-wet,651.3030041168986,541,177,9,-0.12312812063739619,651.3030041168986,541,470,19,-0.12610187664962372
BRAGANCA,TARIFA,wet-wet,651.3030041168986,297,143,7,0.21389567905355558,651.3030041168986,297,267,9,0.22444211177043677
BRAGANCA,TORREVIEJA,dry-dry,667.4514050425146,1382,211,13,-0.13125501244454463,667.4514050425146,1382,1382,16,0.009588169211486494
BRAGANCA,TORREVIEJA,dry-wet,667.4514050425146,930,297,18,0.05541978369141174,667.4514050425146,930,885,20,0.040120114469492915
BRAGANCA,TORREVIEJA,wet-wet,667.4514050425146,113,64,3,0.18071631218498632,667.4514050425146,113,93,4,0.11753114216251881
BRAGANCA,VALENCIA,dry-dry,596.5755591706245,839,121,7,-0.07828994257899394,596.5755591706245,839,796,15,-0.026838546231220867
BRAGANCA,VALENCIA,dry-wet,596.5755591706245,636,203,11,0.049529113545301214,596.5755591706245,636,583,20,-0.008327047630130934
BRAGANCA,VALENCIA,wet-wet,596.5755591706245,152,67,3,-0.03481834177217895,596.5755591706245,152,129,6,-0.034117116361850074
BRAGANCA,VANDELLOS,dry-dry,641.9702702886015,812,87,6,0.11862198337236125,641.9702702886015,812,771,14,0.05475274055972942
BRAGANCA,VANDELLOS,dry-wet,641.9702702886015,517,104,7,0.08569785533432481,641.9702702886015,517,460,19,-0.07805176052709266
BRAGANCA,VANDELLOS,wet-wet,641.9702702886015,137,59,3,0.13492936426160584,641.9702702886015,137,122,6,-0.0072040582956335985
BRAGANCA,VIMIANZO,dry-dry,234.93580978932752,953,400,15,0.4354148194938471,234.93580978932752,953,929,12,0.4346005253512249
BRAGANCA,VIMIANZO,dry-wet,234.93580978932752,658,209,12,-0.3336829635608125,234.93580978932752,658,586,17,-0.30241395229659945
BRAGANCA,VIMIANZO,wet-wet,234.93580978932752,700,391,14,0.3988983775921541,234.93580978932752,700,684,11,0.33242053770603697
BRAGANCA,ZAMORA,dry-dry,89.6056573567959,994,596,18,0.6337981436673983,89.6056573567959,994,954,11,0.6304586587582326
BRAGANCA,ZAMORA,dry-wet,89.6056573567959,250,98,6,-0.5826903241225604,89.6056573567959,250,185,8,-0.577909908520886
BRAGANCA,ZAMORA,wet-wet,89.6056573567959,453,344,9,0.5961008980130711,89.6056573567959,453,420,7,0.5829288376425801
CADIZ,CAMPDEVANOL,dry-dry,963.2819400725859,1003,308,14,0.18539948227548791,963.2819400725859,1003,1003,16,0.18231987338029834
CADIZ,CAMPDEVANOL,dry-wet,963.2819400725859,461,207,10,-0.16599963386057232,963.2819400725859,461,424,17,-0.12819266581706887
CADIZ,CAMPDEVANOL,wet-wet,963.2819400725859,198,138,6,0.24730730337864687,963.2819400725859,198,178,6,0.2777368447364928
CADIZ,CUENCA,dry-dry,535.6507685530933,1211,541,18,0.5313938911173788,535.6507685530933,1211,1182,14,0.5314735197036136
CADIZ,CUENCA,dry-wet,535.6507685530933,365,214,12,-0.4134711075640593,535.6507685530933,365,331,15,-0.3933032748765477
CADIZ,CUENCA,wet-wet,535.6507685530933,417,289,8,0.3654966216434407,535.6507685530933,417,394,9,0.35531435808572726
CADIZ,DAROCA,dry-dry,662.9000222460407,940,353,12,0.3039683441514854,662.9000222460407,940,874,14,0.30237955938659106
CADIZ,DAROCA,dry-wet,662.9000222460407,350,185,10,-0.3024400221400333,662.9000222460407,350,317,15,-0.28340959265635896
CADIZ,DAROCA,wet-wet,662.9000222460407,230,166,5,0.3173543546145481,662.9000222460407,230,218,6,0.262344279229135
CADIZ,EXTREMO,dry-dry,636.3172506741432,542,114,7,0.08455656126123798,636.3172506741432,542,525,14,0.2106028271911421
CADIZ,EXTREMO,dry-wet,636.3172506741432,474,110,8,0.004587079113924472,636.3172506741432,474,435,21,-0.12072354090440812
CADIZ,EXTREMO,wet-wet,636.3172506741432,266,79,4,0.08840748320949082,636.3172506741432,266,236,10,0.1604694879031457
CADIZ,GETAFE,dry-dry,476.75290326913614,1110,571,19,0.5697209516855062,476.75290326913614,1110,1086,15,0.5362564232579392
CADIZ,GETAFE,dry-wet,476.75290326913614,272,126,8,-0.4497636620504464,476.75290326913614,272,218,11,-0.4395577443836556
CADIZ,GETAFE,wet-wet,476.75290326913614,354,266,7,0.4943767030228751,476.75290326913614,354,341,8,0.48947807274776006
CADIZ,LORCA,dry-dry,425.2960461605942,1410,310,16,0.16738281183601064,425.2960461605942,1410,1394,15,0.16502415215233812
CADIZ,LORCA,dry-wet,425.2960461605942,508,177,12,-0.24775746228667486,425.2960461605942,508,426,14,-0.20231441131985994
CADIZ,LORCA,wet-wet,425.2960461605942,154,103,4,0.11876042990968462,425.2960461605942,154,140,5,0.16108327489920649
CADIZ,MONTSERRAT,dry-dry,899.2086026396215,1335,415,17,0.16881017388762815,899.2086026396215,1335,1335,16,0.21219047195943344
CADIZ,MONTSERRAT,dry-wet,899.2086026396215,491,248,13,-0.16883700422551604,899.2086026396215,491,459,17,-0.20247653007447824
CADIZ,MONTSERRAT,wet-wet,899.2086026396215,223,163,6,0.30520426007494744,899.2086026396215,223,207,6,0.2581249983885848
CADIZ,OURENSE,dry-dry,662.218400872485,735,221,10,0.2845038343342711,662.218400872485,735,707,13,0.22981902144441682
CADIZ,OURENSE,dry-wet,662.218400872485,503,206,12,-0.3233950673042559,662.218400872485,503,456,19,-0.25796959530731717
CADIZ,OURENSE,wet-wet,662.218400872485,331,191,7,0.18690517212435084,662.218400872485,331,297,9,0.18082541613673347
CADIZ,OVIEDO,dry-dry,762.7869596510226,848,291,13,0.14834987073009767,762.7869596510226,848,841,15,0.2035615245877001
CADIZ,OVIEDO,dry-wet,762.7869596510226,754,363,20,-0.03653309097071634,762.7869596510226,754,714,21,-0.047935799672223084
CADIZ,OVIEDO,wet-wet,762.7869596510226,298,181,6,0.14449574000086687,762.7869596510226,298,268,8,0.10501253071363684
CADIZ,PAMPLONA,dry-dry,805.9017585906898,880,272,13,0.22945591530800669,805.9017585906898,880,869,15,0.23162838126039617
CADIZ,PAMPLONA,dry-wet,805.9017585906898,667,323,18,-0.12600455366408367,805.9017585906898,667,631,20,-0.12696454045326308
CADIZ,PAMPLONA,wet-wet,805.9017585906898,304,202,7,0.14381937401618228,805.9017585906898,304,282,8,0.07340040396806397
CADIZ,PONFERRADA,dry-dry,674.972969789671,836,277,11,0.3064107651639457,674.972969789671,836,827,15,0.2722067205123464
CADIZ,PONFERRADA,dry-wet,674.972969789671,486,182,11,-0.25415097290372857,674.972969789671,486,453,21,-0.21119315919607487
CADIZ,PONFERRADA,wet-wet,674.972969789671,297,176,7,0.3051667481519534,674.972969789671,297,282,10,0.28085578291118607
CADIZ,PORTO,dry-dry,566.34726285661,859,279,13,0.17713552005444771,566.34726285661,859,850,15,0.19829407817931644
CADIZ,PORTO,dry-wet,566.34726285661,563,207,11,-0.2526926670017463,566.34726285661,563,519,21,-0.21935897666985324
CADIZ,PORTO,wet-wet,566.34726285661,374,241,12,0.16702498342056202,566.34726285661,374,343,9,0.13832971917401835
CADIZ,SORIA,dry-dry,670.7214943588078,648,254,10,0.35645823339996846,670.7214943588078,648,596,12,0.35558129352937395
CADIZ,SORIA,dry-wet,670.7214943588078,345,159,10,-0.3184535761887193,670.7214943588078,345,293,14,-0.2808831964197897
CADIZ,SORIA,wet-wet,670.7214943588078,321,232,8,0.40220088087302175,670.7214943588078,321,307,8,0.38235318228732884
CADIZ,TARIFA,dry-dry,80.03351863142868,1227,764,21,0.6794761336534866,80.03351863142868,1227,1212,14,0.6789783374744912
CADIZ,TARIFA,dry-wet,80.03351863142868,221,71,4,-0.6902422034469431,80.03351863142868,221,161,8,-0.667552327266371
CADIZ,TARIFA,wet-wet,80.03351863142868,442,350,8,0.6376038209329228,80.03351863142868,442,411,6,0.6320991762015964
CADIZ,TORREVIEJA,dry-dry,517.7215139227709,1083,177,10,0.10407846584813271,517.7215139227709,1083,1083,16,0.14402251249267417
CADIZ,TORREVIEJA,dry-wet,517.7215139227709,493,151,10,-0.16314453031574083,517.7215139227709,493,457,17,-0.22527206935839333
CADIZ,TORREVIEJA,wet-wet,517.7215139227709,145,86,3,-0.044335082719872396,517.7215139227709,145,133,5,0.12738206622754297
CADIZ,VALENCIA,dry-dry,613.3347128165052,1068,293,13,0.2466038599063555,613.3347128165052,1068,1068,16,0.1924104907322043
CADIZ,VALENCIA,dry-wet,613.3347128165052,445,195,12,-0.19360202803482776,613.3347128165052,445,395,15,-0.2114874196458507
CADIZ,VALENCIA,wet-wet,613.3347128165052,197,130,5,0.16913223729777355,613.3347128165052,197,171,5,0.15726008826876867
CADIZ,VANDELLOS,dry-dry,792.135361733422,955,209,10,0.11834917485238192,792.135361733422,955,946,15,0.23208115494671155
CADIZ,VANDELLOS,dry-wet,792.135361733422,391,169,11,-0.16800904357741492,792.135361733422,391,351,15,-0.21439092533668
CADIZ,VANDELLOS,wet-wet,792.135361733422,160,103,4,0.04357288608658482,792.135361733422,160,142,5,0.1288901115998025
CADIZ,VIMIANZO,dry-dry,767.0536111227079,789,237,13,0.06037245108959944,767.0536111227079,789,782,15,0.20798710953194538
CADIZ,VIMIANZO,dry-wet,767.0536111227079,945,346,21,-0.02937261931252646,767.0536111227079,945,915,24,-0.1018344239505798
CADIZ,VIMIANZO,wet-wet,767.0536111227079,401,216,11,0.04264062892206843,767.0536111227079,401,388,11,0.04221388419726703
CADIZ,ZAMORA,dry-dry,559.5875847493983,1191,537,18,0.3764127445230994,559.5875847493983,1191,1155,15,0.3503507060652853
CADIZ,ZAMORA,dry-wet,559.5875847493983,410,201,11,-0.36947814809163804,559.5875847493983,410,367,15,-0.28299331232808633
CADIZ,ZAMORA,wet-wet,559.5875847493983,332,250,9,0.4412014333349305,559.5875847493983,332,322,9,0.3891086818590456
CAMPDEVANOL,CUENCA,dry-dry,432.37580926553534,1127,377,15,0.36510591225690103,432.37580926553534,1127,1079,15,0.2703411528529827
CAMPDEVANOL,CUENCA,dry-wet,432.37580926553534,424,179,9,-0.24240896611043536,432.37580926553534,424,384,16,-0.2550275384170745
CAMPDEVANOL,CUENCA,wet-wet,432.37580926553534,240,165,6,0.3865545357531444,432.37580926553534,240,217,6,0.37777339182281694
CAMPDEVANOL,DAROCA,dry-dry,321.63614811834907,965,362,12,0.3870166007621851,321.63614811834907,965,918,13,0.35200110145476843
CAMPDEVANOL,DAROCA,dry-wet,321.63614811834907,279,138,9,-0.437765728800265,321.63614811834907,279,243,12,-0.41151486579222807
CAMPDEVANOL,DAROCA,wet-wet,321.63614811834907,175,137,4,0.3800174401151754,321.63614811834907,175,161,4,0.3365466399535012
CAMPDEVANOL,EXTREMO,dry-dry,877.6268823610054,627,115,7,0.3299722117568476,877.6268823610054,627,599,14,0.2850014038430375
CAMPDEVANOL,EXTREMO,dry-wet,877.6268823610054,497,54,4,-0.17895674261983194,877.6268823610054,497,397,16,-0.15084377776595903
CAMPDEVANOL,EXTREMO,wet-wet,877.6268823610054,179,64,3,0.2613409882982366,877.6268823610054,179,156,7,0.20106978036734233
CAMPDEVANOL,GETAFE,dry-dry,536.5420570240863,965,332,13,0.3197766147800828,536.5420570240863,965,965,16,0.23617317891103756
CAMPDEVANOL,GETAFE,dry-wet,536.5420570240863,366,151,7,-0.26656204619039703,536.5420570240863,366,336,15,-0.2580840451302964
CAMPDEVANOL,GETAFE,wet-wet,536.5420570240863,189,127,5,0.4468188482402224,536.5420570240863,189,165,5,0.4064863140872338
CAMPDEVANOL,LORCA,dry-dry,604.8174522164234,1253,210,12,0.2609399939795428,604.8174522164234,1253,1171,14,0.08032924713720584
CAMPDEVANOL,LORCA,dry-wet,604.8174522164234,406,133,9,-0.18686563365181522,604.8174522164234,406,360,14,-0.1510478120509356
CAMPDEVANOL,LORCA,wet-wet,604.8174522164234,92,50,3,0.25937422638353547,604.8174522164234,92,77,4,0.3119596275491213
CAMPDEVANOL,MONTSERRAT,dry-dry,74.97672363971473,1308,638,16,0.5184619918860094,74.97672363971473,1308,1308,16,0.5278146229574263
CAMPDEVANOL,MONTSERRAT,dry-wet,74.97672363971473,209,58,4,-0.45096457500027165,74.97672363971473,209,157,8,-0.5515613650786149
CAMPDEVANOL,MONTSERRAT,wet-wet,74.97672363971473,269,218,5,0.6222874839747289,74.97672363971473,269,252,5,0.6120571663611557
CAMPDEVANOL,OURENSE,dry-dry,824.5451288996337,620,184,9,0.06594372325280876,824.5451288996337,620,540,12,0.022595454008555754
CAMPDEVANOL,OURENSE,dry-wet,824.5451288996337,521,193,11,-0.09767867004036926,824.5451288996337,521,489,20,-0.07811164742885762
CAMPDEVANOL,OURENSE,wet-wet,824.5451288996337,179,90,4,0.03333885485710739,824.5451288996337,179,149,6,0.11809387814129914
CAMPDEVANOL,OVIEDO,dry-dry,667.8256272139039,742,292,13,0.2205608866300728,667.8256272139039,742,713,13,0.12758298245634492
CAMPDEVANOL,OVIEDO,dry-wet,667.8256272139039,616,277,16,-0.05651118633579027,667.8256272139039,616,578,18,-0.1307250770568223
CAMPDEVANOL,OVIEDO,wet-wet,667.8256272139039,200,142,6,0.22894333964711258,667.8256272139039,200,187,6,0.14959058571340195
CAMPDEVANOL,PAMPLONA,dry-dry,318.7496701681545,770,274,13,0.46548267798897697,318.7496701681545,770,764,15,0.30757183957771284
CAMPDEVANOL,PAMPLONA,dry-wet,318.7496701681545,501,214,13,-0.17817655171032126,318.7496701681545,501,439,15,-0.2137280401928273
CAMPDEVANOL,PAMPLONA,wet-wet,318.7496701681545,232,174,7,0.16700887536896764,318.7496701681545,232,214,6,0.12365691918058885
CAMPDEVANOL,PONFERRADA,dry-dry,720.628643357688,696,202,10,0.09526559547690222,720.628643357688,696,659,14,0.08463841293077005
CAMPDEVANOL,PONFERRADA,dry-wet,720.628643357688,497,181,10,-0.12151537924508342,720.628643357688,497,446,18,-0.05986928378100232
CAMPDEVANOL,PONFERRADA,wet-wet,720.628643357688,162,81,4,0.20810850623748875,720.628643357688,162,141,6,0.19264087006896674
CAMPDEVANOL,PORTO,dry-dry,906.1590406468866,871,164,8,-0.004936824520311401,906.1590406468866,871,830,15,0.03304267730130477
CAMPDEVANOL,PORTO,dry-wet,906.1590406468866,683,250,13,-0.015004557205516321,906.1590406468866,683,649,22,-0.040386746551815476
CAMPDEVANOL,PORTO,wet-wet,906.1590406468866,197,87,4,0.1127037154062088,906.1590406468866,197,180,8,0.09896215825267872
CAMPDEVANOL,SORIA,dry-dry,387.4173084136961,632,223,10,0.3830323452751437,387.4173084136961,632,599,12,0.322205065615436
CAMPDEVANOL,SORIA,dry-wet,387.4173084136961,361,156,9,-0.12577827194221688,387.4173084136961,361,314,13,-0.182961446110106
CAMPDEVANOL,SORIA,wet-wet,387.4173084136961,199,129,5,0.3552396891880152,387.4173084136961,199,186,6,0.28127502666358467
CAMPDEVANOL,TARIFA,dry-dry,961.2019371404201,955,289,12,0.1815506112738986,961.2019371404201,955,919,14,0.25360682486034514
CAMPDEVANOL,TARIFA,dry-wet,961.2019371404201,407,158,8,-0.27563370051078095,961.2019371404201,407,358,15,-0.11752924972669311
CAMPDEVANOL,TARIFA,wet-wet,961.2019371404201,207,125,5,0.33077272819937914,961.2019371404201,207,192,7,0.2511724543718324
CAMPDEVANOL,TORREVIEJA,dry-dry,531.6989397599546,1217,178,10,0.2619341829530812,531.6989397599546,1217,1217,16,0.13308358435061257
CAMPDEVANOL,TORREVIEJA,dry-wet,531.6989397599546,376,75,5,-0.1735701880626311,531.6989397599546,376,362,17,-0.2909749077063136
CAMPDEVANOL,TORREVIEJA,wet-wet,531.6989397599546,105,66,3,0.014793860692453283,531.6989397599546,105,87,4,0.14427027234840792
CAMPDEVANOL,VALENCIA,dry-dry,371.9501231758438,995,314,13,0.3106600742273442,371.9501231758438,995,982,15,0.32981828020744663
CAMPDEVANOL,VALENCIA,dry-wet,371.9501231758438,308,97,7,-0.25464399932916404,371.9501231758438,308,255,13,-0.31094452445217896
CAMPDEVANOL,VALENCIA,wet-wet,371.9501231758438,175,114,4,0.30482976015016466,371.9501231758438,175,148,4,0.31867769239185273
CAMPDEVANOL,VANDELLOS,dry-dry,177.15493704075024,1024,359,13,0.23979554972349737,177.15493704075024,1024,1024,16,0.37760480515083455
CAMPDEVANOL,VANDELLOS,dry-wet,177.15493704075024,232,55,4,-0.5531947475529484,177.15493704075024,232,180,9,-0.43498157907653856
CAMPDEVANOL,VANDELLOS,wet-wet,177.15493704075024,158,116,4,0.42589128634998896,177.15493704075024,158,142,4,0.4424388297965753
CAMPDEVANOL,VIMIANZO,dry-dry,921.2327549660163,749,227,13,0.03573983453310745,921.2327549660163,749,742,15,0.022600106377796345
CAMPDEVANOL,VIMIANZO,dry-wet,921.2327549660163,865,303,21,-0.037526142018364274,921.2327549660163,865,831,21,-0.10718179451307212
CAMPDEVANOL,VIMIANZO,wet-wet,921.2327549660163,259,97,5,0.14919172960224572,921.2327549660163,259,237,8,0.08291381332706152
CAMPDEVANOL,ZAMORA,dry-dry,658.7984610222471,895,289,12,0.16590865217679238,658.7984610222471,895,862,15,0.12784278982415692
CAMPDEVANOL,ZAMORA,dry-wet,658.7984610222471,455,236,11,-0.12544457111665375,658.7984610222471,455,404,14,-0.1506557342447761
CAMPDEVANOL,ZAMORA,wet-wet,658.7984610222471,175,113,5,0.37308614954240454,658.7984610222471,175,159,6,0.3313450922542686
CUENCA,DAROCA,dry-dry,131.42533507353394,1070,499,12,0.5757223456867618,131.42533507353394,1070,1061,15,0.5678891288825575
CUENCA,DAROCA,dry-wet,131.42533507353394,267,133,8,-0.39141683278360717,131.42533507353394,267,224,11,-0.47697327206747697
CUENCA,DAROCA,wet-wet,131.42533507353394,328,270,7,0.4460973896844573,131.42533507353394,328,307,5,0.43919907642537664
CUENCA,EXTREMO,dry-dry,571.7664461104613,654,146,9,0.3387907247394982,571.7664461104613,654,639,14,0.3222864772313658
CUENCA,EXTREMO,dry-wet,571.7664461104613,500,156,11,-0.1502594947234595,571.7664461104613,500,451,18,-0.175639437192084
CUENCA,EXTREMO,wet-wet,571.7664461104613,345,159,7,0.038410259996573395,571.7664461104613,345,289,9,0.17057268366060502
CUENCA,GETAFE,dry-dry,137.54018635559115,1149,816,23,0.7255100440811774,137.54018635559115,1149,1111,11,0.7295454447302434
CUENCA,GETAFE,dry-wet,137.54018635559115,207,74,4,-0.6188495777138975,137.54018635559115,207,166,9,-0.6135876843158331
CUENCA,GETAFE,wet-wet,137.54018635559115,430,334,7,0.5325346242108762,137.54018635559115,430,419,8,0.5512264388586566
CUENCA,LORCA,dry-dry,271.00645499216216,1354,341,17,0.2721905929884924,271.00645499216216,1354,1317,14,0.19518133494677303
CUENCA,LORCA,dry-wet,271.00645499216216,551,196,13,-0.2332999717976993,271.00645499216216,551,509,17,-0.15667156542735083
CUENCA,LORCA,wet-wet,271.00645499216216,153,111,5,0.2294692029167289,271.00645499216216,153,136,5,0.1912527328933962
CUENCA,MONTSERRAT,dry-dry,374.7167603573681,1305,471,18,0.3490825067673845,374.7167603573681,1305,1292,15,0.3582149458139941
CUENCA,MONTSERRAT,dry-wet,374.7167603573681,443,214,13,-0.3767901406059732,374.7167603573681,443,385,15,-0.3398667483000994
CUENCA,MONTSERRAT,wet-wet,374.7167603573681,262,176,4,0.31728477308398867,374.7167603573681,262,241,6,0.32017361360765184
CUENCA,OURENSE,dry-dry,540.8797259364422,826,330,13,0.2100060538481001,540.8797259364422,826,810,14,0.2388964045214893
CUENCA,OURENSE,dry-wet,540.8797259364422,448,212,11,-0.30070109853091864,540.8797259364422,448,405,16,-0.3446985963163347
CUENCA,OURENSE,wet-wet,540.8797259364422,430,245,7,0.4665593046911428,540.8797259364422,430,401,10,0.4026807181977238
CUENCA,OVIEDO,dry-dry,479.503617813958,856,380,15,0.19614186544428872,479.503617813958,856,851,15,0.24402903580796886
CUENCA,OVIEDO,dry-wet,479.503617813958,639,338,19,-0.20195865479487893,479.503617813958,639,590,17,-0.23187113316258554
CUENCA,OVIEDO,wet-wet,479.503617813958,372,255,9,0.2297225378004779,479.503617813958,372,356,9,0.23058397933818067
CUENCA,PAMPLONA,dry-dry,308.63219424047696,917,384,16,0.45325814718538887,308.63219424047696,917,917,16,0.41971323552436873
CUENCA,PAMPLONA,dry-wet,308.63219424047696,461,200,12,-0.4009230249260588,308.63219424047696,461,417,16,-0.35662607990399986
CUENCA,PAMPLONA,wet-wet,308.63219424047696,403,281,9,0.2664505421827243,308.63219424047696,403,389,9,0.2612188682637386
CUENCA,PONFERRADA,dry-dry,465.0263825421571,802,301,11,0.32527013944698585,465.0263825421571,802,782,14,0.24798060160662133
CUENCA,PONFERRADA,dry-wet,465.0263825421571,407,175,9,-0.3203892169155783,465.0263825421571,407,377,18,-0.33775798820843694
CUENCA,PONFERRADA,wet-wet,465.0263825421571,377,242,9,0.3232062818200243,465.0263825421571,377,341,9,0.26880247335589724
CUENCA,PORTO,dry-dry,567.1821488614561,1059,347,14,0.2074420025992681,567.1821488614561,1059,1049,15,0.20112197453782016
CUENCA,PORTO,dry-wet,567.1821488614561,612,269,14,-0.24802709255908825,567.1821488614561,612,565,18,-0.2583550134755204
CUENCA,PORTO,wet-wet,567.1821488614561,473,300,11,0.26091984123439244,567.1821488614561,473,446,10,0.20246144202632713
CUENCA,SORIA,dry-dry,192.20784562821694,780,433,12,0.6844612335183498,192.20784562821694,780,746,12,0.6322594685948671
CUENCA,SORIA,dry-wet,192.20784562821694,230,81,5,-0.531120178639135,192.20784562821694,230,172,9,-0.4699015665115848
CUENCA,SORIA,wet-wet,192.20784562821694,454,340,8,0.5269933255417919,192.20784562821694,454,433,8,0.5237990854496475
CUENCA,TARIFA,dry-dry,543.314058633662,1122,495,17,0.4208375628288172,543.314058633662,1122,1095,14,0.4339690583012186
CUENCA,TARIFA,dry-wet,543.314058633662,373,180,10,-0.42538117928579605,543.314058633662,373,337,16,-0.3460358420988084
CUENCA,TARIFA,wet-wet,543.314058633662,361,219,6,0.3496201252232733,543.314058633662,361,345,10,0.3840572002770853
CUENCA,TORREVIEJA,dry-dry,262.82152027625284,1321,260,11,0.3073677996746367,262.82152027625284,1321,1321,16,0.204764307852316
CUENCA,TORREVIEJA,dry-wet,262.82152027625284,559,162,11,-0.19697385237904866,262.82152027625284,559,508,16,-0.1895272892804091
CUENCA,TORREVIEJA,wet-wet,262.82152027625284,160,111,4,0.14113719867334437,262.82152027625284,160,143,5,0.17957660417798688
CUENCA,VALENCIA,dry-dry,164.3475767291076,1033,341,14,0.39517913478578354,164.3475767291076,1033,983,14,0.36120803754325403
CUENCA,VALENCIA,dry-wet,164.3475767291076,428,167,10,-0.17976809506890995,164.3475767291076,428,377,16,-0.21146148514769497
CUENCA,VALENCIA,wet-wet,164.3475767291076,229,155,4,0.18659094354989766,164.3475767291076,229,207,6,0.1379960350786274
CUENCA,VANDELLOS,dry-dry,272.5041374933283,966,314,15,0.462383471564205,272.5041374933283,966,942,14,0.38219503930413334
CUENCA,VANDELLOS,dry-wet,272.5041374933283,350,97,8,-0.2507769864782249,272.5041374933283,350,283,12,-0.29709788197219156
CUENCA,VANDELLOS,wet-wet,272.5041374933283,191,128,4,0.35990140124558945,272.5041374933283,191,167,5,0.30012084788483223
CUENCA,VIMIANZO,dry-dry,664.1938871252027,866,287,12,0.0752397639668112,664.1938871252027,866,853,15,0.14982559271892615
CUENCA,VIMIANZO,dry-wet,664.1938871252027,881,320,19,-0.2051121825210322,664.1938871252027,881,828,21,-0.1862030729840199
CUENCA,VIMIANZO,wet-wet,664.1938871252027,512,260,11,0.2213957138690789,664.1938871252027,512,489,9,0.15476563443991256
CUENCA,ZAMORA,dry-dry,343.440380730089,1116,562,16,0.42866298185964896,343.440380730089,1116,1116,16,0.46169661569627507
CUENCA,ZAMORA,dry-wet,343.440380730089,365,191,9,-0.36801113241530764,343.440380730089,365,310,12,-0.401023414433753
CUENCA,ZAMORA,wet-wet,343.440380730089,395,304,9,0.4399981605019321,343.440380730089,395,387,9,0.41021271722743635
DAROCA,EXTREMO,dry-dry,594.9213952362923,513,124,7,0.1982783312701613,594.9213952362923,513,487,13,0.3156168139842073
DAROCA,EXTREMO,dry-wet,594.9213952362923,391,83,6,-0.25633924713538964,594.9213952362923,391,334,15,-0.1640030696961059
DAROCA,EXTREMO,wet-wet,594.9213952362923,191,96,5,0.13814026385746794,594.9213952362923,191,183,8,0.16767418688006347
DAROCA,GETAFE,dry-dry,214.91018245542134,960,452,15,0.5411075239971281,214.91018245542134,960,888,11,0.5091895516836212
DAROCA,GETAFE,dry-wet,214.91018245542134,263,136,8,-0.35409025378313036,214.91018245542134,263,183,8,-0.31278516805396944
DAROCA,GETAFE,wet-wet,214.91018245542134,252,197,4,0.4038469212903144,214.91018245542134,252,248,6,0.3838768821229278
DAROCA,LORCA,dry-dry,385.4390109784557,1155,226,13,0.1893152392199797,385.4390109784557,1155,1116,14,0.09316753714622177
DAROCA,LORCA,dry-wet,385.4390109784557,385,138,10,-0.23134593299512018,385.4390109784557,385,353,13,-0.1910881583225823
DAROCA,LORCA,wet-wet,385.4390109784557,108,82,3,0.29218593299726,385.4390109784557,108,103,4,0.22415949258574747
DAROCA,MONTSERRAT,dry-dry,276.3837482779679,1084,411,16,0.44872146665848656,276.3837482779679,1084,1060,13,0.4428615422359873
DAROCA,MONTSERRAT,dry-wet,276.3837482779679,315,159,10,-0.4500383627718739,276.3837482779679,315,269,11,-0.4018518010055959
DAROCA,MONTSERRAT,wet-wet,276.3837482779679,189,156,4,0.316680819059627,276.3837482779679,189,179,4,0.25581493987671333
DAROCA,OURENSE,dry-dry,551.811062081934,639,217,9,0.11723991593764031,551.811062081934,639,567,11,0.21141049305435614
DAROCA,OURENSE,dry-wet,551.811062081934,414,176,9,-0.13373631037487987,551.811062081934,414,392,16,-0.2130142806568968
DAROCA,OURENSE,wet-wet,551.811062081934,239,148,4,0.2437150735467147,551.811062081934,239,220,6,0.22457492538702026
DAROCA,OVIEDO,dry-dry,443.8119946032598,736,289,10,0.3716634133357508,443.8119946032598,736,726,13,0.2990085412697556
DAROCA,OVIEDO,dry-wet,443.8119946032598,478,252,13,-0.2886300850262402,443.8119946032598,478,428,14,-0.32442923768173376
DAROCA,OVIEDO,wet-wet,443.8119946032598,280,217,8,0.3433810237896823,443.8119946032598,280,265,6,0.3257699265184992
DAROCA,PAMPLONA,dry-dry,190.36900257435718,803,336,12,0.5063758952125349,190.36900257435718,803,767,12,0.5179711729904595
DAROCA,PAMPLONA,dry-wet,190.36900257435718,357,196,11,-0.33339663598337776,190.36900257435718,357,331,13,-0.38427645029269486
DAROCA,PAMPLONA,wet-wet,190.36900257435718,269,195,5,0.2588364104085922,190.36900257435718,269,256,6,0.2650918122022715
DAROCA,PONFERRADA,dry-dry,459.08235989634846,682,223,9,0.2619376052663316,459.08235989634846,682,612,13,0.24514194019253072
DAROCA,PONFERRADA,dry-wet,459.08235989634846,397,172,8,-0.11089506176120242,459.08235989634846,397,372,17,-0.1952650674351888
DAROCA,PONFERRADA,wet-wet,459.08235989634846,202,149,6,0.04445944135498098,459.08235989634846,202,178,5,0.07224938734293482
DAROCA,PORTO,dry-dry,608.3649744652214,799,272,13,0.06401680984861972,608.3649744652214,799,686,13,0.1763341582785577
DAROCA,PORTO,dry-wet,608.3649744652214,550,279,16,-0.08084111046182799,608.3649744652214,550,497,16,-0.15762501957284528
DAROCA,PORTO,wet-wet,608.3649744652214,237,150,6,0.08556696156289174,608.3649744652214,237,222,7,0.027693393109730163
DAROCA,SORIA,dry-dry,115.75300736284872,677,360,11,0.5850161331574745,115.75300736284872,677,643,12,0.552224057843789
DAROCA,SORIA,dry-wet,115.75300736284872,220,102,7,-0.49834137266466344,115.75300736284872,220,167,9,-0.4926271623970481
DAROCA,SORIA,wet-wet,115.75300736284872,266,199,4,0.45821744285200555,115.75300736284872,266,251,5,0.4551180246459037
DAROCA,TARIFA,dry-dry,673.7930290643372,847,354,14,0.3561756582637409,673.7930290643372,847,802,14,0.2954841414665864
DAROCA,TARIFA,dry-wet,673.7930290643372,344,140,8,-0.2613009279958081,673.7930290643372,344,302,15,-0.20152090829044403
DAROCA,TARIFA,wet-wet,673.7930290643372,216,139,5,0.37916227280012477,673.7930290643372,216,195,6,0.36469046693134416
DAROCA,TORREVIEJA,dry-dry,353.9576047317979,1084,189,9,0.32994055117186355,353.9576047317979,1084,1075,15,0.21988598916647104
DAROCA,TORREVIEJA,dry-wet,353.9576047317979,341,106,8,-0.07438684955804582,353.9576047317979,341,313,13,-0.21391768984720885
DAROCA,TORREVIEJA,wet-wet,353.9576047317979,104,78,3,0.17989074397022498,353.9576047317979,104,97,4,0.23039737304022395
DAROCA,VALENCIA,dry-dry,202.0600060499945,910,288,12,0.3195336791853022,202.0600060499945,910,842,13,0.35453024969646446
DAROCA,VALENCIA,dry-wet,202.0600060499945,279,87,6,-0.3130910092255765,202.0600060499945,279,216,10,-0.3251634828895306
DAROCA,VALENCIA,wet-wet,202.0600060499945,174,136,4,0.39294501622793104,202.0600060499945,174,156,4,0.34036956501679283
DAROCA,VANDELLOS,dry-dry,192.12935002265584,824,252,11,0.4228076147963294,192.12935002265584,824,796,11,0.3573698540114481
DAROCA,VANDELLOS,dry-wet,192.12935002265584,228,82,6,-0.40543270727576985,192.12935002265584,228,175,7,-0.39457449614658757
DAROCA,VANDELLOS,wet-wet,192.12935002265584,153,121,4,0.31174084116165474,192.12935002265584,153,140,4,0.3367391682700377
DAROCA,VIMIANZO,dry-dry,665.9181091997569,744,273,12,0.1905078272000287,665.9181091997569,744,722,13,0.17522503735929193
DAROCA,VIMIANZO,dry-wet,665.9181091997569,770,304,19,-0.06819425613159809,665.9181091997569,770,734,20,-0.1004056500508408
DAROCA,VIMIANZO,wet-wet,665.9181091997569,309,186,9,0.14080456852615128,665.9181091997569,309,301,7,0.12207626962790497
DAROCA,ZAMORA,dry-dry,363.94512147091547,923,343,12,0.3351949205521074,363.94512147091547,923,912,15,0.42166083273015786
DAROCA,ZAMORA,dry-wet,363.94512147091547,351,201,10,-0.2206485692956857,363.94512147091547,351,322,14,-0.2199168216244955
DAROCA,ZAMORA,wet-wet,363.94512147091547,228,181,5,0.17459215518908516,363.94512147091547,228,222,6,0.2184507863257483
EXTREMO,GETAFE,dry-dry,438.37559538811104,542,123,7,0.26487743681572645,438.37559538811104,542,510,13,0.3359453509337218
EXTREMO,GETAFE,dry-wet,438.37559538811104,414,116,8,-0.21042207157209913,438.37559538811104,414,355,17,-0.21334456196437604
EXTREMO,GETAFE,wet-wet,438.37559538811104,241,98,5,-0.14292243595750287,438.37559538811104,241,229,10,0.08754456693838916
EXTREMO,LORCA,dry-dry,751.1837443784797,553,23,2,-0.20145639941244853,751.1837443784797,553,527,14,0.046568236750713365
EXTREMO,LORCA,dry-wet,751.1837443784797,685,72,6,-0.07521647403957164,751.1837443784797,685,617,17,0.03510494612007881
EXTREMO,LORCA,wet-wet,751.1837443784797,75,18,1,-0.3952847075210474,751.1837443784797,75,48,3,-0.3511967225308265
EXTREMO,MONTSERRAT,dry-dry,855.3162852926539,612,91,6,0.1950535134758233,855.3162852926539,612,593,14,0.17671975991882144
EXTREMO,MONTSERRAT,dry-wet,855.3162852926539,531,62,5,-0.11230715421240778,855.3162852926539,531,483,19,-0.08907092575051173
EXTREMO,MONTSERRAT,wet-wet,855.3162852926539,153,63,3,0.08905514347757279,855.3162852926539,153,100,4,0.021853832756236553
EXTREMO,OURENSE,dry-dry,64.68203519715652,384,220,8,0.430219792166343,64.68203519715652,384,348,7,0.39009604552896193
EXTREMO,OURENSE,dry-wet,64.68203519715652,297,156,7,-0.2936452564263458,64.68203519715652,297,264,10,-0.26195064040110927
EXTREMO,OURENSE,wet-wet,64.68203519715652,371,223,8,0.32800365747455756,64.68203519715652,371,340,10,0.2409451068461254
EXTREMO,OVIEDO,dry-dry,262.7630837702682,502,216,11,0.3434137702696986,262.7630837702682,502,470,12,0.35291543181088425
EXTREMO,OVIEDO,dry-wet,262.7630837702682,410,133,8,-0.221537582919883,262.7630837702682,410,366,17,-0.24954133952942256
EXTREMO,OVIEDO,wet-wet,262.7630837702682,371,187,9,0.055940329341182884,262.7630837702682,371,327,10,0.06679992492269747
EXTREMO,PAMPLONA,dry-dry,568.9701886163513,370,117,7,0.39243520862211817,568.9701886163513,370,330,12,0.33884900292398384
EXTREMO,PAMPLONA,dry-wet,568.9701886163513,284,80,7,-0.41713806753405924,568.9701886163513,284,206,12,-0.316312362021615
EXTREMO,PAMPLONA,wet-wet,568.9701886163513,298,152,9,0.1833565083734027,568.9701886163513,298,267,9,0.15187297483574053
EXTREMO,PONFERRADA,dry-dry,167.89533229819756,441,205,10,0.38375523414767815,167.89533229819756,441,406,9,0.43751815684534384
EXTREMO,PONFERRADA,dry-wet,167.89533229819756,260,112,6,-0.28405693908041163,167.89533229819756,260,222,11,-0.30789768394810846
EXTREMO,PONFERRADA,wet-wet,167.89533229819756,314,134,6,0.31056168548657187,167.89533229819756,314,236,7,0.23147390575772592
EXTREMO,PORTO,dry-dry,82.82891707459974,754,384,13,0.32737558811037193,82.82891707459974,754,721,10,0.23625759856734088
EXTREMO,PORTO,dry-wet,82.82891707459974,444,240,9,-0.26537689075573295,82.82891707459974,444,380,11,-0.23909425777467652
EXTREMO,PORTO,wet-wet,82.82891707459974,583,294,8,0.2238470835227109,82.82891707459974,583,524,10,0.17504808559836263
EXTREMO,SORIA,dry-dry,496.0797158419938,352,128,8,0.21004952212044087,496.0797158419938,352,301,9,0.3637171070002772
EXTREMO,SORIA,dry-wet,496.0797158419938,266,83,6,-0.32089315934491236,496.0797158419938,266,198,10,-0.34927325781406665
EXTREMO,SORIA,wet-wet,496.0797158419938,281,121,6,0.25605648943246934,496.0797158419938,281,224,8,0.15141548567256027
EXTREMO,TARIFA,dry-dry,706.092912792578,482,70,5,0.40619127323659515,706.092912792578,482,470,15,0.2013591495666001
EXTREMO,TARIFA,dry-wet,706.092912792578,476,90,7,-0.17718461189208173,706.092912792578,476,432,22,-0.12169450839139247
EXTREMO,TARIFA,wet-wet,706.092912792578,224,53,3,0.12727785800232472,706.092912792578,224,193,11,0.09036598135940078
EXTREMO,TORREVIEJA,dry-dry,795.3584392799829,795,88,7,0.11428287128329226,795.3584392799829,795,795,16,0.09001527938258772
EXTREMO,TORREVIEJA,dry-wet,795.3584392799829,820,124,9,-0.025926062363035032,795.3584392799829,820,723,17,-0.029143750976657723
EXTREMO,TORREVIEJA,wet-wet,795.3584392799829,93,53,3,-0.060604836375553764,795.3584392799829,93,77,4,-0.07528885133184016
EXTREMO,VALENCIA,dry-dry,736.1000516651022,386,40,3,0.12032395162915724,736.1000516651022,386,377,15,0.1491805641166707
EXTREMO,VALENCIA,dry-wet,736.1000516651022,499,66,6,0.06468987204601631,736.1000516651022,499,469,22,-0.05524762510928448
EXTREMO,VALENCIA,wet-wet,736.1000516651022,110,39,2,-0.15352206215727943,736.1000516651022,110,87,5,-0.12248606159518005
EXTREMO,VANDELLOS,dry-dry,785.969387395911,552,68,5,0.19934533814752986,785.969387395911,552,517,13,0.1686880354507527
EXTREMO,VANDELLOS,dry-wet,785.969387395911,477,37,3,-0.20000257917404143,785.969387395911,477,433,18,-0.05652168187815602
EXTREMO,VANDELLOS,wet-wet,785.969387395911,118,42,2,0.15608050160095452,785.969387395911,118,93,5,0.08614809264167124
EXTREMO,VIMIANZO,dry-dry,130.8704831301554,533,241,11,0.30139553668649316,130.8704831301554,533,501,12,0.21276449421529092
EXTREMO,VIMIANZO,dry-wet,130.8704831301554,443,196,11,-0.16401451342435938,130.8704831301554,443,357,14,-0.246622358748256
EXTREMO,VIMIANZO,wet-wet,130.8704831301554,596,295,10,0.09126063246460407,130.8704831301554,596,559,11,0.18066160593421096
EXTREMO,ZAMORA,dry-dry,232.2182025586913,465,159,9,0.4862147935670793,232.2182025586913,465,430,10,0.34767570226856626
EXTREMO,ZAMORA,dry-wet,232.2182025586913,349,133,8,-0.14950970285822218,232.2182025586913,349,321,16,-0.1951142238619367
EXTREMO,ZAMORA,wet-wet,232.2182025586913,255,125,5,0.12970758920847208,232.2182025586913,255,220,8,0.1612566374019648
GETAFE,LORCA,dry-dry,342.6521266485664,1205,291,15,0.16521593650466765,342.6521266485664,1205,1205,16,0.20330547666111348
GETAFE,LORCA,dry-wet,342.6521266485664,407,108,7,-0.3589968175593937,342.6521266485664,407,371,15,-0.16735906904399764
GETAFE,LORCA,wet-wet,342.6521266485664,136,92,4,0.34031011366385516,342.6521266485664,136,100,3,0.36091508324472193
GETAFE,MONTSERRAT,dry-dry,488.6532105300666,1119,369,16,0.24534096502919903,488.6532105300666,1119,1095,14,0.31360870615594066
GETAFE,MONTSERRAT,dry-wet,488.6532105300666,392,164,8,-0.16416202813529995,488.6532105300666,392,348,14,-0.22249274872618605
GETAFE,MONTSERRAT,wet-wet,488.6532105300666,203,158,6,0.3436287673640855,488.6532105300666,203,182,5,0.34709344450838625
GETAFE,OURENSE,dry-dry,412.4454585493426,707,267,11,0.3417677529747955,412.4454585493426,707,640,11,0.3495203996435534
GETAFE,OURENSE,dry-wet,412.4454585493426,382,164,9,-0.38916254805169864,412.4454585493426,382,347,15,-0.3823665176420954
GETAFE,OURENSE,wet-wet,412.4454585493426,328,223,8,0.27031507797624643,412.4454585493426,328,310,8,0.2464621806294328
GETAFE,OVIEDO,dry-dry,383.52033088822407,761,334,15,0.24254954027276152,383.52033088822407,761,739,14,0.27262361127224755
GETAFE,OVIEDO,dry-wet,383.52033088822407,617,341,19,-0.09672475643079786,383.52033088822407,617,567,17,-0.15264884497993594
GETAFE,OVIEDO,wet-wet,383.52033088822407,286,211,7,0.044788182140297166,383.52033088822407,286,259,7,0.04603360106278168
GETAFE,PAMPLONA,dry-dry,329.36051686188137,752,304,14,0.40469146439668485,329.36051686188137,752,710,14,0.39419848069972935
GETAFE,PAMPLONA,dry-wet,329.36051686188137,507,223,12,-0.29506446600232306,329.36051686188137,507,450,15,-0.2769784576281833
GETAFE,PAMPLONA,wet-wet,329.36051686188137,292,218,7,0.10166515225838059,329.36051686188137,292,278,7,0.09884995705805773
GETAFE,PONFERRADA,dry-dry,347.7878302875474,818,257,10,0.36746293040981765,347.7878302875474,818,762,12,0.3580954884177024
GETAFE,PONFERRADA,dry-wet,347.7878302875474,349,138,7,-0.37946374935167093,347.7878302875474,349,292,13,-0.4863439114068819
GETAFE,PONFERRADA,wet-wet,347.7878302875474,297,206,8,0.21025069049085232,347.7878302875474,297,277,8,0.22028624196070207
GETAFE,PORTO,dry-dry,430.07989294675906,884,275,11,0.2402846717175631,430.07989294675906,884,721,11,0.2386461720573973
GETAFE,PORTO,dry-wet,430.07989294675906,463,209,13,-0.30045115191797056,430.07989294675906,463,416,16,-0.34521434925256617
GETAFE,PORTO,wet-wet,430.07989294675906,358,215,8,0.30211049293067244,430.07989294675906,358,323,8,0.24847651380512278
GETAFE,SORIA,dry-dry,194.23062427293388,737,377,11,0.6158911194199556,194.23062427293388,737,704,12,0.5680040112190003
GETAFE,SORIA,dry-wet,194.23062427293388,206,78,5,-0.4532294544304328,194.23062427293388,206,152,8,-0.45220231677680023
GETAFE,SORIA,wet-wet,194.23062427293388,356,255,5,0.5229221447247289,194.23062427293388,356,341,7,0.5692143057733637
GETAFE,TARIFA,dry-dry,503.93440625424194,918,413,14,0.47053351771228347,503.93440625424194,918,909,15,0.4231509550256186
GETAFE,TARIFA,dry-wet,503.93440625424194,304,133,9,-0.450945399159666,503.93440625424194,304,275,15,-0.4098318736314455
GETAFE,TARIFA,wet-wet,503.93440625424194,306,223,8,0.5822991167139528,503.93440625424194,306,291,8,0.5419235649930543
GETAFE,TORREVIEJA,dry-dry,366.1941513723087,1086,159,7,0.26168079806592187,366.1941513723087,1086,1086,16,0.2050541710702004
GETAFE,TORREVIEJA,dry-wet,366.1941513723087,413,124,9,-0.015419781167832734,366.1941513723087,413,358,13,-0.16068732265472316
GETAFE,TORREVIEJA,wet-wet,366.1941513723087,126,89,4,0.26394018105442707,366.1941513723087,126,107,4,0.33369350790023955
GETAFE,VALENCIA,dry-dry,300.38725558016614,944,243,8,0.31575892563587304,300.38725558016614,944,842,14,0.2598185234714592
GETAFE,VALENCIA,dry-wet,300.38725558016614,349,111,7,-0.25307791952447994,300.38725558016614,349,296,14,-0.3225201237783978
GETAFE,VALENCIA,wet-wet,300.38725558016614,199,133,4,0.31060691629168546,300.38725558016614,199,173,5,0.26431754247538913
GETAFE,VANDELLOS,dry-dry,394.4493920266504,806,265,13,0.3126559884138486,394.4493920266504,806,788,14,0.2774413526018389
GETAFE,VANDELLOS,dry-wet,394.4493920266504,292,111,8,-0.27817658076758145,394.4493920266504,292,237,11,-0.314914096689528
GETAFE,VANDELLOS,wet-wet,394.4493920266504,155,117,5,0.32099059295507515,394.4493920266504,155,134,4,0.317707358667289
GETAFE,VIMIANZO,dry-dry,537.9982813583713,765,224,10,0.09653759348620239,537.9982813583713,765,695,12,0.159577580236254
GETAFE,VIMIANZO,dry-wet,537.9982813583713,783,314,20,-0.2617533278494381,537.9982813583713,783,723,19,-0.2042749243153111
GETAFE,VIMIANZO,wet-wet,537.9982813583713,390,222,10,0.2487650498546158,537.9982813583713,390,383,10,0.20013860432709454
GETAFE,ZAMORA,dry-dry,216.6030790562176,1166,688,20,0.5878388262394201,216.6030790562176,1166,1111,11,0.6412646319770049
GETAFE,ZAMORA,dry-wet,216.6030790562176,266,158,10,-0.5896740497574603,216.6030790562176,266,216,10,-0.5822809351399812
GETAFE,ZAMORA,wet-wet,216.6030790562176,355,280,7,0.5445620631815812,216.6030790562176,355,338,7,0.5239760669877079
LORCA,MONTSERRAT,dry-dry,531.9731725143124,1551,289,15,0.17897828714559916,531.9731725143124,1551,1551,16,0.11388759650453385
LORCA,MONTSERRAT,dry-wet,531.9731725143124,391,145,10,-0.25468768298669486,531.9731725143124,391,360,15,-0.256807279851997
LORCA,MONTSERRAT,wet-wet,531.9731725143124,114,76,4,0.1027038587710442,531.9731725143124,114,94,4,0.08238580911944382
LORCA,OURENSE,dry-dry,738.7044514897925,843,120,8,0.06365953027866207,738.7044514897925,843,835,15,0.002777973803642404
LORCA,OURENSE,dry-wet,738.7044514897925,720,193,14,0.1273552662102004,738.7044514897925,720,639,18,0.03198723526772575
LORCA,OURENSE,wet-wet,738.7044514897925,88,36,2,0.012479980854864273,738.7044514897925,88,60,3,0.009043888360552033
LORCA,OVIEDO,dry-dry,725.6043641308303,921,230,14,0.02194720452946378,725.6043641308303,921,912,15,0.04184062564142219
LORCA,OVIEDO,dry-wet,725.6043641308303,861,275,19,0.03970752784043484,725.6043641308303,861,812,19,0.02795896245272239
LORCA,OVIEDO,wet-wet,725.6043641308303,103,58,3,0.011412540586581194,725.6043641308303,103,89,4,-0.0191205621967914
LORCA,PAMPLONA,dry-dry,574.15223025708,1013,158,10,-0.055810036093000386,574.15223025708,1013,1013,16,0.02099618305089921
LORCA,PAMPLONA,dry-wet,574.15223025708,796,254,17,-0.06804043635653971,574.15223025708,796,763,19,-0.040377299132204184
LORCA,PAMPLONA,wet-wet,574.15223025708,88,42,2,-0.10536107283214115,574.15223025708,88,63,3,-0.16015908452910751
LORCA,PONFERRADA,dry-dry,687.1777861882695,914,153,10,0.02806351851051213,687.1777861882695,914,903,15,-0.007440317728478311
LORCA,PONFERRADA,dry-wet,687.1777861882695,670,164,12,-0.054176542608260485,687.1777861882695,670,617,20,-0.09716885509066372
LORCA,PONFERRADA,wet-wet,687.1777861882695,94,39,2,-0.02855828201803002,687.1777861882695,94,77,4,-0.13493062057311483
LORCA,PORTO,dry-dry,719.8418893182059,949,120,8,-0.19243018703284293,719.8418893182059,949,933,15,-0.06249675394073496
LORCA,PORTO,dry-wet,719.8418893182059,878,268,19,0.05046907841422891,719.8418893182059,878,828,21,0.03142662625517814
LORCA,PORTO,wet-wet,719.8418893182059,98,46,3,0.14540388027254272,719.8418893182059,98,81,5,0.04299082680981496
LORCA,SORIA,dry-dry,463.21138692365764,742,131,8,0.01693598132995909,463.21138692365764,742,714,13,0.055272757795457206
LORCA,SORIA,dry-wet,463.21138692365764,473,122,9,-0.05013868909232893,463.21138692365764,473,395,14,-0.09404118874121155
LORCA,SORIA,wet-wet,463.21138692365764,105,62,3,0.21527312041269303,463.21138692365764,105,87,4,0.1588157167981312
LORCA,TARIFA,dry-dry,393.000828128321,1203,240,12,0.35527289337788054,393.000828128321,1203,1187,14,0.29546291047498546
LORCA,TARIFA,dry-wet,393.000828128321,465,149,11,-0.29000092492936597,393.000828128321,465,417,16,-0.21935316688650708
LORCA,TARIFA,wet-wet,393.000828128321,164,94,3,0.1937635449145149,393.000828128321,164,145,5,0.21449345603624237
LORCA,TORREVIEJA,dry-dry,92.9629128265286,1550,551,20,0.5137353080262613,92.9629128265286,1550,1550,16,0.46229310519343025
LORCA,TORREVIEJA,dry-wet,92.9629128265286,197,34,3,-0.6531553976819888,92.9629128265286,197,139,7,-0.5192252992373265
LORCA,TORREVIEJA,wet-wet,92.9629128265286,163,129,4,0.5051133266145325,92.9629128265286,163,148,4,0.479210030455722
LORCA,VALENCIA,dry-dry,233.25734632832993,1437,313,10,0.4160004836721427,233.25734632832993,1437,1411,14,0.28484836340418607
LORCA,VALENCIA,dry-wet,233.25734632832993,269,67,5,-0.5901502634460872,233.25734632832993,269,217,11,-0.37976795126538115
LORCA,VALENCIA,wet-wet,233.25734632832993,164,111,4,0.4756682158983584,233.25734632832993,164,139,4,0.47962354172725097
LORCA,VANDELLOS,dry-dry,428.19478759397066,1112,193,9,0.17796815732106133,428.19478759397066,1112,1089,15,0.09009602289227385
LORCA,VANDELLOS,dry-wet,428.19478759397066,281,59,5,-0.14665129256038434,428.19478759397066,281,229,11,-0.2879658923081327
LORCA,VANDELLOS,wet-wet,428.19478759397066,97,60,3,0.4349896049161897,428.19478759397066,97,82,4,0.43135878145635914
LORCA,VIMIANZO,dry-dry,865.2869295532565,864,118,8,-0.15684088195989995,865.2869295532565,864,864,16,-0.0826189539546739
LORCA,VIMIANZO,dry-wet,865.2869295532565,1328,264,17,0.056906552649330304,865.2869295532565,1328,1310,24,0.048493115345252
LORCA,VIMIANZO,wet-wet,865.2869295532565,122,42,3,-0.039273486639355246,865.2869295532565,122,101,5,-0.12370165511671678
LORCA,ZAMORA,dry-dry,551.8402907324325,1243,205,13,-0.03443445749210256,551.8402907324325,1243,1243,16,0.05577210541722675
LORCA,ZAMORA,dry-wet,551.8402907324325,545,216,14,0.04269052670694737,551.8402907324325,545,506,16,-0.026621508200779877
LORCA,ZAMORA,wet-wet,551.8402907324325,92,50,3,0.4048959639808061,551.8402907324325,92,66,3,0.4186038050630393
MONTSERRAT,OURENSE,dry-dry,805.6077124931321,761,182,10,-0.05296984469014929,805.6077124931321,761,755,15,0.012778013973702814
MONTSERRAT,OURENSE,dry-wet,805.6077124931321,602,233,15,-0.17291478409530028,805.6077124931321,602,554,19,-0.11724016613217644
MONTSERRAT,OURENSE,wet-wet,805.6077124931321,193,121,6,0.1451909414893204,805.6077124931321,193,179,7,0.07017428694716366
MONTSERRAT,OVIEDO,dry-dry,661.86942974353,860,294,16,0.2064113999670539,661.86942974353,860,838,14,0.17174950485349869
MONTSERRAT,OVIEDO,dry-wet,661.86942974353,737,281,16,-0.0518410077455928,661.86942974353,737,694,19,-0.1251810419327181
MONTSERRAT,OVIEDO,wet-wet,661.86942974353,217,145,5,0.07504811550937465,661.86942974353,217,202,6,0.06367459968449683
MONTSERRAT,PAMPLONA,dry-dry,317.04551951128434,942,282,15,0.2492154362157138,317.04551951128434,942,942,16,0.25411890727744624
MONTSERRAT,PAMPLONA,dry-wet,317.04551951128434,637,260,17,-0.1319280046503879,317.04551951128434,637,561,17,-0.1707012619201002
MONTSERRAT,PAMPLONA,wet-wet,317.04551951128434,222,166,6,0.1312444806464718,317.04551951128434,222,211,6,0.0953213907749033
MONTSERRAT,PONFERRADA,dry-dry,704.4850567179411,833,216,14,0.007919643909087967,704.4850567179411,833,804,14,0.05075326292737786
MONTSERRAT,PONFERRADA,dry-wet,704.4850567179411,554,190,11,0.01785520797259293,704.4850567179411,554,506,19,-0.064904736407462
MONTSERRAT,PONFERRADA,wet-wet,704.4850567179411,172,102,5,0.2069679169374066,704.4850567179411,172,161,7,0.1365390757708498
MONTSERRAT,PORTO,dry-dry,877.5041047929506,935,171,9,-0.07724239399663249,877.5041047929506,935,935,16,0.02707583818898105
MONTSERRAT,PORTO,dry-wet,877.5041047929506,682,259,16,-0.0940164272013751,877.5041047929506,682,644,21,-0.08051832673859118
MONTSERRAT,PORTO,wet-wet,877.5041047929506,211,127,6,0.15925089439659784,877.5041047929506,211,192,7,0.10267739515805284
MONTSERRAT,SORIA,dry-dry,359.45237758100865,741,239,10,0.29155290989061955,359.45237758100865,741,733,14,0.28879771200468807
MONTSERRAT,SORIA,dry-wet,359.45237758100865,387,176,11,-0.231307615313028,359.45237758100865,387,346,14,-0.20748377001660118
MONTSERRAT,SORIA,wet-wet,359.45237758100865,205,143,5,0.2776352598772993,359.45237758100865,205,188,5,0.22558115594534178
MONTSERRAT,TARIFA,dry-dry,894.0073536859612,1097,369,17,0.274608070297209,894.0073536859612,1097,1074,14,0.2704779280862675
MONTSERRAT,TARIFA,dry-wet,894.0073536859612,467,200,10,-0.2339537829878355,894.0073536859612,467,417,15,-0.194327401107652
MONTSERRAT,TARIFA,wet-wet,894.0073536859612,213,147,6,0.23677663819900646,894.0073536859612,213,196,6,0.16567627972879526
MONTSERRAT,TORREVIEJA,dry-dry,457.3761585560558,1304,245,13,0.23900275891936743,457.3761585560558,1304,1284,15,0.2384870046559649
MONTSERRAT,TORREVIEJA,dry-wet,457.3761585560558,358,145,10,-0.2622870071199818,457.3761585560558,358,319,14,-0.21444182306886192
MONTSERRAT,TORREVIEJA,wet-wet,457.3761585560558,120,81,3,-0.004302337189051961,457.3761585560558,120,102,4,0.042222136389061304
MONTSERRAT,VALENCIA,dry-dry,299.9337136524067,1284,355,12,0.39034556433191514,299.9337136524067,1284,1269,15,0.35211243682204113
MONTSERRAT,VALENCIA,dry-wet,299.9337136524067,307,134,10,-0.3300093835899162,299.9337136524067,307,251,12,-0.3036671427701794
MONTSERRAT,VALENCIA,wet-wet,299.9337136524067,193,125,4,0.2944976214689531,299.9337136524067,193,178,6,0.2978996364349205
MONTSERRAT,VANDELLOS,dry-dry,107.44072374644497,1215,502,17,0.6493568717472074,107.44072374644497,1215,1196,15,0.6039824280796937
MONTSERRAT,VANDELLOS,dry-wet,107.44072374644497,187,23,1,-0.6470984341213211,107.44072374644497,187,147,8,-0.5844152986165106
MONTSERRAT,VANDELLOS,wet-wet,107.44072374644497,196,170,5,0.4964526896854663,107.44072374644497,196,183,4,0.502070984148195
MONTSERRAT,VIMIANZO,dry-dry,908.9071491485759,853,190,10,0.07856145711118814,908.9071491485759,853,824,14,0.0796914408411278
MONTSERRAT,VIMIANZO,dry-wet,908.9071491485759,1012,254,18,-0.13450526781447433,908.9071491485759,1012,981,21,-0.0753187543715914
MONTSERRAT,VIMIANZO,wet-wet,908.9071491485759,268,143,8,-0.11638225263920164,908.9071491485759,268,258,9,-0.02791922938942286
MONTSERRAT,ZAMORA,dry-dry,630.124864241534,1197,418,20,0.1866040188832469,630.124864241534,1197,1156,15,0.18370900667953657
MONTSERRAT,ZAMORA,dry-wet,630.124864241534,479,237,12,-0.16661692065198427,630.124864241534,479,439,16,-0.14744870247798011
MONTSERRAT,ZAMORA,wet-wet,630.124864241534,191,145,6,0.2347923917642419,630.124864241534,191,180,6,0.2047146003953901
OURENSE,OVIEDO,dry-dry,198.1392317490295,703,389,12,0.5276366324708457,198.1392317490295,703,685,13,0.46271360216353
OURENSE,OVIEDO,dry-wet,198.1392317490295,423,216,13,-0.24300589367363667,198.1392317490295,423,375,17,-0.29511288314285394
OURENSE,OVIEDO,wet-wet,198.1392317490295,494,347,11,0.40940618496468834,198.1392317490295,494,465,11,0.3559981868132191
OURENSE,PAMPLONA,dry-dry,512.2711108548466,657,255,11,0.27765812343818735,512.2711108548466,657,619,14,0.2597114333940319
OURENSE,PAMPLONA,dry-wet,512.2711108548466,438,230,13,-0.25102338955803594,512.2711108548466,438,403,18,-0.2561330313028517
OURENSE,PAMPLONA,wet-wet,512.2711108548466,394,237,9,0.19309831457761703,512.2711108548466,394,377,11,0.17720374777046727
OURENSE,PONFERRADA,dry-dry,106.6932085028858,746,528,12,0.7580454283361663,106.6932085028858,746,705,9,0.7565286825540061
OURENSE,PONFERRADA,dry-wet,106.6932085028858,125,50,4,-0.805389375878697,106.6932085028858,125,75,4,-0.8648798431017135
OURENSE,PONFERRADA,wet-wet,106.6932085028858,563,392,7,0.7282864561923148,106.6932085028858,563,538,9,0.710795312399847
OURENSE,PORTO,dry-dry,139.29882883035052,793,509,14,0.7260902980670869,139.29882883035052,793,765,10,0.748824423389981
OURENSE,PORTO,dry-wet,139.29882883035052,193,82,6,-0.7265184956031489,139.29882883035052,193,138,7,-0.7341803204622175
OURENSE,PORTO,wet-wet,139.29882883035052,619,479,11,0.6131196224246143,139.29882883035052,619,602,10,0.6013223930915144
OURENSE,SORIA,dry-dry,448.04142990230656,523,278,10,0.42554879672548707,448.04142990230656,523,504,13,0.34644057660634503
OURENSE,SORIA,dry-wet,448.04142990230656,278,122,7,-0.4063299540292903,448.04142990230656,278,243,13,-0.4166535433804408
OURENSE,SORIA,wet-wet,448.04142990230656,408,254,8,0.4639584604707961,448.04142990230656,408,382,9,0.41502637595553205
OURENSE,TARIFA,dry-dry,728.2696456458681,627,159,7,0.191598705313241,728.2696456458681,627,619,15,0.17800403929129868
OURENSE,TARIFA,dry-wet,728.2696456458681,514,184,10,-0.13711257065173477,728.2696456458681,514,458,19,-0.1403720586599558
OURENSE,TARIFA,wet-wet,728.2696456458681,279,142,7,0.12137373663474944,728.2696456458681,279,253,10,0.15522221438568803
OURENSE,TORREVIEJA,dry-dry,776.0168458727076,727,90,6,-0.020897776810131673,776.0168458727076,727,709,15,-0.028367361020544973
OURENSE,TORREVIEJA,dry-wet,776.0168458727076,681,198,14,0.0997322105995597,776.0168458727076,681,615,18,-0.011751111589820189
OURENSE,TORREVIEJA,wet-wet,776.0168458727076,94,58,3,-0.17858482236991619,776.0168458727076,94,74,3,-0.10169583311988502
OURENSE,VALENCIA,dry-dry,704.3620695761358,602,80,4,-0.03891111847310931,704.3620695761358,602,540,15,0.026536702880899522
OURENSE,VALENCIA,dry-wet,704.3620695761358,610,154,8,0.133958705849777,704.3620695761358,610,550,20,0.014124146741677347
OURENSE,VALENCIA,wet-wet,704.3620695761358,131,65,3,-0.1397426633224381,704.3620695761358,131,96,4,-0.117072369433898
OURENSE,VANDELLOS,dry-dry,740.909536391108,535,88,6,0.09198425721759823,740.909536391108,535,510,13,-0.03943823721203174
OURENSE,VANDELLOS,dry-wet,740.909536391108,481,135,10,0.07043068721135351,740.909536391108,481,427,17,-0.06909991208259851
OURENSE,VANDELLOS,wet-wet,740.909536391108,133,54,2,0.016074096641851197,740.909536391108,133,93,4,0.06045503461429779
OURENSE,VIMIANZO,dry-dry,126.663815929313,756,442,15,0.537435795270191,126.663815929313,756,737,12,0.5033495951015542
OURENSE,VIMIANZO,dry-wet,126.663815929313,388,146,10,-0.4794788291663593,126.663815929313,388,327,13,-0.5134655221045002
OURENSE,VIMIANZO,wet-wet,126.663815929313,687,413,14,0.5265017104471145,126.663815929313,687,636,10,0.48591229596539487
OURENSE,ZAMORA,dry-dry,197.46051121987787,794,413,13,0.6060504620471526,197.46051121987787,794,772,12,0.5731092693704657
OURENSE,ZAMORA,dry-wet,197.46051121987787,300,138,8,-0.5635287076654548,197.46051121987787,300,261,11,-0.5197867447928406
OURENSE,ZAMORA,wet-wet,197.46051121987787,426,295,7,0.4584748066315448,197.46051121987787,426,399,8,0.412762899396883
OVIEDO,PAMPLONA,dry-dry,349.0842283939773,765,434,13,0.4379819647187336,349.0842283939773,765,757,14,0.4672602632276306
OVIEDO,PAMPLONA,dry-wet,349.0842283939773,436,245,12,-0.38610033851854414,349.0842283939773,436,396,15,-0.40834056663957286
OVIEDO,PAMPLONA,wet-wet,349.0842283939773,526,368,10,0.34724609786084304,349.0842283939773,526,482,8,0.3715303213027348
OVIEDO,PONFERRADA,dry-dry,105.7779788780367,761,420,14,0.5017707486490722,105.7779788780367,761,716,12,0.5329594985775735
OVIEDO,PONFERRADA,dry-wet,105.7779788780367,387,157,10,-0.4089642238667558,105.7779788780367,387,310,13,-0.34595941666127356
OVIEDO,PONFERRADA,wet-wet,105.7779788780367,457,287,7,0.39443747739485047,105.7779788780367,457,438,11,0.3694483335197416
OVIEDO,PORTO,dry-dry,329.9069465626056,780,354,15,0.295693063622958,329.9069465626056,780,765,14,0.31814145641121816
OVIEDO,PORTO,dry-wet,329.9069465626056,628,331,17,-0.15712658986304343,329.9069465626056,628,597,21,-0.18289661310696514
OVIEDO,PORTO,wet-wet,329.9069465626056,487,343,14,0.09637369196323697,329.9069465626056,487,476,12,0.10345867987129885
OVIEDO,SORIA,dry-dry,328.47142618303815,549,276,9,0.3584870384583251,328.47142618303815,549,539,14,0.30579749681423507
OVIEDO,SORIA,dry-wet,328.47142618303815,407,197,11,-0.20676079031621322,328.47142618303815,407,370,16,-0.22373063558474965
OVIEDO,SORIA,wet-wet,328.47142618303815,349,248,9,0.2444842013795544,328.47142618303815,349,337,9,0.24523794812697874
OVIEDO,TARIFA,dry-dry,816.4177169560978,680,239,10,0.2346908529590752,816.4177169560978,680,666,14,0.1892997308833813
OVIEDO,TARIFA,dry-wet,816.4177169560978,676,300,16,-0.02477603517673217,816.4177169560978,676,619,20,-0.047197604394857984
OVIEDO,TARIFA,wet-wet,816.4177169560978,295,167,6,0.15926093605422834,816.4177169560978,295,270,9,0.13517336838241598
OVIEDO,TORREVIEJA,dry-dry,739.2844742188854,896,228,13,0.05166850420978144,739.2844742188854,896,896,16,0.06615020280778201
OVIEDO,TORREVIEJA,dry-wet,739.2844742188854,799,275,17,-0.023236808087928967,739.2844742188854,799,776,20,-0.030512995877402565
OVIEDO,TORREVIEJA,wet-wet,739.2844742188854,110,69,3,-0.30507432846183397,739.2844742188854,110,88,3,-0.2378672651943755
OVIEDO,VALENCIA,dry-dry,629.29788286108,711,182,9,-0.0023947572308075644,629.29788286108,711,675,15,-0.015840528233848402
OVIEDO,VALENCIA,dry-wet,629.29788286108,758,269,16,0.02022155879196008,629.29788286108,758,712,20,-0.01461212199362854
OVIEDO,VALENCIA,wet-wet,629.29788286108,140,70,3,0.000577860244421188,629.29788286108,140,126,6,0.09604788011267687
OVIEDO,VANDELLOS,dry-dry,616.2749053789473,624,139,8,0.11966855677148594,616.2749053789473,624,608,13,0.008126884210905096
OVIEDO,VANDELLOS,dry-wet,616.2749053789473,595,164,10,-0.11333466430349659,616.2749053789473,595,553,17,-0.10774724309633531
OVIEDO,VANDELLOS,wet-wet,616.2749053789473,142,68,3,0.17435646179811476,616.2749053789473,142,123,5,0.19128522199042663
OVIEDO,VIMIANZO,dry-dry,259.2087761058383,778,427,14,0.37132311025281256,259.2087761058383,778,771,15,0.4302456798470977
OVIEDO,VIMIANZO,dry-wet,259.2087761058383,627,308,16,-0.285771894524859,259.2087761058383,627,573,19,-0.28743942024182195
OVIEDO,VIMIANZO,wet-wet,259.2087761058383,729,424,14,0.20039747441788547,259.2087761058383,729,718,13,0.23425329722621027
OVIEDO,ZAMORA,dry-dry,204.63855112905523,818,381,14,0.44408314215178973,204.63855112905523,818,810,14,0.39514860940877417
OVIEDO,ZAMORA,dry-wet,204.63855112905523,604,274,14,-0.19183416831854708,204.63855112905523,604,557,18,-0.2025014172524362
OVIEDO,ZAMORA,wet-wet,204.63855112905523,360,262,8,0.20013710058522555,204.63855112905523,360,338,8,0.1749216772254747
PAMPLONA,PONFERRADA,dry-dry,406.46655924264945,688,270,11,0.3767152209128517,406.46655924264945,688,656,14,0.39742083375445314
PAMPLONA,PONFERRADA,dry-wet,406.46655924264945,407,190,10,-0.19427451455537093,406.46655924264945,407,359,16,-0.21078556844620622
PAMPLONA,PONFERRADA,wet-wet,406.46655924264945,373,239,9,0.3262428862588263,406.46655924264945,373,350,10,0.28083398222214184
PAMPLONA,PORTO,dry-dry,607.5222615218898,697,288,14,0.20530097024797608,607.5222615218898,697,697,16,0.16268211717679082
PAMPLONA,PORTO,dry-wet,607.5222615218898,509,231,11,-0.21597411470467381,607.5222615218898,509,490,20,-0.1931177712864027
PAMPLONA,PORTO,wet-wet,607.5222615218898,406,245,10,0.09606696763763244,607.5222615218898,406,401,12,0.09174836007867214
PAMPLONA,SORIA,dry-dry,135.18321493711682,614,296,11,0.609889500514171,135.18321493711682,614,578,12,0.5360680480564592
PAMPLONA,SORIA,dry-wet,135.18321493711682,278,134,8,-0.4829853111480916,135.18321493711682,278,227,12,-0.4298719891014937
PAMPLONA,SORIA,wet-wet,135.18321493711682,377,264,7,0.3577018124176692,135.18321493711682,377,368,9,0.32618107837114907
PAMPLONA,TARIFA,dry-dry,829.2910260139029,751,227,11,0.19661863337321553,829.2910260139029,751,751,16,0.20389456074982631
PAMPLONA,TARIFA,dry-wet,829.2910260139029,580,278,17,-0.15930120805918724,829.2910260139029,580,544,20,-0.13056646355266593
PAMPLONA,TARIFA,wet-wet,829.2910260139029,282,165,6,0.11120571311832544,829.2910260139029,282,254,8,0.07690106167195473
PAMPLONA,TORREVIEJA,dry-dry,543.9662574703891,781,178,13,0.16640935473283894,543.9662574703891,781,781,16,0.0853625407661847
PAMPLONA,TORREVIEJA,dry-wet,543.9662574703891,660,169,11,0.032270347112156685,543.9662574703891,660,591,15,0.04000555124079426
PAMPLONA,TORREVIEJA,wet-wet,543.9662574703891,84,45,2,0.27423777807503225,543.9662574703891,84,50,2,0.24990109731238255
PAMPLONA,VALENCIA,dry-dry,386.0425260268582,810,179,11,0.15972519392862283,386.0425260268582,810,810,16,0.16897435257078036
PAMPLONA,VALENCIA,dry-wet,386.0425260268582,680,262,17,0.05008171998385223,386.0425260268582,680,645,20,-0.003770081254829671
PAMPLONA,VALENCIA,wet-wet,386.0425260268582,150,114,5,0.04401825975355941,386.0425260268582,150,129,4,0.023376008764283893
PAMPLONA,VANDELLOS,dry-dry,293.08502405862976,669,119,7,0.19797671971470468,293.08502405862976,669,663,15,0.1804187332203095
PAMPLONA,VANDELLOS,dry-wet,293.08502405862976,466,140,11,-0.01563692494668332,293.08502405862976,466,432,16,-0.1250678949113437
PAMPLONA,VANDELLOS,wet-wet,293.08502405862976,154,115,6,0.27500693370335766,293.08502405862976,154,147,6,0.12438448649220463
PAMPLONA,VIMIANZO,dry-dry,603.493403223551,726,381,15,0.27453533185170176,603.493403223551,726,673,12,0.2873906801033399
PAMPLONA,VIMIANZO,dry-wet,603.493403223551,641,272,16,-0.20605745244765078,603.493403223551,641,612,21,-0.20441867238682768
PAMPLONA,VIMIANZO,wet-wet,603.493403223551,626,353,15,0.26616456745084566,603.493403223551,626,602,11,0.24474654202256857
PAMPLONA,ZAMORA,dry-dry,367.3654725601395,861,308,13,0.4144953113459505,367.3654725601395,861,861,16,0.38293892870715834
PAMPLONA,ZAMORA,dry-wet,367.3654725601395,557,251,12,-0.24020588574498883,367.3654725601395,557,510,18,-0.23653588396399194
PAMPLONA,ZAMORA,wet-wet,367.3654725601395,339,242,7,0.1168336619457088,367.3654725601395,339,323,8,0.1208226298634498
PONFERRADA,PORTO,dry-dry,227.03305237919082,831,480,15,0.547381635084774,227.03305237919082,831,812,13,0.5874621894509585
PONFERRADA,PORTO,dry-wet,227.03305237919082,242,113,8,-0.6310858531426848,227.03305237919082,242,164,7,-0.6544615181595779
PONFERRADA,PORTO,wet-wet,227.03305237919082,512,351,10,0.5126754916633767,227.03305237919082,512,477,9,0.5046574044433974
PONFERRADA,SORIA,dry-dry,350.40778284497753,625,283,9,0.4418772773876527,350.40778284497753,625,594,12,0.42125224421677127
PONFERRADA,SORIA,dry-wet,350.40778284497753,245,104,7,-0.45886947615387214,350.40778284497753,245,189,10,-0.4873541415071619
PONFERRADA,SORIA,wet-wet,350.40778284497753,364,244,8,0.4813923663767099,350.40778284497753,364,336,8,0.43559102731284877
PONFERRADA,TARIFA,dry-dry,733.389308612728,666,175,7,0.19813884049043382,733.389308612728,666,600,12,0.17368319181548225
PONFERRADA,TARIFA,dry-wet,733.389308612728,480,139,8,-0.12408051128800163,733.389308612728,480,415,20,-0.16241036336596412
PONFERRADA,TARIFA,wet-wet,733.389308612728,253,134,7,0.24135327235554654,733.389308612728,253,227,9,0.2475859589042174
PONFERRADA,TORREVIEJA,dry-dry,713.6574189462601,819,87,6,-0.06655742983893141,713.6574189462601,819,819,16,-0.029648979906761862
PONFERRADA,TORREVIEJA,dry-wet,713.6574189462601,611,138,10,-0.0011984900280784627,713.6574189462601,611,537,17,-0.03161795331106362
PONFERRADA,TORREVIEJA,wet-wet,713.6574189462601,70,35,2,0.09385978061965444,713.6574189462601,70,53,3,-0.03421504939980291
PONFERRADA,VALENCIA,dry-dry,625.051834320131,743,162,9,-0.028182690216135103,625.051834320131,743,743,16,0.016194778466485333
PONFERRADA,VALENCIA,dry-wet,625.051834320131,587,175,11,0.0976051087044603,625.051834320131,587,521,19,-0.03411045076626951
PONFERRADA,VALENCIA,wet-wet,625.051834320131,115,46,2,0.2588254000290174,625.051834320131,115,96,5,-0.02816095675389461
PONFERRADA,VANDELLOS,dry-dry,644.6636540795565,565,92,5,0.030276524180468053,644.6636540795565,565,544,14,-0.004043805029843381
PONFERRADA,VANDELLOS,dry-wet,644.6636540795565,444,117,7,0.004985513934408017,644.6636540795565,444,392,17,-0.03152504955773534
PONFERRADA,VANDELLOS,wet-wet,644.6636540795565,125,56,3,0.11532310619332298,644.6636540795565,125,109,5,0.0695203287453417
PONFERRADA,VIMIANZO,dry-dry,206.98289332004413,755,413,15,0.3754002296414556,206.98289332004413,755,734,13,0.3821701777723965
PONFERRADA,VIMIANZO,dry-wet,206.98289332004413,443,172,11,-0.45078856892121233,206.98289332004413,443,376,13,-0.43393511993977874
PONFERRADA,VIMIANZO,wet-wet,206.98289332004413,609,333,11,0.37531114610500366,206.98289332004413,609,595,11,0.3905536312091234
PONFERRADA,ZAMORA,dry-dry,136.70197868466016,921,533,16,0.6310269440338319,136.70197868466016,921,907,12,0.6329536205951223
PONFERRADA,ZAMORA,dry-wet,136.70197868466016,263,114,7,-0.4984675954731316,136.70197868466016,263,210,9,-0.5801455790907277
PONFERRADA,ZAMORA,wet-wet,136.70197868466016,403,283,7,0.5136278234559253,136.70197868466016,403,386,9,0.4348199342664752
PORTO,SORIA,dry-dry,519.3726033462698,589,283,10,0.15690542946750236,519.3726033462698,589,504,10,0.2695362504882497
PORTO,SORIA,dry-wet,519.3726033462698,354,154,8,-0.305257362223045,519.3726033462698,354,315,15,-0.2849253238414579
PORTO,SORIA,wet-wet,519.3726033462698,406,266,10,0.3216399461567179,519.3726033462698,406,388,10,0.32018889746264473
PORTO,TARIFA,dry-dry,638.7996392399266,786,166,9,0.05329980917836844,638.7996392399266,786,786,16,0.13585384522195187
PORTO,TARIFA,dry-wet,638.7996392399266,594,229,14,-0.12975570601699765,638.7996392399266,594,562,23,-0.11312399499206453
PORTO,TARIFA,wet-wet,638.7996392399266,318,155,8,0.18632983829220653,638.7996392399266,318,288,10,0.16237672464143044
PORTO,TORREVIEJA,dry-dry,772.2164504147961,1222,202,12,-0.14966450313050125,772.2164504147961,1222,1222,16,-0.013937700214461815
PORTO,TORREVIEJA,dry-wet,772.2164504147961,1056,347,22,0.023763285639975564,772.2164504147961,1056,1018,21,-0.008288833219935522
PORTO,TORREVIEJA,wet-wet,772.2164504147961,124,72,3,-0.07346781187486601,772.2164504147961,124,100,4,-0.06261558397434965
PORTO,VALENCIA,dry-dry,730.4403037146251,729,103,6,-0.22325880431668949,730.4403037146251,729,691,15,-0.05485230620627382
PORTO,VALENCIA,dry-wet,730.4403037146251,722,236,14,0.09656474609495863,730.4403037146251,722,698,24,0.006652095331206716
PORTO,VALENCIA,wet-wet,730.4403037146251,154,75,4,-0.1294164273225177,730.4403037146251,154,131,6,-0.12951465484097338
PORTO,VANDELLOS,dry-dry,800.4796892617657,743,76,5,0.06155201491104098,800.4796892617657,743,695,14,0.07646438045366752
PORTO,VANDELLOS,dry-wet,800.4796892617657,564,121,9,-0.1239869519770772,800.4796892617657,564,545,22,-0.0706617043744756
PORTO,VANDELLOS,wet-wet,800.4796892617657,146,81,5,-0.07464630516778255,800.4796892617657,146,130,6,-0.10051138068164951
PORTO,VIMIANZO,dry-dry,205.27483647472724,916,504,18,0.5276899643400628,205.27483647472724,916,892,12,0.529105643403644
PORTO,VIMIANZO,dry-wet,205.27483647472724,543,230,15,-0.3896935115732824,205.27483647472724,543,474,16,-0.38897809772430936
PORTO,VIMIANZO,wet-wet,205.27483647472724,836,486,17,0.42344536586263964,205.27483647472724,836,820,12,0.38642506898102896
PORTO,ZAMORA,dry-dry,247.6299619146027,879,467,16,0.47115925832776234,247.6299619146027,879,848,12,0.4833725458204217
PORTO,ZAMORA,dry-wet,247.6299619146027,353,151,8,-0.4697116697975172,247.6299619146027,353,294,11,-0.4530376593372044
PORTO,ZAMORA,wet-wet,247.6299619146027,437,308,9,0.3895264646943552,247.6299619146027,437,416,9,0.40251941683723097
SORIA,TARIFA,dry-dry,694.9126272193365,586,216,9,0.3363178922900821,694.9126272193365,586,531,12,0.2473766363662149
SORIA,TARIFA,dry-wet,694.9126272193365,333,126,7,-0.36658413171455595,694.9126272193365,333,272,14,-0.2764731615846332
SORIA,TARIFA,wet-wet,694.9126272193365,283,174,7,0.34135113309107407,694.9126272193365,283,256,8,0.39315073502106995
SORIA,TORREVIEJA,dry-dry,448.56461736700817,676,101,6,0.3490294057458502,448.56461736700817,676,662,14,0.18895820259698637
SORIA,TORREVIEJA,dry-wet,448.56461736700817,471,107,8,0.014837221602745327,448.56461736700817,471,413,15,-0.07351286731384786
SORIA,TORREVIEJA,wet-wet,448.56461736700817,118,86,4,0.15200737016620422,448.56461736700817,118,91,3,0.1371594133221886
SORIA,VALENCIA,dry-dry,311.4245680650915,668,173,8,0.39769007177933663,311.4245680650915,668,651,14,0.27687987785967394
SORIA,VALENCIA,dry-wet,311.4245680650915,369,112,8,-0.08108603784181787,311.4245680650915,369,323,14,-0.1497443094389381
SORIA,VALENCIA,wet-wet,311.4245680650915,172,118,5,0.171232219653494,311.4245680650915,172,149,5,0.11779254218066673
SORIA,VANDELLOS,dry-dry,294.2799122527215,514,189,10,0.43093267594774437,294.2799122527215,514,492,12,0.2882245928151089
SORIA,VANDELLOS,dry-wet,294.2799122527215,320,58,4,-0.2240762592539257,294.2799122527215,320,277,13,-0.22148108724660157
SORIA,VANDELLOS,wet-wet,294.2799122527215,168,108,4,0.2812300162578501,294.2799122527215,168,160,6,0.24647822167530825
SORIA,VIMIANZO,dry-dry,557.200305739203,543,195,9,0.09635317609313769,557.200305739203,543,506,14,0.10970134679284356
SORIA,VIMIANZO,dry-wet,557.200305739203,517,206,14,-0.22759445479949708,557.200305739203,517,464,17,-0.26476626492348043
SORIA,VIMIANZO,wet-wet,557.200305739203,441,203,9,0.20602340267526356,557.200305739203,441,431,10,0.1860882520152657
SORIA,ZAMORA,dry-dry,271.7560381571126,774,392,13,0.5571089495810272,271.7560381571126,774,752,13,0.5196280317073183
SORIA,ZAMORA,dry-wet,271.7560381571126,274,146,9,-0.4588601838557838,271.7560381571126,274,220,10,-0.4416453234191219
SORIA,ZAMORA,wet-wet,271.7560381571126,348,272,8,0.46693189507002897,271.7560381571126,348,337,8,0.4435380864637256
TARIFA,TORREVIEJA,dry-dry,485.82495470794737,1049,131,6,0.0621712685054893,485.82495470794737,1049,945,11,0.16911086281672613
TARIFA,TORREVIEJA,dry-wet,485.82495470794737,443,140,10,-0.22893382224283476,485.82495470794737,443,410,17,-0.25743081646144483
TARIFA,TORREVIEJA,wet-wet,485.82495470794737,151,84,3,0.03679535352852398,485.82495470794737,151,138,5,0.05497234039081425
TARIFA,VALENCIA,dry-dry,600.0115551800452,950,230,12,0.22718543559910354,600.0115551800452,950,913,14,0.25386875693738653
TARIFA,VALENCIA,dry-wet,600.0115551800452,418,161,10,-0.1931178652061842,600.0115551800452,418,355,15,-0.22228116382308094
TARIFA,VALENCIA,wet-wet,600.0115551800452,196,120,5,0.20822213930024874,600.0115551800452,196,166,5,0.13185399253366337
TARIFA,VANDELLOS,dry-dry,786.5750226201751,848,217,11,0.23338271910271205,786.5750226201751,848,825,13,0.3231543542675505
TARIFA,VANDELLOS,dry-wet,786.5750226201751,367,134,9,-0.1278785368272669,786.5750226201751,367,305,13,-0.10099981196013601
TARIFA,VANDELLOS,wet-wet,786.5750226201751,148,88,4,0.3650851827448804,786.5750226201751,148,128,5,0.25145535882037034
TARIFA,VIMIANZO,dry-dry,836.9590183426419,703,173,9,-0.017402880273566762,836.9590183426419,703,695,15,0.13838758663095568
TARIFA,VIMIANZO,dry-wet,836.9590183426419,862,341,23,-0.07259696455117148,836.9590183426419,862,828,25,-0.09725558286904137
TARIFA,VIMIANZO,wet-wet,836.9590183426419,379,153,8,-0.00900081533205477,836.9590183426419,379,359,11,0.0715319061038812
TARIFA,ZAMORA,dry-dry,611.8722859515716,924,383,15,0.39879078541383617,611.8722859515716,924,914,15,0.37779827317285825
TARIFA,ZAMORA,dry-wet,611.8722859515716,405,194,11,-0.2940441714013848,611.8722859515716,405,355,16,-0.23910510701171728
TARIFA,ZAMORA,wet-wet,611.8722859515716,276,168,6,0.29912788745950214,611.8722859515716,276,256,8,0.28334261350285694
TORREVIEJA,VALENCIA,dry-dry,169.8382864010786,1151,369,14,0.6684575532004154,169.8382864010786,1151,1135,14,0.5175529633307644
TORREVIEJA,VALENCIA,dry-wet,169.8382864010786,235,61,5,-0.3454357690766323,169.8382864010786,235,179,10,-0.33306358811722825
TORREVIEJA,VALENCIA,wet-wet,169.8382864010786,180,152,5,0.48899622596789594,169.8382864010786,180,166,4,0.46403056821080496
TORREVIEJA,VANDELLOS,dry-dry,358.203279690541,1049,156,8,0.34581210155188075,358.203279690541,1049,998,13,0.2634459860915744
TORREVIEJA,VANDELLOS,dry-wet,358.203279690541,254,49,4,-0.5119033452508156,358.203279690541,254,205,10,-0.26307746470021454
TORREVIEJA,VANDELLOS,wet-wet,358.203279690541,101,69,3,0.07241925843060057,358.203279690541,101,89,4,0.08346727195192431
TORREVIEJA,VIMIANZO,dry-dry,902.3822987500527,823,144,10,-0.1140193156356118,902.3822987500527,823,823,16,-0.03344615936547514
TORREVIEJA,VIMIANZO,dry-wet,902.3822987500527,1246,253,17,0.08283954669760833,902.3822987500527,1246,1164,22,0.025361215134189548
TORREVIEJA,VIMIANZO,wet-wet,902.3822987500527,125,63,4,0.14386419208179388,902.3822987500527,125,106,5,-0.016697546328287648
TORREVIEJA,ZAMORA,dry-dry,582.362225280907,982,118,7,0.12952607181665157,582.362225280907,982,935,15,0.026827531512501442
TORREVIEJA,ZAMORA,dry-wet,582.362225280907,516,167,11,0.001516793234491211,582.362225280907,516,485,16,-0.04432212250713663
TORREVIEJA,ZAMORA,wet-wet,582.362225280907,87,52,3,0.21432268217780975,582.362225280907,87,62,3,0.1958855518807025
VALENCIA,VANDELLOS,dry-dry,195.02382803981865,970,300,9,0.5202361139669656,195.02382803981865,970,934,14,0.42717770038812997
VALENCIA,VANDELLOS,dry-wet,195.02382803981865,196,22,2,-0.15998563625403436,195.02382803981865,196,114,6,-0.5447193468004945
VALENCIA,VANDELLOS,wet-wet,195.02382803981865,166,123,4,0.3575427430504384,195.02382803981865,166,146,4,0.4203462895761535
VALENCIA,VIMIANZO,dry-dry,826.7374398316697,631,122,8,-0.04902762590589263,826.7374398316697,631,597,15,-0.023348155195515804
VALENCIA,VIMIANZO,dry-wet,826.7374398316697,1053,261,17,0.14472023161472908,826.7374398316697,1053,1038,25,0.022419951247104965
VALENCIA,VIMIANZO,wet-wet,826.7374398316697,178,76,4,-0.012314963768040407,826.7374398316697,178,164,7,-0.13055082603971346
VALENCIA,ZAMORA,dry-dry,507.1099386270944,986,203,10,0.24875154350661813,507.1099386270944,986,948,15,0.15454397653276322
VALENCIA,ZAMORA,dry-wet,507.1099386270944,475,200,12,-0.10070421845679604,507.1099386270944,475,403,15,-0.08758780441557111
VALENCIA,ZAMORA,wet-wet,507.1099386270944,144,83,3,0.05695146434950181,507.1099386270944,144,126,5,0.046835575698882505
VANDELLOS,VIMIANZO,dry-dry,851.479477362233,639,131,9,0.08680846879289485,851.479477362233,639,632,15,0.057776541749359395
VANDELLOS,VIMIANZO,dry-wet,851.479477362233,776,126,10,-0.1448277027575057,851.479477362233,776,726,19,-0.055636072305966025
VANDELLOS,VIMIANZO,wet-wet,851.479477362233,168,55,3,0.12733135183733738,851.479477362233,168,128,6,0.04024825908488533
VANDELLOS,ZAMORA,dry-dry,555.7626101277917,823,188,9,0.10759699158031348,555.7626101277917,823,784,13,0.17942533259067497
VANDELLOS,ZAMORA,dry-wet,555.7626101277917,386,143,9,-0.26632279397186515,555.7626101277917,386,334,14,-0.12969357729993577
VANDELLOS,ZAMORA,wet-wet,555.7626101277917,135,73,3,0.18572759461801033,555.7626101277917,135,129,6,0.13706537996164206
VIMIANZO,ZAMORA,dry-dry,321.827705472062,870,385,18,0.45401603383045475,321.827705472062,870,854,12,0.3407585941554684
VIMIANZO,ZAMORA,dry-wet,321.827705472062,722,256,16,-0.35011356860731585,321.827705472062,722,677,17,-0.26673942162034925
VIMIANZO,ZAMORA,wet-wet,321.827705472062,481,270,10,0.32037770112299624,321.827705472062,481,470,9,0.23357893300566276
