station_j,station_k,state_class,dist_exact,n_class_days_exact,n_used_exact,n_cells_exact,phi_bar_exact,dist_binned,n_class_days_binned,n_used_binned,n_cells_binned,phi_bar_binned
ALACANT/ALICANTE,AMARANTE,dry-dry,722.4169965750731,507,104,6,0.014207631721767281,722.4169965750731,507,449,14,0.08515829941936577
ALACANT/ALICANTE,AMARANTE,dry-wet,722.4169965750731,479,95,6,0.09633587590977416,722.4169965750731,479,456,21,-0.031007028202502035
ALACANT/ALICANTE,AMARANTE,wet-wet,722.4169965750731,95,37,2,0.34540844977212326,722.4169965750731,95,84,5,0.17130268146073804
ALACANT/ALICANTE,ARANJUEZ,dry-dry,323.4013395002759,689,222,11,0.1526727030053344,323.4013395002759,689,617,14,0.23663608116854387
ALACANT/ALICANTE,ARANJUEZ,dry-wet,323.4013395002759,289,104,7,-0.35417847764867627,323.4013395002759,289,254,13,-0.1402873977607394
ALACANT/ALICANTE,ARANJUEZ,wet-wet,323.4013395002759,126,82,3,0.39124869807130824,323.4013395002759,126,112,4,0.32593655006669753
ALACANT/ALICANTE,BARCELOS,dry-dry,776.0798722095955,456,78,5,0.08008107366598367,776.0798722095955,456,381,14,0.08509207526383776
ALACANT/ALICANTE,BARCELOS,dry-wet,776.0798722095955,463,95,6,0.09233743906466914,776.0798722095955,463,422,18,-0.05139695280350955
ALACANT/ALICANTE,BARCELOS,wet-wet,776.0798722095955,91,48,3,0.06891577082275431,776.0798722095955,91,68,4,0.03604036082600884
ALACANT/ALICANTE,BEJA,dry-dry,645.2484958319031,907,227,12,0.09569007725038824,645.2484958319031,907,907,16,0.08115955970961632
ALACANT/ALICANTE,BEJA,dry-wet,645.2484958319031,455,186,10,-0.16768631641723683,645.2484958319031,455,429,17,-0.15852940107239313
ALACANT/ALICANTE,BEJA,wet-wet,645.2484958319031,116,66,3,0.0952125766593345,645.2484958319031,116,102,5,-0.02279646612900789
ALACANT/ALICANTE,BRAGANCA,dry-dry,654.0074821361715,832,182,11,-0.038798378399946175,654.0074821361715,832,832,16,-0.016766315608305767
ALACANT/ALICANTE,BRAGANCA,dry-wet,654.0074821361715,597,222,12,0.16154331411838596,654.0074821361715,597,549,19,0.041491889244486393
ALACANT/ALICANTE,BRAGANCA,wet-wet,654.0074821361715,102,60,3,-0.07859757724822833,654.0074821361715,102,85,4,-0.13078298655635792
ALACANT/ALICANTE,CADIZ,dry-dry,549.7244310931843,846,248,12,0.3060473275125712,549.7244310931843,846,846,16,0.22092925424300178
ALACANT/ALICANTE,CADIZ,dry-wet,549.7244310931843,355,174,11,-0.13894731936027238,549.7244310931843,355,333,16,-0.1913013897328893
ALACANT/ALICANTE,CADIZ,wet-wet,549.7244310931843,145,93,3,0.07922891418689258,549.7244310931843,145,123,4,0.06472935889451617
ALACANT/ALICANTE,CAMPDEVANOL,dry-dry,483.90656470772444,1077,388,18,0.21565044679723042,483.90656470772444,1077,1077,16,0.19346563785473586
ALACANT/ALICANTE,CAMPDEVANOL,dry-wet,483.90656470772444,465,231,12,-0.16645210268262367,483.90656470772444,465,422,14,-0.19746554576861602
ALACANT/ALICANTE,CAMPDEVANOL,wet-wet,483.90656470772444,167,131,5,0.2016520224798306,483.90656470772444,167,148,4,0.17627710394394258
ALACANT/ALICANTE,CUENCA,dry-dry,235.359069323701,1030,366,15,0.31573224590991383,235.359069323701,1030,1010,15,0.2950961017493111
ALACANT/ALICANTE,CUENCA,dry-wet,235.359069323701,443,217,14,-0.27929706189936276,235.359069323701,443,421,17,-0.29453987829860023
ALACANT/ALICANTE,CUENCA,wet-wet,235.359069323701,209,157,5,0.28944388858196113,235.359069323701,209,179,4,0.3060545813192521
ALACANT/ALICANTE,DAROCA,dry-dry,314.74959747928835,924,323,15,0.28325280337951725,314.74959747928835,924,924,16,0.21458508311050975
ALACANT/ALICANTE,DAROCA,dry-wet,314.74959747928835,371,158,10,-0.11911461989612494,314.74959747928835,371,344,15,-0.13457921465420294
ALACANT/ALICANTE,DAROCA,wet-wet,314.74959747928835,169,134,5,0.33545857456480976,314.74959747928835,169,153,4,0.347997902804598
ALACANT/ALICANTE,EXTREMO,dry-dry,785.917196969032,423,81,6,-0.05530020197060378,785.917196969032,423,423,16,0.03792124601271659
ALACANT/ALICANTE,EXTREMO,dry-wet,785.917196969032,486,88,6,-0.0278842879646769,785.917196969032,486,439,19,-0.04149428394721695
ALACANT/ALICANTE,EXTREMO,wet-wet,785.917196969032,92,35,2,-0.1502017558700261,785.917196969032,92,58,3,-0.14012143417672068
ALACANT/ALICANTE,GETAFE,dry-dry,350.6111409533631,889,349,16,0.29843625784202615,350.6111409533631,889,889,16,0.18177593235583844
ALACANT/ALICANTE,GETAFE,dry-wet,350.6111409533631,358,159,10,-0.34326562384998255,350.6111409533631,358,307,13,-0.2870600826350816
ALACANT/ALICANTE,GETAFE,wet-wet,350.6111409533631,149,111,4,0.31517919687518237,350.6111409533631,149,133,4,0.3224313764496196
ALACANT/ALICANTE,LORCA,dry-dry,131.50609021423713,1279,594,19,0.629426594707391,131.50609021423713,1279,1262,15,0.5635705352912185
ALACANT/ALICANTE,LORCA,dry-wet,131.50609021423713,216,52,4,-0.4505268624405112,131.50609021423713,216,169,8,-0.5759486097778287
ALACANT/ALICANTE,LORCA,wet-wet,131.50609021423713,220,178,4,0.4629060867744479,131.50609021423713,220,203,4,0.4808714357020914
ALACANT/ALICANTE,MONTSERRAT,dry-dry,409.6572976142475,1259,452,16,0.4177616448300136,409.6572976142475,1259,1259,16,0.300051490815833
ALACANT/ALICANTE,MONTSERRAT,dry-wet,409.6572976142475,395,177,10,-0.1781895078618274,409.6572976142475,395,358,14,-0.22104093882395892
ALACANT/ALICANTE,MONTSERRAT,wet-wet,409.6572976142475,184,153,5,0.2009344660341887,409.6572976142475,184,176,5,0.24910480434434523
ALACANT/ALICANTE,OURENSE,dry-dry,762.920366146825,622,155,9,-0.15463651362273761,762.920366146825,622,622,16,-0.023749606027190655
ALACANT/ALICANTE,OURENSE,dry-wet,762.920366146825,609,208,12,0.06927553647264398,762.920366146825,609,563,19,0.056209781103977965
ALACANT/ALICANTE,OURENSE,wet-wet,762.920366146825,107,61,3,0.0521733882957924,762.920366146825,107,95,5,0.09853792773586091
ALACANT/ALICANTE,OVIEDO,dry-dry,714.7849823242314,742,278,15,-0.05953138602058225,714.7849823242314,742,726,14,-0.01246293414926667
ALACANT/ALICANTE,OVIEDO,dry-wet,714.7849823242314,723,362,18,-0.016555990949156257,714.7849823242314,723,656,17,0.01933482322646041
ALACANT/ALICANTE,OVIEDO,wet-wet,714.7849823242314,141,96,4,-0.059054546393972264,714.7849823242314,141,119,4,-0.0291971212193997
ALACANT/ALICANTE,PAMPLONA,dry-dry,503.62547941199756,868,322,17,0.1088623333259075,503.62547941199756,868,868,16,0.10581134532813635
ALACANT/ALICANTE,PAMPLONA,dry-wet,503.62547941199756,570,273,14,-0.07733429143788677,503.62547941199756,570,520,16,-0.027573413348928957
ALACANT/ALICANTE,PAMPLONA,wet-wet,503.62547941199756,135,90,4,0.04179640924343867,503.62547941199756,135,115,4,0.06793575332561844
ALACANT/ALICANTE,PONFERRADA,dry-dry,695.3522209424913,729,163,10,0.04137528337729884,695.3522209424913,729,729,16,0.008921037621058702
ALACANT/ALICANTE,PONFERRADA,dry-wet,695.3522209424913,598,236,14,0.02860286758359667,695.3522209424913,598,562,19,0.013410971603373453
ALACANT/ALICANTE,PONFERRADA,wet-wet,695.3522209424913,115,76,4,-0.011562621849318312,695.3522209424913,115,94,4,0.0200275803683055
ALACANT/ALICANTE,PORTO,dry-dry,767.6557535721732,712,169,10,-0.10069281340612204,767.6557535721732,712,712,16,-0.0587308812908171
ALACANT/ALICANTE,PORTO,dry-wet,767.6557535721732,684,244,13,0.07769664318594531,767.6557535721732,684,651,21,0.051842088932264004
ALACANT/ALICANTE,PORTO,wet-wet,767.6557535721732,104,62,4,-0.23332637475627327,767.6557535721732,104,81,4,-0.11687026122958523
ALACANT/ALICANTE,SORIA,dry-dry,414.431919387457,828,317,16,0.17874710084027012,414.431919387457,828,828,16,0.11153791852805611
ALACANT/ALICANTE,SORIA,dry-wet,414.431919387457,448,183,10,-0.30351391522985643,414.431919387457,448,408,16,-0.15202800024889046
ALACANT/ALICANTE,SORIA,wet-wet,414.431919387457,147,108,4,0.1466475555687502,414.431919387457,147,142,5,0.09532136024233782
ALACANT/ALICANTE,TARIFA,dry-dry,522.5995432683703,867,293,11,0.2540277952411428,522.5995432683703,867,817,15,0.2506391006836596
ALACANT/ALICANTE,TARIFA,dry-wet,522.5995432683703,328,138,10,-0.3637346681379932,522.5995432683703,328,267,13,-0.32802844226770733
ALACANT/ALICANTE,TARIFA,wet-wet,522.5995432683703,166,141,6,0.22058483053732125,522.5995432683703,166,147,4,0.25365680317698763
ALACANT/ALICANTE,TORREVIEJA,dry-dry,47.87864066936528,1192,716,18,0.7067671215617447,47.87864066936528,1192,1178,13,0.7108797304272544
ALACANT/ALICANTE,TORREVIEJA,dry-wet,47.87864066936528,134,13,1,-0.4147575310031266,47.87864066936528,134,97,5,-0.6086114779241119
ALACANT/ALICANTE,TORREVIEJA,wet-wet,47.87864066936528,214,178,3,0.6270982694312206,47.87864066936528,214,196,3,0.6236894097015767
ALACANT/ALICANTE,VALENCIA,dry-dry,123.70509196102228,1103,523,15,0.6030208464901169,123.70509196102228,1103,1093,15,0.5648916325995798
ALACANT/ALICANTE,VALENCIA,dry-wet,123.70509196102228,229,82,6,-0.6820306623031898,123.70509196102228,229,176,9,-0.47962844680040395
ALACANT/ALICANTE,VALENCIA,wet-wet,123.70509196102228,243,212,6,0.5237078922973982,123.70509196102228,243,225,4,0.5299158733376941
ALACANT/ALICANTE,VANDELLOS,dry-dry,310.34175152064387,1058,342,13,0.43901760896362085,310.34175152064387,1058,1058,16,0.35188140437522814
ALACANT/ALICANTE,VANDELLOS,dry-wet,310.34175152064387,251,76,5,-0.48851037188103363,310.34175152064387,251,203,9,-0.4746034417651351
ALACANT/ALICANTE,VANDELLOS,wet-wet,310.34175152064387,156,124,4,0.3281727812980699,310.34175152064387,156,146,4,0.3600179972520705
ALACANT/ALICANTE,VIMIANZO,dry-dry,888.6088475841793,703,214,14,-0.18893452698544574,888.6088475841793,703,703,16,-0.07461802810808403
ALACANT/ALICANTE,VIMIANZO,dry-wet,888.6088475841793,1024,356,20,0.05967359022220911,888.6088475841793,1024,940,23,0.08492512340110607
ALACANT/ALICANTE,VIMIANZO,wet-wet,888.6088475841793,160,76,5,-0.15092674176312992,888.6088475841793,160,146,7,-0.23926471209891917
ALACANT/ALICANTE,ZAMORA,dry-dry,567.0689947636466,1057,283,15,0.03942100674636787,567.0689947636466,1057,1057,16,0.0042303751017106275
ALACANT/ALICANTE,ZAMORA,dry-wet,567.0689947636466,549,251,14,-0.10833272782894857,567.0689947636466,549,523,18,-0.13593370160327756
ALACANT/ALICANTE,ZAMORA,wet-wet,567.0689947636466,125,81,4,0.151628162231985,567.0689947636466,125,105,4,0.20164837397100602
AMARANTE,ARANJUEZ,dry-dry,404.2806175279353,444,96,5,0.5065575605674223,404.2806175279353,444,415,12,0.2908816911261015
AMARANTE,ARANJUEZ,dry-wet,404.2806175279353,288,76,6,-0.33659454501626485,404.2806175279353,288,228,14,-0.24953407269433409
AMARANTE,ARANJUEZ,wet-wet,404.2806175279353,149,62,3,0.18878073213759863,404.2806175279353,149,112,5,0.08250445377056305
AMARANTE,BARCELOS,dry-dry,54.20497580593242,913,641,18,0.7812513184132528,54.20497580593242,913,880,11,0.7641823367411726
AMARANTE,BARCELOS,dry-wet,54.20497580593242,175,62,5,-0.8384239845292949,54.20497580593242,175,118,6,-0.816738740408868
AMARANTE,BARCELOS,wet-wet,54.20497580593242,601,429,10,0.640670091409184,54.20497580593242,601,572,10,0.6677691139480036
AMARANTE,BEJA,dry-dry,361.1845703344827,852,305,15,0.3333141520208493,361.1845703344827,852,812,13,0.2459636893009878
AMARANTE,BEJA,dry-wet,361.1845703344827,510,213,12,-0.18885304064587766,361.1845703344827,510,434,15,-0.2506137942863045
AMARANTE,BEJA,wet-wet,361.1845703344827,307,163,7,0.16683338410726756,361.1845703344827,307,261,8,0.10937385866373647
AMARANTE,BRAGANCA,dry-dry,125.37851272267845,892,487,15,0.1767037758993556,125.37851272267845,892,857,10,0.17614200162223229
AMARANTE,BRAGANCA,dry-wet,125.37851272267845,479,296,12,-0.21908073680633577,125.37851272267845,479,446,14,-0.23103581480941762
AMARANTE,BRAGANCA,wet-wet,125.37851272267845,412,216,7,0.03732076964628494,125.37851272267845,412,358,9,0.09570510692294074
AMARANTE,CADIZ,dry-dry,553.1291105674836,439,106,6,0.33848314614318536,553.1291105674836,439,338,9,0.3070268513656114
AMARANTE,CADIZ,dry-wet,553.1291105674836,350,109,8,-0.24580494020120386,553.1291105674836,350,301,17,-0.15228928644527145
AMARANTE,CADIZ,wet-wet,553.1291105674836,190,98,6,0.15117401238538178,553.1291105674836,190,146,6,0.1448353829553453
AMARANTE,CAMPDEVANOL,dry-dry,855.3351234711791,701,263,12,0.22766879740285847,855.3351234711791,701,701,16,0.18558999767971432
AMARANTE,CAMPDEVANOL,dry-wet,855.3351234711791,520,184,13,-0.20716516852188602,855.3351234711791,520,481,20,-0.1810466764187735
AMARANTE,CAMPDEVANOL,wet-wet,855.3351234711791,223,132,6,0.1318888383422817,855.3351234711791,223,202,7,0.1406286945523193
AMARANTE,CUENCA,dry-dry,518.2801219233589,744,284,13,0.30143897492773275,518.2801219233589,744,744,16,0.3116654381645893
AMARANTE,CUENCA,dry-wet,518.2801219233589,438,184,13,-0.37184148577315296,518.2801219233589,438,387,16,-0.32895224353641156
AMARANTE,CUENCA,wet-wet,518.2801219233589,301,190,9,0.26072589427534226,518.2801219233589,301,273,9,0.20613309373771802
AMARANTE,DAROCA,dry-dry,557.4078630193003,594,196,9,0.27796079773332716,557.4078630193003,594,573,15,0.2505856843845727
AMARANTE,DAROCA,dry-wet,557.4078630193003,395,139,9,-0.1770152245441335,557.4078630193003,395,363,18,-0.21108325474346304
AMARANTE,DAROCA,wet-wet,557.4078630193003,203,112,5,0.07180990333901606,557.4078630193003,203,177,6,0.08431273269284714
AMARANTE,EXTREMO,dry-dry,83.62039509843535,841,507,18,0.6309821310267002,83.62039509843535,841,819,12,0.6258487740941195
AMARANTE,EXTREMO,dry-wet,83.62039509843535,247,111,8,-0.5995977845798327,83.62039509843535,247,185,9,-0.6235315861005225
AMARANTE,EXTREMO,wet-wet,83.62039509843535,588,371,11,0.5465652664442242,83.62039509843535,588,565,11,0.5598275811993061
AMARANTE,GETAFE,dry-dry,381.6142805359026,526,162,8,0.3042356627097368,381.6142805359026,526,505,13,0.23992911003426606
AMARANTE,GETAFE,dry-wet,381.6142805359026,373,134,9,-0.2649421693723785,381.6142805359026,373,325,15,-0.23144147386493535
AMARANTE,GETAFE,wet-wet,381.6142805359026,199,106,5,0.3337133653476576,381.6142805359026,199,161,6,0.20206169756110273
AMARANTE,LORCA,dry-dry,679.3174001407024,705,53,4,0.08406739996955946,679.3174001407024,705,688,15,0.07806716459280455
AMARANTE,LORCA,dry-wet,679.3174001407024,597,92,7,0.08786925697110391,679.3174001407024,597,536,19,0.03695221690603431
AMARANTE,LORCA,wet-wet,679.3174001407024,75,35,2,0.08081312860700018,679.3174001407024,75,44,2,-0.0921625089927086
AMARANTE,MONTSERRAT,dry-dry,826.4334290093525,730,237,13,0.18545253398566905,826.4334290093525,730,718,15,0.24293160609121697
AMARANTE,MONTSERRAT,dry-wet,826.4334290093525,517,163,10,-0.3381329930253346,826.4334290093525,517,469,20,-0.18593826348278666
AMARANTE,MONTSERRAT,wet-wet,826.4334290093525,186,125,6,0.15948510316471773,826.4334290093525,186,167,6,0.13940082268603965
AMARANTE,OURENSE,dry-dry,118.63261093482076,446,202,6,0.31294655676819294,118.63261093482076,446,360,7,0.233836317711469
AMARANTE,OURENSE,dry-wet,118.63261093482076,293,159,7,-0.25733383850670527,118.63261093482076,293,243,8,-0.25465869478628395
AMARANTE,OURENSE,wet-wet,118.63261093482076,305,184,7,0.23355326295524104,118.63261093482076,305,262,7,0.16947531852710576
AMARANTE,OVIEDO,dry-dry,293.66277862388165,525,218,11,0.23828931565554404,293.66277862388165,525,508,13,0.21629156504495747
AMARANTE,OVIEDO,dry-wet,293.66277862388165,491,248,12,-0.07549795929119758,293.66277862388165,491,441,17,-0.15448177133139082
AMARANTE,OVIEDO,wet-wet,293.66277862388165,341,194,9,0.10317266383782005,293.66277862388165,341,310,10,0.13831989693374167
AMARANTE,PAMPLONA,dry-dry,558.1471877232595,391,144,6,0.3861961068159958,558.1471877232595,391,371,13,0.3415957891718111
AMARANTE,PAMPLONA,dry-wet,558.1471877232595,305,96,7,-0.3753938348680112,558.1471877232595,305,227,12,-0.22967106646363086
AMARANTE,PAMPLONA,wet-wet,558.1471877232595,271,152,7,0.11998025213194972,558.1471877232595,271,235,8,0.16942625529077335
AMARANTE,PONFERRADA,dry-dry,188.3911114730106,450,204,8,0.21535021011652603,188.3911114730106,450,359,8,0.1970451795199789
AMARANTE,PONFERRADA,dry-wet,188.3911114730106,321,182,9,-0.2273026577352913,188.3911114730106,321,281,10,-0.2790787659238575
AMARANTE,PONFERRADA,wet-wet,188.3911114730106,314,138,5,0.3412333433016407,188.3911114730106,314,275,9,0.3534291297634425
AMARANTE,PORTO,dry-dry,51.081047811761934,801,388,7,0.18346846065451466,51.081047811761934,801,743,7,0.1541714565701445
AMARANTE,PORTO,dry-wet,51.081047811761934,499,324,10,-0.11649344707655777,51.081047811761934,499,424,9,-0.07270236135127621
AMARANTE,PORTO,wet-wet,51.081047811761934,463,267,7,0.061208085635304006,51.081047811761934,463,420,8,0.08780975928349168
AMARANTE,SORIA,dry-dry,468.41208759642063,560,268,10,0.38659812805145416,468.41208759642063,560,517,11,0.3532319403292219
AMARANTE,SORIA,dry-wet,468.41208759642063,322,140,9,-0.28605995426125047,468.41208759642063,322,268,13,-0.3216121383450237
AMARANTE,SORIA,wet-wet,468.41208759642063,288,170,7,0.30929548284214736,468.41208759642063,288,260,8,0.3219663388871989
AMARANTE,TARIFA,dry-dry,622.5347570287753,522,126,7,0.4065667731478666,622.5347570287753,522,492,13,0.29354615164652537
AMARANTE,TARIFA,dry-wet,622.5347570287753,378,101,7,-0.19389135776303915,622.5347570287753,378,328,17,-0.16960500043502671
AMARANTE,TARIFA,wet-wet,622.5347570287753,200,95,5,0.07310430384285936,622.5347570287753,200,167,7,0.09834680047486447
AMARANTE,TORREVIEJA,dry-dry,728.5825709497442,851,65,5,-0.13573397208922902,728.5825709497442,851,816,15,0.021243547991144317
AMARANTE,TORREVIEJA,dry-wet,728.5825709497442,733,155,11,-0.052695615976660615,728.5825709497442,733,707,21,0.003000596816814548
AMARANTE,TORREVIEJA,wet-wet,728.5825709497442,84,44,3,0.23470457891606603,728.5825709497442,84,65,4,0.15204879533108565
AMARANTE,VALENCIA,dry-dry,681.9591613928288,454,74,5,-0.0632077889461271,681.9591613928288,454,454,16,0.10039311870636569
AMARANTE,VALENCIA,dry-wet,681.9591613928288,437,117,9,-0.12904158323374082,681.9591613928288,437,394,21,-0.1280309373703889
AMARANTE,VALENCIA,wet-wet,681.9591613928288,120,54,3,-0.2652264078443452,681.9591613928288,120,111,6,-0.2113194481511213
AMARANTE,VANDELLOS,dry-dry,749.532595129377,757,168,11,0.20312795345979134,749.532595129377,757,757,16,0.1453110257880321
AMARANTE,VANDELLOS,dry-wet,749.532595129377,579,189,13,-0.12699718222042208,749.532595129377,579,533,20,-0.10717723497489155
AMARANTE,VANDELLOS,wet-wet,749.532595129377,152,84,5,0.1737597358448583,749.532595129377,152,132,6,0.06124601900383624
AMARANTE,VIMIANZO,dry-dry,214.43889743376576,626,253,11,0.15107769771668542,214.43889743376576,626,608,13,0.12176590067993727
AMARANTE,VIMIANZO,dry-wet,214.43889743376576,489,210,11,-0.15863198722276653,214.43889743376576,489,435,17,-0.19006594719140407
AMARANTE,VIMIANZO,wet-wet,214.43889743376576,524,239,12,0.18277594381643975,214.43889743376576,524,508,12,0.20796548822651537
AMARANTE,ZAMORA,dry-dry,196.65607083453096,649,322,14,0.28393706302638416,196.65607083453096,649,607,10,0.2796683453445338
AMARANTE,ZAMORA,dry-wet,196.65607083453096,376,172,9,-0.3291730073370975,196.65607083453096,376,339,13,-0.32993137587118965
AMARANTE,ZAMORA,wet-wet,196.65607083453096,272,133,5,0.18617414671460644,196.65607083453096,272,224,7,0.1704241119465527
ARANJUEZ,BARCELOS,dry-dry,456.94386740700327,396,64,4,0.36631445821004,456.94386740700327,396,350,11,0.35163711302710143
ARANJUEZ,BARCELOS,dry-wet,456.94386740700327,270,74,6,-0.10870896864696158,456.94386740700327,270,203,11,-0.27115148840063186
ARANJUEZ,BARCELOS,wet-wet,456.94386740700327,136,55,3,0.22001481721326063,456.94386740700327,136,119,6,0.11344900249811124
ARANJUEZ,BEJA,dry-dry,436.6998355189474,691,284,11,0.4622832561247973,436.6998355189474,691,676,14,0.4279841397295925
ARANJUEZ,BEJA,dry-wet,436.6998355189474,236,76,4,-0.09527597419481322,436.6998355189474,236,160,8,-0.23864262597804214
ARANJUEZ,BEJA,wet-wet,436.6998355189474,182,112,4,0.3299642713369236,436.6998355189474,182,167,6,0.3911088554962781
ARANJUEZ,BRAGANCA,dry-dry,330.7157646460867,682,225,10,0.22590214526837427,330.7157646460867,682,635,13,0.3276385665671062
ARANJUEZ,BRAGANCA,dry-wet,330.7157646460867,291,95,6,-0.21153717597508268,330.7157646460867,291,219,10,-0.21439021200039052
ARANJUEZ,BRAGANCA,wet-wet,330.7157646460867,197,139,6,0.42458158643222693,330.7157646460867,197,183,6,0.36684719836080326
ARANJUEZ,CADIZ,dry-dry,461.88355657159053,699,293,11,0.4440972689774759,461.88355657159053,699,657,12,0.5047253489612978
ARANJUEZ,CADIZ,dry-wet,461.88355657159053,230,97,7,-0.32325502791047234,461.88355657159053,230,176,10,-0.4102694182426693
ARANJUEZ,CADIZ,wet-wet,461.88355657159053,213,142,4,0.40281586627216487,461.88355657159053,213,185,5,0.3692160739422195
ARANJUEZ,CAMPDEVANOL,dry-dry,534.9047749260752,820,322,13,0.25203654443584,534.9047749260752,820,795,15,0.3718692732668182
ARANJUEZ,CAMPDEVANOL,dry-wet,534.9047749260752,319,153,10,-0.2401212463750994,534.9047749260752,319,276,14,-0.22998978149508653
ARANJUEZ,CAMPDEVANOL,wet-wet,534.9047749260752,193,146,5,0.29691426049599834,534.9047749260752,193,166,4,0.2793865123389971
ARANJUEZ,CUENCA,dry-dry,120.3397979196313,760,364,12,0.6181707189364167,120.3397979196313,760,748,13,0.6084474520425704
ARANJUEZ,CUENCA,dry-wet,120.3397979196313,213,87,6,-0.43538960766710855,120.3397979196313,213,161,9,-0.4337176565501279
ARANJUEZ,CUENCA,wet-wet,120.3397979196313,275,218,6,0.5240491261335788,120.3397979196313,275,257,6,0.5322438380434907
ARANJUEZ,DAROCA,dry-dry,214.66382762625304,756,338,15,0.6483132854177293,214.66382762625304,756,720,13,0.5903854423617715
ARANJUEZ,DAROCA,dry-wet,214.66382762625304,205,86,6,-0.30042368113803863,214.66382762625304,205,153,9,-0.3629376751764211
ARANJUEZ,DAROCA,wet-wet,214.66382762625304,203,156,4,0.34408636121639835,214.66382762625304,203,183,4,0.3193914349257961
ARANJUEZ,EXTREMO,dry-dry,463.58147248375593,360,59,4,0.3767554735557486,463.58147248375593,360,323,11,0.3174958289360369
ARANJUEZ,EXTREMO,dry-wet,463.58147248375593,296,60,5,-0.17844900303332142,463.58147248375593,296,240,14,-0.12746929143479468
ARANJUEZ,EXTREMO,wet-wet,463.58147248375593,131,44,2,-0.035006494584069056,463.58147248375593,131,108,6,-0.08476288257486397
ARANJUEZ,GETAFE,dry-dry,29.842957016008317,897,559,17,0.7923565791005746,29.842957016008317,897,870,11,0.7959429383382965
ARANJUEZ,GETAFE,dry-wet,29.842957016008317,122,27,2,-0.7990646907766563,29.842957016008317,122,64,4,-0.650187819128327
ARANJUEZ,GETAFE,wet-wet,29.842957016008317,275,226,4,0.6667130443238909,29.842957016008317,275,253,4,0.6710189714241347
ARANJUEZ,LORCA,dry-dry,312.81875602167975,912,197,9,0.13121971586813472,312.81875602167975,912,854,13,0.1768646157861961
ARANJUEZ,LORCA,dry-wet,312.81875602167975,353,97,7,-0.11876749764221967,312.81875602167975,353,302,13,-0.16143717661034507
ARANJUEZ,LORCA,wet-wet,312.81875602167975,118,74,3,0.366320643081057,312.81875602167975,118,98,4,0.23466125967649853
ARANJUEZ,MONTSERRAT,dry-dry,483.74183977122476,978,392,17,0.46686692625749554,483.74183977122476,978,954,15,0.43735844057652445
ARANJUEZ,MONTSERRAT,dry-wet,483.74183977122476,319,133,7,-0.2264754376303746,483.74183977122476,319,275,12,-0.25376840701699493
ARANJUEZ,MONTSERRAT,wet-wet,483.74183977122476,191,155,5,0.21350370446241607,483.74183977122476,191,169,4,0.24944946319875416
ARANJUEZ,OURENSE,dry-dry,439.5898363142306,500,135,7,0.13161591083516871,439.5898363142306,500,488,12,0.324017267842943
ARANJUEZ,OURENSE,dry-wet,439.5898363142306,329,136,10,-0.1466583068542755,439.5898363142306,329,280,13,-0.20166785404977983
ARANJUEZ,OURENSE,wet-wet,439.5898363142306,197,121,5,0.1626939216405822,439.5898363142306,197,178,6,0.17036168800685
ARANJUEZ,OVIEDO,dry-dry,413.3214453984977,507,160,8,0.1806998039127128,413.3214453984977,507,500,13,0.19849052825266977
ARANJUEZ,OVIEDO,dry-wet,413.3214453984977,460,158,10,-0.1236832860250384,413.3214453984977,460,410,15,-0.19506808838534326
ARANJUEZ,OVIEDO,wet-wet,413.3214453984977,203,132,5,-0.02491341349661112,413.3214453984977,203,184,6,0.016962554240797963
ARANJUEZ,PAMPLONA,dry-dry,344.72106708465105,612,257,14,0.5064474183256543,344.72106708465105,612,597,14,0.399079731545741
ARANJUEZ,PAMPLONA,dry-wet,344.72106708465105,344,121,8,-0.09884915755439265,344.72106708465105,344,298,15,-0.18173690968168385
ARANJUEZ,PAMPLONA,wet-wet,344.72106708465105,216,143,4,0.3138950273830986,344.72106708465105,216,188,5,0.2771322814870825
ARANJUEZ,PONFERRADA,dry-dry,376.975941051903,560,168,8,0.24064572518156435,376.975941051903,560,542,13,0.3220435213927169
ARANJUEZ,PONFERRADA,dry-wet,376.975941051903,343,123,8,-0.3094146032869828,376.975941051903,343,304,14,-0.32029634049809325
ARANJUEZ,PONFERRADA,wet-wet,376.975941051903,220,150,6,0.15205744540887406,376.975941051903,220,204,6,0.15376961361275726
ARANJUEZ,PORTO,dry-dry,451.91969297701263,588,160,8,0.13715349934741156,451.91969297701263,588,536,11,0.2659281855690776
ARANJUEZ,PORTO,dry-wet,451.91969297701263,374,151,11,-0.11421725927783156,451.91969297701263,374,303,13,-0.1145542547161494
ARANJUEZ,PORTO,wet-wet,451.91969297701263,194,112,5,0.2444211538092092,451.91969297701263,194,159,5,0.1909802356478037
ARANJUEZ,SORIA,dry-dry,209.8666537534825,620,296,11,0.6126618806088227,209.8666537534825,620,590,11,0.5800626971667926
ARANJUEZ,SORIA,dry-wet,209.8666537534825,222,83,5,-0.5547546886651492,209.8666537534825,222,153,7,-0.4419624383839523
ARANJUEZ,SORIA,wet-wet,209.8666537534825,235,189,6,0.4323810003442831,209.8666537534825,235,214,5,0.42667132671779545
ARANJUEZ,TARIFA,dry-dry,485.1795408589508,677,299,11,0.5661360006518722,485.1795408589508,677,671,15,0.5029892662287071
ARANJUEZ,TARIFA,dry-wet,485.1795408589508,219,84,6,-0.5088511732366126,485.1795408589508,219,179,11,-0.4523675335531993
ARANJUEZ,TARIFA,wet-wet,485.1795408589508,208,147,5,0.287045377437149,485.1795408589508,208,179,5,0.2800027116973234
ARANJUEZ,TORREVIEJA,dry-dry,337.60440912071414,734,99,7,0.1973471885952232,337.60440912071414,734,708,15,0.18828225294488166
ARANJUEZ,TORREVIEJA,dry-wet,337.60440912071414,283,44,3,-0.11114288687887365,337.60440912071414,283,219,10,-0.11183279373869694
ARANJUEZ,TORREVIEJA,wet-wet,337.60440912071414,79,44,2,0.2673473737832226,337.60440912071414,79,63,3,0.2395272941575896
ARANJUEZ,VALENCIA,dry-dry,279.4178733912003,692,234,11,0.13365332715926675,279.4178733912003,692,667,15,0.2729868740517417
ARANJUEZ,VALENCIA,dry-wet,279.4178733912003,310,121,8,-0.1372598768252128,279.4178733912003,310,276,14,-0.19653928482210883
ARANJUEZ,VALENCIA,wet-wet,279.4178733912003,150,106,4,0.2700875733165806,279.4178733912003,150,132,4,0.2977393318039676
ARANJUEZ,VANDELLOS,dry-dry,386.29498057401196,799,153,7,0.3987914222355004,386.29498057401196,799,799,16,0.3699068482279838
ARANJUEZ,VANDELLOS,dry-wet,386.29498057401196,275,116,8,-0.13853039018125943,386.29498057401196,275,244,12,-0.22116027088791618
ARANJUEZ,VANDELLOS,wet-wet,386.29498057401196,126,85,3,0.09519618455626566,386.29498057401196,126,112,4,0.13309285453739036
ARANJUEZ,VIMIANZO,dry-dry,565.5182139725509,596,178,11,-0.009268266559717077,565.5182139725509,596,562,13,0.1406950346637579
ARANJUEZ,VIMIANZO,dry-wet,565.5182139725509,640,204,13,-0.12506669801810316,565.5182139725509,640,607,20,-0.19384200390913167
ARANJUEZ,VIMIANZO,wet-wet,565.5182139725509,286,154,8,-0.05203255746706317,565.5182139725509,286,271,8,-0.04855392189056488
ARANJUEZ,ZAMORA,dry-dry,244.76945615902187,846,375,12,0.46231291795291807,244.76945615902187,846,772,12,0.485543067041517
ARANJUEZ,ZAMORA,dry-wet,244.76945615902187,266,102,7,-0.47196610634639913,244.76945615902187,266,206,10,-0.44612960268196483
ARANJUEZ,ZAMORA,wet-wet,244.76945615902187,229,158,5,0.4277735948750145,244.76945615902187,229,203,5,0.41895033202388704
BARCELOS,BEJA,dry-dry,394.9462144858965,761,246,12,0.2954979331779098,394.9462144858965,761,711,12,0.24339779641619538
BARCELOS,BEJA,dry-wet,394.9462144858965,508,202,12,-0.2115497019831565,394.9462144858965,508,445,16,-0.2171227802230214
BARCELOS,BEJA,wet-wet,394.9462144858965,286,144,7,0.1079426717510557,394.9462144858965,286,242,8,0.031759016181370794
BARCELOS,BRAGANCA,dry-dry,158.84068706909179,808,384,13,0.24564247993716884,158.84068706909179,808,772,10,0.2449056531268587
BARCELOS,BRAGANCA,dry-wet,158.84068706909179,459,249,11,-0.1777253092669892,158.84068706909179,459,412,14,-0.18738191077866884
BARCELOS,BRAGANCA,wet-wet,158.84068706909179,395,214,8,0.16144539844670677,158.84068706909179,395,340,9,0.11180355631927931
BARCELOS,CADIZ,dry-dry,595.3643399439889,397,94,6,0.27149887492439473,595.3643399439889,397,367,12,0.21064536208789622
BARCELOS,CADIZ,dry-wet,595.3643399439889,342,83,6,-0.3108673614922552,595.3643399439889,342,244,12,-0.21713982474671584
BARCELOS,CADIZ,wet-wet,595.3643399439889,182,78,4,0.2542411455043296,595.3643399439889,182,158,7,0.2611076488987222
BARCELOS,CAMPDEVANOL,dry-dry,895.7864620392419,643,235,13,0.2149180196275336,895.7864620392419,643,643,16,0.20897271364191028
BARCELOS,CAMPDEVANOL,dry-wet,895.7864620392419,508,202,15,-0.12558748499603722,895.7864620392419,508,461,20,-0.18910584190539834
BARCELOS,CAMPDEVANOL,wet-wet,895.7864620392419,220,121,5,0.24797739496816176,895.7864620392419,220,200,7,0.13683614467579316
BARCELOS,CUENCA,dry-dry,569.6889276503039,662,192,10,0.30698007970163477,569.6889276503039,662,662,16,0.30016222259724146
BARCELOS,CUENCA,dry-wet,569.6889276503039,466,191,13,-0.2242328872662688,569.6889276503039,466,407,16,-0.23846795876800891
BARCELOS,CUENCA,wet-wet,569.6889276503039,271,142,6,0.13902411003661244,569.6889276503039,271,229,7,0.18357966039280338
BARCELOS,DAROCA,dry-dry,603.6694309161289,520,133,7,0.24580749781185232,603.6694309161289,520,520,16,0.263436837221725
BARCELOS,DAROCA,dry-wet,603.6694309161289,403,132,9,-0.10161856952786112,603.6694309161289,403,357,17,-0.1608500044587724
BARCELOS,DAROCA,wet-wet,603.6694309161289,197,98,5,0.2098056051216993,603.6694309161289,197,171,6,0.13620116132278925
BARCELOS,EXTREMO,dry-dry,49.40102682945533,844,533,16,0.7465507429559617,49.40102682945533,844,823,11,0.7347215420011348
BARCELOS,EXTREMO,dry-wet,49.40102682945533,193,60,5,-0.6938923974613357,49.40102682945533,193,135,9,-0.6375471573345194
BARCELOS,EXTREMO,wet-wet,49.40102682945533,636,440,11,0.6662410849230532,49.40102682945533,636,604,10,0.6651943064192755
BARCELOS,GETAFE,dry-dry,433.6385065645445,459,110,6,0.25669786669258193,433.6385065645445,459,413,11,0.29350018251322785
BARCELOS,GETAFE,dry-wet,433.6385065645445,365,117,7,-0.20760028210125778,433.6385065645445,365,317,15,-0.20291917425746955
BARCELOS,GETAFE,wet-wet,433.6385065645445,190,65,2,0.1456849686764993,433.6385065645445,190,143,5,0.13467348946189175
BARCELOS,LORCA,dry-dry,733.4979004425483,633,37,3,0.06313875031905611,733.4979004425483,633,592,14,0.027681113193306562
BARCELOS,LORCA,dry-wet,733.4979004425483,590,105,8,0.08381169837217071,733.4979004425483,590,557,20,-0.0009588083018414337
BARCELOS,LORCA,wet-wet,733.4979004425483,72,43,3,-0.20462179938924127,733.4979004425483,72,43,2,-0.2635310995434114
BARCELOS,MONTSERRAT,dry-dry,869.679214214432,651,198,11,0.21945411003153073,869.679214214432,651,634,14,0.24956591398499353
BARCELOS,MONTSERRAT,dry-wet,869.679214214432,495,142,9,-0.2736926413137527,869.679214214432,495,453,20,-0.13911487089029317
BARCELOS,MONTSERRAT,wet-wet,869.679214214432,181,112,5,0.042937478218238755,869.679214214432,181,174,7,0.09796020497671773
BARCELOS,OURENSE,dry-dry,108.51603210141234,396,240,9,0.3545745208395281,108.51603210141234,396,363,7,0.4397577029931065
BARCELOS,OURENSE,dry-wet,108.51603210141234,252,112,5,-0.30424496060443723,108.51603210141234,252,206,8,-0.21084233895320098
BARCELOS,OURENSE,wet-wet,108.51603210141234,306,156,5,0.2620647442011088,108.51603210141234,306,257,7,0.27688688210095314
BARCELOS,OVIEDO,dry-dry,303.03775372150017,481,182,8,0.3126113225785302,303.03775372150017,481,463,13,0.3303699394126276
BARCELOS,OVIEDO,dry-wet,303.03775372150017,431,182,9,-0.22514795107730007,303.03775372150017,431,359,15,-0.23113610396145878
BARCELOS,OVIEDO,wet-wet,303.03775372150017,345,181,8,0.09673606362790546,303.03775372150017,345,323,11,0.13902602242866005
BARCELOS,PAMPLONA,dry-dry,592.6994498625564,352,158,8,0.42940727920239036,592.6994498625564,352,321,12,0.3735719824785618
BARCELOS,PAMPLONA,dry-wet,592.6994498625564,280,93,6,-0.4647736628397347,592.6994498625564,280,221,13,-0.24450608109936062
BARCELOS,PAMPLONA,wet-wet,592.6994498625564,257,131,6,0.06787913570736759,592.6994498625564,257,235,9,0.15385236939916108
BARCELOS,PONFERRADA,dry-dry,202.54991121436774,422,238,8,0.3043505503088639,202.54991121436774,422,358,7,0.44814523240643084
BARCELOS,PONFERRADA,dry-wet,202.54991121436774,275,145,7,-0.38237858252040186,202.54991121436774,275,215,8,-0.36678197726449024
BARCELOS,PONFERRADA,wet-wet,202.54991121436774,308,154,5,0.14419145136530084,202.54991121436774,308,289,10,0.22010269856982329
BARCELOS,PORTO,dry-dry,33.53848022189384,776,456,11,0.277746319737748,33.53848022189384,776,736,8,0.24944155463026324
BARCELOS,PORTO,dry-wet,33.53848022189384,452,319,11,-0.11334684529328128,33.53848022189384,452,399,9,-0.12247924711869745
BARCELOS,PORTO,wet-wet,33.53848022189384,457,226,5,0.14135976183203486,33.53848022189384,457,416,8,0.11917640340666948
BARCELOS,SORIA,dry-dry,510.47595095847004,516,190,9,0.47130876759332313,510.47595095847004,516,498,13,0.36855737083874557
BARCELOS,SORIA,dry-wet,510.47595095847004,307,126,8,-0.26111913355341115,510.47595095847004,307,258,13,-0.3255590231873459
BARCELOS,SORIA,wet-wet,510.47595095847004,268,141,6,0.2423977884525088,510.47595095847004,268,235,7,0.21756449723731822
BARCELOS,TARIFA,dry-dry,666.8113288261869,469,73,5,0.34465815210301326,666.8113288261869,469,390,11,0.2408431337107144
BARCELOS,TARIFA,dry-wet,666.8113288261869,383,92,6,-0.13978883766204905,666.8113288261869,383,297,14,-0.17406293722185517
BARCELOS,TARIFA,wet-wet,666.8113288261869,176,79,5,0.01192323379294728,666.8113288261869,176,146,7,0.08703540636898245
BARCELOS,TORREVIEJA,dry-dry,782.6215615097669,752,99,8,0.03750089352705586,782.6215615097669,752,752,16,0.02386888558620612
BARCELOS,TORREVIEJA,dry-wet,782.6215615097669,721,138,9,-0.012692738038567918,782.6215615097669,721,676,18,-0.005126553692257807
BARCELOS,TORREVIEJA,wet-wet,782.6215615097669,80,42,3,-0.0724424383844484,782.6215615097669,80,54,3,-0.04308613889670102
BARCELOS,VALENCIA,dry-dry,733.7072218600883,419,84,6,0.049910617813580714,733.7072218600883,419,419,16,0.03323674243442141
BARCELOS,VALENCIA,dry-wet,733.7072218600883,428,122,9,-0.12504404521902412,733.7072218600883,428,378,19,-0.08121399966953152
BARCELOS,VALENCIA,wet-wet,733.7072218600883,109,49,3,-0.13235880319016322,733.7072218600883,109,91,5,-0.19384119713007075
BARCELOS,VANDELLOS,dry-dry,795.6777500992627,706,144,9,0.17669276044391846,795.6777500992627,706,680,14,0.18714143806681124
BARCELOS,VANDELLOS,dry-wet,795.6777500992627,596,149,10,-0.024223156209095383,795.6777500992627,596,526,18,-0.05476537528553421
BARCELOS,VANDELLOS,wet-wet,795.6777500992627,149,84,5,0.1339803389188537,795.6777500992627,149,131,6,0.08233154449690576
BARCELOS,VIMIANZO,dry-dry,173.4419829726839,577,193,7,0.3185739160320692,173.4419829726839,577,564,13,0.28273019645891423
BARCELOS,VIMIANZO,dry-wet,173.4419829726839,431,188,11,-0.27577077479354506,173.4419829726839,431,374,15,-0.25054755600862516
BARCELOS,VIMIANZO,wet-wet,173.4419829726839,517,266,11,0.19366135875942397,173.4419829726839,517,493,11,0.15851487878494344
BARCELOS,ZAMORA,dry-dry,240.12680160839145,573,223,10,0.405073915000667,240.12680160839145,573,556,13,0.3850795126949276
BARCELOS,ZAMORA,dry-wet,240.12680160839145,367,163,9,-0.2600647533000265,240.12680160839145,367,322,14,-0.18831669501837173
BARCELOS,ZAMORA,wet-wet,240.12680160839145,249,120,4,0.10603894939439824,240.12680160839145,249,185,6,0.09626238989187119
BEJA,BRAGANCA,dry-dry,430.8607385181245,1378,613,22,0.4887149445373381,430.8607385181245,1378,1378,16,0.4857162365517037
BEJA,BRAGANCA,dry-wet,430.8607385181245,474,254,15,-0.27279134148503303,430.8607385181245,474,422,15,-0.3247261643653907
BEJA,BRAGANCA,wet-wet,430.8607385181245,434,311,9,0.45286153578660593,430.8607385181245,434,404,9,0.4351248450261279
BEJA,CADIZ,dry-dry,221.52310477604246,864,414,13,0.5808143970503789,221.52310477604246,864,843,13,0.579552984504229
BEJA,CADIZ,dry-wet,221.52310477604246,237,114,7,-0.3285179013187714,221.52310477604246,237,179,9,-0.33683421453245094
BEJA,CADIZ,wet-wet,221.52310477604246,277,193,6,0.3795808537962084,221.52310477604246,277,242,6,0.3990231379540229
BEJA,CAMPDEVANOL,dry-dry,971.5264098324253,993,353,15,0.25689003754223877,971.5264098324253,993,993,16,0.21383139312519592
BEJA,CAMPDEVANOL,dry-wet,971.5264098324253,553,241,12,-0.08016317450430513,971.5264098324253,553,505,18,-0.11310726039417589
BEJA,CAMPDEVANOL,wet-wet,971.5264098324253,207,146,5,0.19072003504828813,971.5264098324253,207,190,6,0.17099240437358296
BEJA,CUENCA,dry-dry,544.681595978789,1134,526,20,0.4175615431582845,544.681595978789,1134,1134,16,0.3737981141318179
BEJA,CUENCA,dry-wet,544.681595978789,455,224,11,-0.1247482574265846,544.681595978789,455,426,17,-0.2269775474740351
BEJA,CUENCA,wet-wet,544.681595978789,319,206,6,0.19100843236214157,544.681595978789,319,299,9,0.21732432600626098
BEJA,DAROCA,dry-dry,651.0787517022701,905,331,14,0.0940579908419009,651.0787517022701,905,889,15,0.1473085026832947
BEJA,DAROCA,dry-wet,651.0787517022701,455,236,13,-0.18983867147184175,651.0787517022701,455,423,17,-0.2078419453932557
BEJA,DAROCA,wet-wet,651.0787517022701,201,128,5,0.022567544734146606,651.0787517022701,201,177,6,0.04993230803719327
BEJA,EXTREMO,dry-dry,440.49324693578575,719,189,10,0.2609353183073306,440.49324693578575,719,681,12,0.19509667899970354
BEJA,EXTREMO,dry-wet,440.49324693578575,539,229,15,-0.16696719989965628,440.49324693578575,539,518,21,-0.20882703388495477
BEJA,EXTREMO,wet-wet,440.49324693578575,290,122,6,0.021357371605563544,440.49324693578575,290,250,9,0.07857019176712458
BEJA,GETAFE,dry-dry,437.6679412323377,971,494,16,0.49688811259280885,437.6679412323377,971,922,14,0.507402622825135
BEJA,GETAFE,dry-wet,437.6679412323377,266,116,7,-0.2380712336236297,437.6679412323377,266,220,11,-0.4091327272188247
BEJA,GETAFE,wet-wet,437.6679412323377,264,197,6,0.4773921082587683,437.6679412323377,264,239,6,0.4393108311386408
BEJA,LORCA,dry-dry,544.1541780990365,1208,223,12,0.06094854802068633,544.1541780990365,1208,1208,16,0.030497642000576707
BEJA,LORCA,dry-wet,544.1541780990365,555,223,14,0.0034610747032753674,544.1541780990365,555,517,18,-0.06070369935912953
BEJA,LORCA,wet-wet,544.1541780990365,114,57,2,0.07733413235040025,544.1541780990365,114,98,5,0.13323059280988436
BEJA,MONTSERRAT,dry-dry,918.3970126546851,1131,389,18,0.1580197802655981,918.3970126546851,1131,1131,16,0.14282698174874373
BEJA,MONTSERRAT,dry-wet,918.3970126546851,538,263,14,-0.21569877761926365,918.3970126546851,538,499,18,-0.2084957754558641
BEJA,MONTSERRAT,wet-wet,918.3970126546851,176,125,5,0.054735506842265094,918.3970126546851,176,158,5,0.03553770325506593
BEJA,OURENSE,dry-dry,478.10838148272,695,260,13,0.2943019040241718,478.10838148272,695,688,15,0.36208978374413847
BEJA,OURENSE,dry-wet,478.10838148272,408,175,11,-0.3173396775055619,478.10838148272,408,347,14,-0.33635113689670215
BEJA,OURENSE,wet-wet,478.10838148272,313,195,7,0.23499092318669954,478.10838148272,313,283,8,0.16084696162406079
BEJA,OVIEDO,dry-dry,615.7044529368845,792,333,16,0.24009760822400183,615.7044529368845,792,764,13,0.18344311010923797
BEJA,OVIEDO,dry-wet,615.7044529368845,720,322,17,-0.13584162937204045,615.7044529368845,720,685,20,-0.12883687079782524
BEJA,OVIEDO,wet-wet,615.7044529368845,271,167,6,0.01778276599229258,615.7044529368845,271,247,8,0.059733500292951894
BEJA,PAMPLONA,dry-dry,749.236086638974,710,297,16,0.18001502361943345,749.236086638974,710,704,15,0.23437763291212643
BEJA,PAMPLONA,dry-wet,749.236086638974,521,237,14,-0.10264076380972845,749.236086638974,521,477,18,-0.11301543239876062
BEJA,PAMPLONA,wet-wet,749.236086638974,230,143,5,0.18328597848163347,749.236086638974,230,207,7,0.10131951599830205
BEJA,PONFERRADA,dry-dry,515.9345422390563,828,336,15,0.45539822688826026,515.9345422390563,828,821,15,0.3835888173828451
BEJA,PONFERRADA,dry-wet,515.9345422390563,411,196,12,-0.32460050669669516,515.9345422390563,411,364,15,-0.31221994679799564
BEJA,PONFERRADA,wet-wet,515.9345422390563,312,198,6,0.3015592019823546,515.9345422390563,312,288,8,0.30820577605680977
BEJA,PORTO,dry-dry,363.21670264981594,1197,470,18,0.3546017706620096,363.21670264981594,1197,1197,16,0.4001098252086755
BEJA,PORTO,dry-wet,363.21670264981594,597,252,13,-0.34497494606835366,363.21670264981594,597,552,20,-0.2992257977869519
BEJA,PORTO,wet-wet,363.21670264981594,439,282,8,0.2977737792266885,363.21670264981594,439,411,10,0.3028765150737857
BEJA,SORIA,dry-dry,620.0440291830206,862,413,16,0.30108667056766947,620.0440291830206,862,847,14,0.3290244821173895
BEJA,SORIA,dry-wet,620.0440291830206,378,195,11,-0.2906431014398623,620.0440291830206,378,325,13,-0.27856310882949525
BEJA,SORIA,wet-wet,620.0440291830206,284,189,6,0.32035018965949924,620.0440291830206,284,261,8,0.34261169695045746
BEJA,TARIFA,dry-dry,300.94700188637086,921,436,17,0.43906549112036236,300.94700188637086,921,835,12,0.37689511337988396
BEJA,TARIFA,dry-wet,300.94700188637086,311,128,6,-0.2034920039116581,300.94700188637086,311,263,12,-0.21060240378925704
BEJA,TARIFA,wet-wet,300.94700188637086,241,147,4,0.43353874773766365,300.94700188637086,241,196,5,0.44358250232179014
BEJA,TORREVIEJA,dry-dry,626.9216009737157,1413,257,14,0.025732918619237953,626.9216009737157,1413,1413,16,0.026686203942058687
BEJA,TORREVIEJA,dry-wet,626.9216009737157,638,231,13,-0.10576148069315783,626.9216009737157,638,594,18,-0.015250657453167999
BEJA,TORREVIEJA,wet-wet,626.9216009737157,113,61,3,0.2715328475978397,626.9216009737157,113,88,4,0.2574600508118035
BEJA,VALENCIA,dry-dry,670.0089442478595,853,193,10,0.046623442851834736,670.0089442478595,853,853,16,0.07785817500919295
BEJA,VALENCIA,dry-wet,670.0089442478595,457,184,11,-0.13965776384856288,670.0089442478595,457,410,17,-0.15509091808653094
BEJA,VALENCIA,wet-wet,670.0089442478595,146,86,3,-0.09445683024468064,670.0089442478595,146,129,5,0.01790209770757281
BEJA,VANDELLOS,dry-dry,817.1787164831283,1033,211,11,0.08008366613859197,817.1787164831283,1033,1033,16,0.09359272133347829
BEJA,VANDELLOS,dry-wet,817.1787164831283,479,177,9,-0.17477134479922748,817.1787164831283,479,440,17,-0.1159054939034926
BEJA,VANDELLOS,wet-wet,817.1787164831283,145,93,5,0.08289778395737041,817.1787164831283,145,126,5,0.09702548341672167
BEJA,VIMIANZO,dry-dry,568.3203927006623,819,260,13,0.1991415281232581,568.3203927006623,819,819,16,0.17252929102464984
BEJA,VIMIANZO,dry-wet,568.3203927006623,867,355,21,-0.19026197632242284,568.3203927006623,867,828,22,-0.18787657499602603
BEJA,VIMIANZO,wet-wet,568.3203927006623,415,225,10,0.15220287874899793,568.3203927006623,415,363,10,0.17967890059391875
BEJA,ZAMORA,dry-dry,428.66901235196895,1126,614,19,0.5260603157308705,428.66901235196895,1126,1114,15,0.5020054980653962
BEJA,ZAMORA,dry-wet,428.66901235196895,344,156,9,-0.3596721397627262,428.66901235196895,344,286,13,-0.3426722613161667
BEJA,ZAMORA,wet-wet,428.66901235196895,321,235,7,0.4466247384290526,428.66901235196895,321,283,6,0.4679039788328481
BRAGANCA,CADIZ,dry-dry,591.2441421173287,736,217,9,0.18070848117773938,591.2441421173287,736,736,16,0.22292235458729207
BRAGANCA,CADIZ,dry-wet,591.2441421173287,374,165,11,-0.09414030527579868,591.2441421173287,374,321,14,-0.2255829581725104
BRAGANCA,CADIZ,wet-wet,591.2441421173287,260,156,6,0.315443190139393,591.2441421173287,260,236,9,0.31438879420977006
BRAGANCA,CAMPDEVANOL,dry-dry,737.2338559609224,975,358,16,0.06223094220358768,737.2338559609224,975,975,16,0.10493612700221054
BRAGANCA,CAMPDEVANOL,dry-wet,737.2338559609224,673,350,18,-0.012646830446463671,737.2338559609224,673,632,20,-0.07476414331883031
BRAGANCA,CAMPDEVANOL,wet-wet,737.2338559609224,244,178,7,0.04154985024160957,737.2338559609224,244,222,6,0.03705792076048782
BRAGANCA,CUENCA,dry-dry,432.7158669303208,1086,385,15,0.2515433928095679,432.7158669303208,1086,1086,16,0.23449128660305435
BRAGANCA,CUENCA,dry-wet,432.7158669303208,541,293,15,-0.08679201422608082,432.7158669303208,541,526,19,-0.17712322830062735
BRAGANCA,CUENCA,wet-wet,432.7158669303208,353,237,7,0.247032349687253,432.7158669303208,353,308,7,0.2662349221528363
BRAGANCA,DAROCA,dry-dry,450.87818508278497,932,402,17,0.18737396054141325,450.87818508278497,932,932,16,0.15511718130642715
BRAGANCA,DAROCA,dry-wet,450.87818508278497,506,250,13,-0.12370498587571888,450.87818508278497,506,461,17,-0.1573631938158509
BRAGANCA,DAROCA,wet-wet,450.87818508278497,244,163,6,0.08922796691194526,450.87818508278497,244,220,6,0.0811220425221915
BRAGANCA,EXTREMO,dry-dry,144.04718332264275,776,343,12,0.3768877101491654,144.04718332264275,776,751,11,0.3131549701187651
BRAGANCA,EXTREMO,dry-wet,144.04718332264275,462,239,12,-0.28265987071916693,144.04718332264275,462,405,14,-0.27154406978998114
BRAGANCA,EXTREMO,wet-wet,144.04718332264275,416,188,7,0.08320681116961408,144.04718332264275,416,383,11,0.09169149551043979
BRAGANCA,GETAFE,dry-dry,303.51700722728503,923,367,15,0.4614644959325748,303.51700722728503,923,916,15,0.3799642050744173
BRAGANCA,GETAFE,dry-wet,303.51700722728503,361,177,10,-0.24432972385431528,303.51700722728503,361,308,12,-0.25652152709966347
BRAGANCA,GETAFE,wet-wet,303.51700722728503,286,208,7,0.30275221661648133,303.51700722728503,286,260,7,0.2867471566914915
BRAGANCA,LORCA,dry-dry,632.034788008791,1145,175,11,-0.12494223893441823,632.034788008791,1145,1145,16,-0.026711954252354918
BRAGANCA,LORCA,dry-wet,632.034788008791,741,234,14,0.1283944810163626,632.034788008791,741,627,18,0.06098698693982487
BRAGANCA,LORCA,wet-wet,632.034788008791,89,54,3,-0.2868525563936287,632.034788008791,89,64,3,-0.35827837771342086
BRAGANCA,MONTSERRAT,dry-dry,712.5915308846161,1122,378,19,0.18248998165958916,712.5915308846161,1122,1101,15,0.1506597498896342
BRAGANCA,MONTSERRAT,dry-wet,712.5915308846161,663,345,17,-0.060066165522289876,712.5915308846161,663,613,19,-0.07594461209431974
BRAGANCA,MONTSERRAT,wet-wet,712.5915308846161,205,143,6,-0.042503962664703854,712.5915308846161,205,190,6,-0.04357399599635922
BRAGANCA,OURENSE,dry-dry,108.92866052224846,788,474,15,0.6880555085054504,108.92866052224846,788,776,12,0.670831727577918
BRAGANCA,OURENSE,dry-wet,108.92866052224846,217,97,7,-0.49159389041746715,108.92866052224846,217,158,8,-0.589043134010678
BRAGANCA,OURENSE,wet-wet,108.92866052224846,481,360,12,0.5474495973139343,108.92866052224846,481,462,10,0.5326853619733346
BRAGANCA,OVIEDO,dry-dry,186.4182409514349,885,486,22,0.4623172220445653,186.4182409514349,885,863,12,0.42156479167519395
BRAGANCA,OVIEDO,dry-wet,186.4182409514349,605,300,17,-0.28119976643497185,186.4182409514349,605,565,19,-0.24742479765541533
BRAGANCA,OVIEDO,wet-wet,186.4182409514349,429,304,10,0.16566298432207938,186.4182409514349,429,406,10,0.14158917443284724
BRAGANCA,PAMPLONA,dry-dry,434.5720584909428,746,321,13,0.4258590450841178,434.5720584909428,746,734,14,0.3127744044084785
BRAGANCA,PAMPLONA,dry-wet,434.5720584909428,504,227,11,-0.06374454514623268,434.5720584909428,504,468,19,-0.07929688209372882
BRAGANCA,PAMPLONA,wet-wet,434.5720584909428,317,222,8,0.19507015923926668,434.5720584909428,317,294,8,0.17633683856451188
BRAGANCA,PONFERRADA,dry-dry,85.38430983920601,928,611,15,0.7749139007763869,85.38430983920601,928,891,9,0.7559936152512128
BRAGANCA,PONFERRADA,dry-wet,85.38430983920601,200,88,6,-0.6783230026293343,85.38430983920601,200,161,9,-0.6884391586293506
BRAGANCA,PONFERRADA,wet-wet,85.38430983920601,517,372,9,0.5848169877443669,85.38430983920601,517,456,7,0.5795515022787157
BRAGANCA,PORTO,dry-dry,173.2717078252005,1357,800,19,0.6732825238396073,173.2717078252005,1357,1343,13,0.663324235209567
BRAGANCA,PORTO,dry-wet,173.2717078252005,366,170,9,-0.5655057245987813,173.2717078252005,366,314,12,-0.5024583635170022
BRAGANCA,PORTO,wet-wet,173.2717078252005,671,451,11,0.531243810042703,173.2717078252005,671,647,12,0.5580903010739012
BRAGANCA,SORIA,dry-dry,353.1398767564946,895,450,14,0.4629273308713071,353.1398767564946,895,870,13,0.39962450498545643
BRAGANCA,SORIA,dry-wet,353.1398767564946,380,201,11,-0.20573800546331378,353.1398767564946,380,326,14,-0.2931730918614107
BRAGANCA,SORIA,wet-wet,353.1398767564946,357,246,8,0.34397858644656915,353.1398767564946,357,333,8,0.3216602183188318
BRAGANCA,TARIFA,dry-dry,651.3030041168986,814,225,10,0.22962830272249718,651.3030041168986,814,795,15,0.14450629665299672
BRAGANCA,TARIFA,dry-wet,651.3030041168986,452,187,11,-0.08144396105890687,651.3030041168986,452,391,16,-0.13931696500974117
BRAGANCA,TARIFA,wet-wet,651.3030041168986,230,141,7,0.2836901099936102,651.3030041168986,230,197,7,0.1954932209401668
BRAGANCA,TORREVIEJA,dry-dry,667.4514050425146,1305,166,10,-0.05875540341342607,667.4514050425146,1305,1305,16,-0.034702749644600836
BRAGANCA,TORREVIEJA,dry-wet,667.4514050425146,848,296,17,0.09535649076313533,667.4514050425146,848,798,19,0.049925917248038035
BRAGANCA,TORREVIEJA,wet-wet,667.4514050425146,93,48,3,0.08386727529450382,667.4514050425146,93,73,4,-0.09588510502644004
BRAGANCA,VALENCIA,dry-dry,596.5755591706245,819,156,8,0.04414145847885298,596.5755591706245,819,768,15,0.11294107433994967
BRAGANCA,VALENCIA,dry-wet,596.5755591706245,604,247,13,0.03678452234043657,596.5755591706245,604,562,20,0.03351871910231107
BRAGANCA,VALENCIA,wet-wet,596.5755591706245,133,69,3,-0.004501983067708624,596.5755591706245,133,115,5,-0.03513566955440325
BRAGANCA,VANDELLOS,dry-dry,641.9702702886015,998,248,12,0.23824306232826625,641.9702702886015,998,982,15,0.17178068710737257
BRAGANCA,VANDELLOS,dry-wet,641.9702702886015,579,237,13,-0.0515844650675046,641.9702702886015,579,529,18,-0.060024172533820655
BRAGANCA,VANDELLOS,wet-wet,641.9702702886015,171,98,4,0.15775403399622911,641.9702702886015,171,155,6,0.1388883738407476
BRAGANCA,VIMIANZO,dry-dry,234.93580978932752,940,397,16,0.3436347132825167,234.93580978932752,940,919,13,0.33936073732027283
BRAGANCA,VIMIANZO,dry-wet,234.93580978932752,671,326,20,-0.3257256869812729,234.93580978932752,671,652,21,-0.33474073369138957
BRAGANCA,VIMIANZO,wet-wet,234.93580978932752,628,359,13,0.2889576468563301,234.93580978932752,628,621,13,0.2708538559980385
BRAGANCA,ZAMORA,dry-dry,89.6056573567959,1219,777,22,0.6144159252587302,89.6056573567959,1219,1199,13,0.6331470075064208
BRAGANCA,ZAMORA,dry-wet,89.6056573567959,271,134,8,-0.5221957087202954,89.6056573567959,271,221,10,-0.52819308490402
BRAGANCA,ZAMORA,wet-wet,89.6056573567959,437,325,7,0.5842776895925536,89.6056573567959,437,413,8,0.5832488543412738
CADIZ,CAMPDEVANOL,dry-dry,963.2819400725859,898,315,13,0.22873047088716897,963.2819400725859,898,898,16,0.2561117263109589
CADIZ,CAMPDEVANOL,dry-wet,963.2819400725859,449,186,11,-0.16951108659833394,963.2819400725859,449,407,17,-0.16982168779465093
CADIZ,CAMPDEVANOL,wet-wet,963.2819400725859,218,162,6,0.13296287243730928,963.2819400725859,218,198,6,0.18283953821669818
CADIZ,CUENCA,dry-dry,535.6507685530933,929,433,16,0.5033042648960119,535.6507685530933,929,929,16,0.48890093307191684
CADIZ,CUENCA,dry-wet,535.6507685530933,350,143,8,-0.3759320017001238,535.6507685530933,350,315,15,-0.39252431007029454
CADIZ,CUENCA,wet-wet,535.6507685530933,320,220,6,0.2586170103715241,535.6507685530933,320,300,8,0.2727813305910197
CADIZ,DAROCA,dry-dry,662.9000222460407,791,313,14,0.4192552011942584,662.9000222460407,791,757,14,0.39867880544017853
CADIZ,DAROCA,dry-wet,662.9000222460407,328,125,8,-0.2829779080275765,662.9000222460407,328,306,16,-0.24276144667563546
CADIZ,DAROCA,wet-wet,662.9000222460407,219,142,4,0.33434730012330705,662.9000222460407,219,185,5,0.2985938084478056
CADIZ,EXTREMO,dry-dry,636.3172506741432,367,53,3,0.14527036230609272,636.3172506741432,367,321,11,0.17184277534010825
CADIZ,EXTREMO,dry-wet,636.3172506741432,366,82,6,-0.17844034827880859,636.3172506741432,366,313,16,-0.13938658551201671
CADIZ,EXTREMO,wet-wet,636.3172506741432,181,65,4,0.2635733156328851,636.3172506741432,181,149,7,0.1946134395515976
CADIZ,GETAFE,dry-dry,476.75290326913614,997,485,15,0.6021684474987574,476.75290326913614,997,988,15,0.5362533893559149
CADIZ,GETAFE,dry-wet,476.75290326913614,247,107,8,-0.34626728751762825,476.75290326913614,247,216,12,-0.4018016937112351
CADIZ,GETAFE,wet-wet,476.75290326913614,276,201,6,0.4802180071916042,476.75290326913614,276,251,6,0.5135756621363203
CADIZ,LORCA,dry-dry,425.2960461605942,1095,262,13,0.25343499512355105,425.2960461605942,1095,1095,16,0.20797336762266974
CADIZ,LORCA,dry-wet,425.2960461605942,427,137,9,-0.2537631856211165,425.2960461605942,427,395,16,-0.21452347350928747
CADIZ,LORCA,wet-wet,425.2960461605942,146,92,3,0.07029887763708684,425.2960461605942,146,129,5,0.0695306979370331
CADIZ,MONTSERRAT,dry-dry,899.2086026396215,1089,354,16,0.30133984622618576,899.2086026396215,1089,1089,16,0.2642468154333147
CADIZ,MONTSERRAT,dry-wet,899.2086026396215,442,178,10,-0.1443418057100927,899.2086026396215,442,420,17,-0.20393492171724345
CADIZ,MONTSERRAT,wet-wet,899.2086026396215,207,154,5,0.2896911812926608,899.2086026396215,207,179,4,0.28288145138930876
CADIZ,OURENSE,dry-dry,662.218400872485,596,175,9,0.10713999189193037,662.218400872485,596,498,14,0.17078421712066588
CADIZ,OURENSE,dry-wet,662.218400872485,459,182,11,-0.3225064992420628,662.218400872485,459,385,14,-0.3101549946791572
CADIZ,OURENSE,wet-wet,662.218400872485,265,167,7,0.05375211392585042,662.218400872485,265,236,7,0.045354673825887724
CADIZ,OVIEDO,dry-dry,762.7869596510226,637,244,13,0.3358905538598691,762.7869596510226,637,619,13,0.2173146165838986
CADIZ,OVIEDO,dry-wet,762.7869596510226,622,264,15,-0.03567008394265712,762.7869596510226,622,577,18,-0.08700279789581783
CADIZ,OVIEDO,wet-wet,762.7869596510226,239,149,5,-0.011240052721336642,762.7869596510226,239,205,7,0.03831079153489078
CADIZ,PAMPLONA,dry-dry,805.9017585906898,780,276,14,0.2902861904780835,805.9017585906898,780,772,15,0.2952873356265618
CADIZ,PAMPLONA,dry-wet,805.9017585906898,523,248,15,-0.19672164314417964,805.9017585906898,523,485,19,-0.197435912757912
CADIZ,PAMPLONA,wet-wet,805.9017585906898,247,175,6,0.08263287328256683,805.9017585906898,247,225,7,0.05408152254113329
CADIZ,PONFERRADA,dry-dry,674.972969789671,691,223,12,0.223523376631516,674.972969789671,691,682,15,0.2086766624949331
CADIZ,PONFERRADA,dry-wet,674.972969789671,453,148,10,-0.1792996547684967,674.972969789671,453,397,16,-0.2397043918944435
CADIZ,PONFERRADA,wet-wet,674.972969789671,273,177,7,0.2974635398836543,674.972969789671,273,253,8,0.220669609739263
CADIZ,PORTO,dry-dry,566.34726285661,641,208,10,0.053910318213557705,566.34726285661,641,556,14,0.21081037344640008
CADIZ,PORTO,dry-wet,566.34726285661,444,171,10,-0.20561311651779315,566.34726285661,444,391,17,-0.12348685536630558
CADIZ,PORTO,wet-wet,566.34726285661,256,141,6,0.1627935330907548,566.34726285661,256,218,7,0.20839247483755785
CADIZ,SORIA,dry-dry,670.7214943588078,758,317,12,0.4025138670975762,670.7214943588078,758,724,12,0.42731786536767863
CADIZ,SORIA,dry-wet,670.7214943588078,317,128,8,-0.2815969316463167,670.7214943588078,317,273,14,-0.34951403471055364
CADIZ,SORIA,wet-wet,670.7214943588078,270,181,6,0.3488858898484005,670.7214943588078,270,245,7,0.3787600325141432
CADIZ,TARIFA,dry-dry,80.03351863142868,921,542,18,0.6805137043894804,80.03351863142868,921,891,12,0.6426366945962957
CADIZ,TARIFA,dry-wet,80.03351863142868,189,72,5,-0.7018259287341208,80.03351863142868,189,134,8,-0.5328715144089226
CADIZ,TARIFA,wet-wet,80.03351863142868,308,232,5,0.5557325022977175,80.03351863142868,308,274,5,0.5608658390521956
CADIZ,TORREVIEJA,dry-dry,517.7215139227709,827,126,6,0.3348452356184074,517.7215139227709,827,827,16,0.20015240902787187
CADIZ,TORREVIEJA,dry-wet,517.7215139227709,357,95,7,-0.28443523859885456,517.7215139227709,357,296,12,-0.19222222992869206
CADIZ,TORREVIEJA,wet-wet,517.7215139227709,109,59,2,0.23377691775436374,517.7215139227709,109,78,3,0.14997354678966823
CADIZ,VALENCIA,dry-dry,613.3347128165052,835,242,9,0.3475599828583503,613.3347128165052,835,814,15,0.27475469477370446
CADIZ,VALENCIA,dry-wet,613.3347128165052,375,121,7,-0.13227288424523578,613.3347128165052,375,351,17,-0.22095931002408997
CADIZ,VALENCIA,wet-wet,613.3347128165052,181,124,5,0.16937995773186917,613.3347128165052,181,164,6,0.18967736295047363
CADIZ,VANDELLOS,dry-dry,792.135361733422,850,196,9,0.22952213229463134,792.135361733422,850,780,14,0.18445275178967968
CADIZ,VANDELLOS,dry-wet,792.135361733422,348,134,9,-0.23563350560229057,792.135361733422,348,315,15,-0.24971159262894904
CADIZ,VANDELLOS,wet-wet,792.135361733422,147,102,5,0.30004072908968393,792.135361733422,147,121,4,0.31211786772275224
CADIZ,VIMIANZO,dry-dry,767.0536111227079,647,132,7,-0.08963801149181339,767.0536111227079,647,593,13,0.08944536962323218
CADIZ,VIMIANZO,dry-wet,767.0536111227079,827,305,20,-0.053910594892592666,767.0536111227079,827,813,24,-0.14967618634420407
CADIZ,VIMIANZO,wet-wet,767.0536111227079,363,187,10,0.04285188365452249,767.0536111227079,363,353,10,0.037871829643732154
CADIZ,ZAMORA,dry-dry,559.5875847493983,994,417,16,0.4290928652081489,559.5875847493983,994,919,15,0.43679010090409487
CADIZ,ZAMORA,dry-wet,559.5875847493983,366,170,10,-0.35926669464395444,559.5875847493983,366,303,13,-0.366267964727614
CADIZ,ZAMORA,wet-wet,559.5875847493983,278,201,6,0.2879006406270381,559.5875847493983,278,250,6,0.3323319787495129
CAMPDEVANOL,CUENCA,dry-dry,432.37580926553534,1199,672,24,0.4256632095520358,432.37580926553534,1199,1199,16,0.3628702656185166
CAMPDEVANOL,CUENCA,dry-wet,432.37580926553534,476,271,14,-0.3621353546023256,432.37580926553534,476,452,18,-0.3379355277099251
CAMPDEVANOL,CUENCA,wet-wet,432.37580926553534,374,295,8,0.3252826390406045,432.37580926553534,374,357,8,0.34286801795889854
CAMPDEVANOL,DAROCA,dry-dry,321.63614811834907,1125,661,22,0.44027055986316277,321.63614811834907,1125,1125,16,0.41027775186290344
CAMPDEVANOL,DAROCA,dry-wet,321.63614811834907,383,217,12,-0.4831768417939255,321.63614811834907,383,341,14,-0.42513116663454964
CAMPDEVANOL,DAROCA,wet-wet,321.63614811834907,340,293,9,0.34888809244911784,321.63614811834907,340,321,6,0.3629969626156218
CAMPDEVANOL,EXTREMO,dry-dry,877.6268823610054,617,220,12,0.17794945589604916,877.6268823610054,617,617,16,0.20017849679937927
CAMPDEVANOL,EXTREMO,dry-wet,877.6268823610054,535,210,15,-0.1976812741091183,877.6268823610054,535,511,22,-0.14689970263682456
CAMPDEVANOL,EXTREMO,wet-wet,877.6268823610054,228,123,5,0.16445778037200157,877.6268823610054,228,204,7,0.13391663480506202
CAMPDEVANOL,GETAFE,dry-dry,536.5420570240863,1006,447,14,0.24880739889282755,536.5420570240863,1006,974,15,0.33224667014396125
CAMPDEVANOL,GETAFE,dry-wet,536.5420570240863,455,243,13,-0.2262338791884009,536.5420570240863,455,427,17,-0.20692844659655749
CAMPDEVANOL,GETAFE,wet-wet,536.5420570240863,249,195,6,0.31080765451944703,536.5420570240863,249,226,5,0.3084365986553743
CAMPDEVANOL,LORCA,dry-dry,604.8174522164234,1293,395,19,0.1335685114533236,604.8174522164234,1293,1293,16,0.13333311058697742
CAMPDEVANOL,LORCA,dry-wet,604.8174522164234,593,287,16,-0.06914092960801202,604.8174522164234,593,548,17,-0.11230516880769541
CAMPDEVANOL,LORCA,wet-wet,604.8174522164234,155,110,4,0.08925306226591397,604.8174522164234,155,133,4,0.04024201092912067
CAMPDEVANOL,MONTSERRAT,dry-dry,74.97672363971473,1519,953,25,0.5861808827698631,74.97672363971473,1519,1513,15,0.56894228434502
CAMPDEVANOL,MONTSERRAT,dry-wet,74.97672363971473,306,177,11,-0.5520446099863319,74.97672363971473,306,262,10,-0.5575253076732934
CAMPDEVANOL,MONTSERRAT,wet-wet,74.97672363971473,436,367,6,0.5944218601790258,74.97672363971473,436,417,6,0.6319010067745251
CAMPDEVANOL,OURENSE,dry-dry,824.5451288996337,681,242,12,0.1387053316245246,824.5451288996337,681,648,15,0.09724545914182611
CAMPDEVANOL,OURENSE,dry-wet,824.5451288996337,639,324,18,-0.08521656354027277,824.5451288996337,639,599,20,-0.0844354781083646
CAMPDEVANOL,OURENSE,wet-wet,824.5451288996337,249,181,8,0.0002862842058258653,824.5451288996337,249,224,6,-0.029521254918065176
CAMPDEVANOL,OVIEDO,dry-dry,667.8256272139039,879,502,20,0.216922740508794,667.8256272139039,879,871,15,0.24236378996013808
CAMPDEVANOL,OVIEDO,dry-wet,667.8256272139039,730,412,17,-0.11691736981628824,667.8256272139039,730,692,20,-0.13749684286086056
CAMPDEVANOL,OVIEDO,wet-wet,667.8256272139039,358,285,9,0.10131795464117652,667.8256272139039,358,328,6,0.1230634856911551
CAMPDEVANOL,PAMPLONA,dry-dry,318.7496701681545,937,505,19,0.32428007805961184,318.7496701681545,937,928,15,0.3460086856942533
CAMPDEVANOL,PAMPLONA,dry-wet,318.7496701681545,529,312,15,-0.3182242775310965,318.7496701681545,529,500,18,-0.2861993297174961
CAMPDEVANOL,PAMPLONA,wet-wet,318.7496701681545,330,277,9,0.09645791480251407,318.7496701681545,330,314,7,0.11645360324536103
CAMPDEVANOL,PONFERRADA,dry-dry,720.628643357688,790,318,15,0.17133053584714864,720.628643357688,790,754,15,0.14893469852970193
CAMPDEVANOL,PONFERRADA,dry-wet,720.628643357688,649,315,15,-0.07736624832948007,720.628643357688,649,606,20,-0.09999520137986666
CAMPDEVANOL,PONFERRADA,wet-wet,720.628643357688,274,204,7,0.10819567395142105,720.628643357688,274,251,6,0.03747798108484145
CAMPDEVANOL,PORTO,dry-dry,906.1590406468866,834,321,16,0.04540327884444901,906.1590406468866,834,834,16,0.014615806860018718
CAMPDEVANOL,PORTO,dry-wet,906.1590406468866,764,382,20,0.024188872841073326,906.1590406468866,764,747,24,-0.010107949642052735
CAMPDEVANOL,PORTO,wet-wet,906.1590406468866,258,175,7,0.11504078332562852,906.1590406468866,258,237,7,0.06724968464662787
CAMPDEVANOL,SORIA,dry-dry,387.4173084136961,970,505,17,0.29211727795905085,387.4173084136961,970,970,16,0.3957004022680756
CAMPDEVANOL,SORIA,dry-wet,387.4173084136961,434,236,12,-0.3805154584689151,387.4173084136961,434,397,16,-0.3370532652081396
CAMPDEVANOL,SORIA,wet-wet,387.4173084136961,338,263,7,0.2815336453859245,387.4173084136961,338,310,6,0.2641007985963517
CAMPDEVANOL,TARIFA,dry-dry,961.2019371404201,936,411,19,0.18794702775831154,961.2019371404201,936,936,16,0.2384487904376472
CAMPDEVANOL,TARIFA,dry-wet,961.2019371404201,467,213,13,-0.16185481327089324,961.2019371404201,467,441,18,-0.192428378396051
CAMPDEVANOL,TARIFA,wet-wet,961.2019371404201,227,162,6,0.10143706973270825,961.2019371404201,227,203,6,0.16791255567592214
CAMPDEVANOL,TORREVIEJA,dry-dry,531.6989397599546,1158,302,16,0.1594671068382594,531.6989397599546,1158,1158,16,0.19448450821443952
CAMPDEVANOL,TORREVIEJA,dry-wet,531.6989397599546,526,225,14,-0.11585521473562833,531.6989397599546,526,482,15,-0.100019154976778
CAMPDEVANOL,TORREVIEJA,wet-wet,531.6989397599546,117,79,3,0.05449431877658021,531.6989397599546,117,102,4,0.07102946008226652
CAMPDEVANOL,VALENCIA,dry-dry,371.9501231758438,1136,453,16,0.21021478693450688,371.9501231758438,1136,1136,16,0.2657274477641607
CAMPDEVANOL,VALENCIA,dry-wet,371.9501231758438,493,256,13,-0.22484440791745253,371.9501231758438,493,460,16,-0.24834760302237555
CAMPDEVANOL,VALENCIA,wet-wet,371.9501231758438,256,179,5,0.22680964882152863,371.9501231758438,256,241,7,0.2599680596539697
CAMPDEVANOL,VANDELLOS,dry-dry,177.15493704075024,1255,581,23,0.4305426472975273,177.15493704075024,1255,1208,13,0.4244269965030664
CAMPDEVANOL,VANDELLOS,dry-wet,177.15493704075024,356,198,12,-0.494978697327225,177.15493704075024,356,306,11,-0.448589936252105
CAMPDEVANOL,VANDELLOS,wet-wet,177.15493704075024,276,219,6,0.40426392634706554,177.15493704075024,276,248,5,0.44912711506613034
CAMPDEVANOL,VIMIANZO,dry-dry,921.2327549660163,869,323,15,0.08184980153728304,921.2327549660163,869,869,16,0.062185041556602975
CAMPDEVANOL,VIMIANZO,dry-wet,921.2327549660163,1079,591,29,-0.019335744203396506,921.2327549660163,1079,1060,24,-0.05802322498605136
CAMPDEVANOL,VIMIANZO,wet-wet,921.2327549660163,416,250,10,-0.013147915020542772,921.2327549660163,416,403,10,-0.010851775077504724
CAMPDEVANOL,ZAMORA,dry-dry,658.7984610222471,1165,572,23,0.21929454093543024,658.7984610222471,1165,1165,16,0.21744111694135393
CAMPDEVANOL,ZAMORA,dry-wet,658.7984610222471,614,357,16,-0.09295407447925877,658.7984610222471,614,570,17,-0.16825035838822475
CAMPDEVANOL,ZAMORA,wet-wet,658.7984610222471,257,182,5,0.08486744832392079,658.7984610222471,257,238,6,0.10049627046886772
CUENCA,DAROCA,dry-dry,131.42533507353394,1139,635,20,0.6082790091584567,131.42533507353394,1139,1106,13,0.6062430506497215
CUENCA,DAROCA,dry-wet,131.42533507353394,277,136,8,-0.4926849194608643,131.42533507353394,277,244,12,-0.544218290170671
CUENCA,DAROCA,wet-wet,131.42533507353394,399,312,6,0.4696135504643844,131.42533507353394,399,381,7,0.4765196678378873
CUENCA,EXTREMO,dry-dry,571.7664461104613,642,204,11,0.28730645986433806,571.7664461104613,642,631,15,0.2749823644781305
CUENCA,EXTREMO,dry-wet,571.7664461104613,495,151,9,-0.2400214237418316,571.7664461104613,495,463,20,-0.19572715053601883
CUENCA,EXTREMO,wet-wet,571.7664461104613,280,151,7,0.1470186086791199,571.7664461104613,280,243,8,0.12539712948832016
CUENCA,GETAFE,dry-dry,137.54018635559115,1083,683,17,0.6510138025840817,137.54018635559115,1083,1050,12,0.6552445441731567
CUENCA,GETAFE,dry-wet,137.54018635559115,236,105,6,-0.519622712302976,137.54018635559115,236,195,9,-0.5761118428403296
CUENCA,GETAFE,wet-wet,137.54018635559115,397,312,6,0.6045509594331011,137.54018635559115,397,374,7,0.6143083780498503
CUENCA,LORCA,dry-dry,271.00645499216216,1249,332,14,0.27094715336317865,271.00645499216216,1249,1239,15,0.277085356078359
CUENCA,LORCA,dry-wet,271.00645499216216,575,244,15,-0.16885204141261273,271.00645499216216,575,534,17,-0.14759877995093024
CUENCA,LORCA,wet-wet,271.00645499216216,191,138,5,0.2226186299289227,271.00645499216216,191,172,5,0.18984372804000563
CUENCA,MONTSERRAT,dry-dry,374.7167603573681,1320,661,23,0.40965766902106954,374.7167603573681,1320,1320,16,0.41693639248396197
CUENCA,MONTSERRAT,dry-wet,374.7167603573681,459,227,12,-0.40309657628061313,374.7167603573681,459,433,16,-0.3699124338840175
CUENCA,MONTSERRAT,wet-wet,374.7167603573681,341,263,7,0.3798524336122134,374.7167603573681,341,328,8,0.3895745675673923
CUENCA,OURENSE,dry-dry,540.8797259364422,721,247,11,0.29073834704460905,540.8797259364422,721,721,16,0.2813541782524676
CUENCA,OURENSE,dry-wet,540.8797259364422,514,305,18,-0.14922984518571242,540.8797259364422,514,472,16,-0.2176999155409004
CUENCA,OURENSE,wet-wet,540.8797259364422,349,229,8,0.11809757702056065,540.8797259364422,349,313,7,0.18152123938466974
CUENCA,OVIEDO,dry-dry,479.503617813958,880,453,21,0.1714590129678311,479.503617813958,880,862,13,0.18465514827075633
CUENCA,OVIEDO,dry-wet,479.503617813958,683,392,18,-0.24587345278863082,479.503617813958,683,635,18,-0.25125374945965934
CUENCA,OVIEDO,wet-wet,479.503617813958,370,276,10,-0.0034743537957815204,479.503617813958,370,345,8,0.03764967329422124
CUENCA,PAMPLONA,dry-dry,308.63219424047696,915,438,19,0.46140195137655693,308.63219424047696,915,908,15,0.39030574514937255
CUENCA,PAMPLONA,dry-wet,308.63219424047696,483,270,16,-0.2987856387739273,308.63219424047696,483,430,16,-0.298605152305501
CUENCA,PAMPLONA,wet-wet,308.63219424047696,378,285,8,0.24204465411949114,308.63219424047696,378,369,9,0.2682788813285178
CUENCA,PONFERRADA,dry-dry,465.0263825421571,832,368,16,0.2636498907805162,465.0263825421571,832,824,15,0.28930361807209526
CUENCA,PONFERRADA,dry-wet,465.0263825421571,503,258,13,-0.23414480913430005,465.0263825421571,503,465,16,-0.2578893221674807
CUENCA,PONFERRADA,wet-wet,465.0263825421571,357,242,8,0.16925038778008744,465.0263825421571,357,337,9,0.22719631489581066
CUENCA,PORTO,dry-dry,567.1821488614561,939,328,14,0.1956761950446611,567.1821488614561,939,939,16,0.1863168069957364
CUENCA,PORTO,dry-wet,567.1821488614561,640,334,18,-0.08551085855512128,567.1821488614561,640,592,19,-0.1063738648688687
CUENCA,PORTO,wet-wet,567.1821488614561,356,215,7,0.21064665621620632,567.1821488614561,356,335,10,0.1936546649734186
CUENCA,SORIA,dry-dry,192.20784562821694,1026,592,17,0.5886444509217821,192.20784562821694,1026,1004,13,0.6010173225403377
CUENCA,SORIA,dry-wet,192.20784562821694,282,155,10,-0.5283494957322447,192.20784562821694,282,223,10,-0.5905246070523733
CUENCA,SORIA,wet-wet,192.20784562821694,421,315,7,0.4452572589350067,192.20784562821694,421,401,8,0.46823663255368864
CUENCA,TARIFA,dry-dry,543.314058633662,986,498,18,0.5111356285854485,543.314058633662,986,986,16,0.46901450526628313
CUENCA,TARIFA,dry-wet,543.314058633662,348,173,11,-0.3758639636336275,543.314058633662,348,300,14,-0.36582830650071
CUENCA,TARIFA,wet-wet,543.314058633662,330,227,6,0.39404925491557974,543.314058633662,330,298,7,0.3537197786895853
CUENCA,TORREVIEJA,dry-dry,262.82152027625284,1263,364,16,0.3585187813694187,262.82152027625284,1263,1263,16,0.22461451918937528
CUENCA,TORREVIEJA,dry-wet,262.82152027625284,531,194,12,-0.2364541699657039,262.82152027625284,531,507,18,-0.22462485699494805
CUENCA,TORREVIEJA,wet-wet,262.82152027625284,155,112,4,0.149881163589989,262.82152027625284,155,134,4,0.16562063780059194
CUENCA,VALENCIA,dry-dry,164.3475767291076,1100,521,16,0.3891173339032093,164.3475767291076,1100,1100,16,0.3750984226005163
CUENCA,VALENCIA,dry-wet,164.3475767291076,418,173,11,-0.3624542651985483,164.3475767291076,418,381,16,-0.3133417999142696
CUENCA,VALENCIA,wet-wet,164.3475767291076,300,243,8,0.4017078528512658,164.3475767291076,300,279,7,0.38015975499841237
CUENCA,VANDELLOS,dry-dry,272.5041374933283,1144,466,18,0.45634435863955625,272.5041374933283,1144,1144,16,0.36160757531821464
CUENCA,VANDELLOS,dry-wet,272.5041374933283,434,190,10,-0.33340948461223924,272.5041374933283,434,389,15,-0.32882962324855003
CUENCA,VANDELLOS,wet-wet,272.5041374933283,253,183,5,0.3714448338475355,272.5041374933283,253,225,5,0.34196937129429483
CUENCA,VIMIANZO,dry-dry,664.1938871252027,877,299,15,0.08517011357210544,664.1938871252027,877,877,16,0.14858340367500966
CUENCA,VIMIANZO,dry-wet,664.1938871252027,933,475,27,-0.08609306243223007,664.1938871252027,933,892,22,-0.15564517037782882
CUENCA,VIMIANZO,wet-wet,664.1938871252027,490,268,11,-0.04024442606573805,664.1938871252027,490,483,12,0.06906513394795562
CUENCA,ZAMORA,dry-dry,343.440380730089,1218,627,20,0.47585867557290185,343.440380730089,1218,1200,15,0.44727404239603447
CUENCA,ZAMORA,dry-wet,343.440380730089,445,256,13,-0.36435437988485725,343.440380730089,445,392,13,-0.3444916777481616
CUENCA,ZAMORA,wet-wet,343.440380730089,368,292,9,0.2657160687675375,343.440380730089,368,357,9,0.28351337856350767
DAROCA,EXTREMO,dry-dry,594.9213952362923,517,141,8,0.3132441257813921,594.9213952362923,517,504,14,0.2315800195550923
DAROCA,EXTREMO,dry-wet,594.9213952362923,409,153,11,-0.13378934907585424,594.9213952362923,409,360,17,-0.17933408684479984
DAROCA,EXTREMO,wet-wet,594.9213952362923,203,103,5,0.026484513066170064,594.9213952362923,203,180,7,0.0969338268340486
DAROCA,GETAFE,dry-dry,214.91018245542134,977,552,17,0.5881479121891715,214.91018245542134,977,932,13,0.5729842087326598
DAROCA,GETAFE,dry-wet,214.91018245542134,257,123,7,-0.49078858643493223,214.91018245542134,257,208,10,-0.4600134721829373
DAROCA,GETAFE,wet-wet,214.91018245542134,307,247,6,0.40976637544103917,214.91018245542134,307,290,6,0.41273571690723587
DAROCA,LORCA,dry-dry,385.4390109784557,1122,322,16,0.13499131968075284,385.4390109784557,1122,1122,16,0.2032198788280616
DAROCA,LORCA,dry-wet,385.4390109784557,481,196,11,-0.10017705956230183,385.4390109784557,481,462,17,-0.14302194804562218
DAROCA,LORCA,wet-wet,385.4390109784557,153,108,4,0.14932412524103517,385.4390109784557,153,130,4,0.24490019080627454
DAROCA,MONTSERRAT,dry-dry,276.3837482779679,1264,546,15,0.5349296351524052,276.3837482779679,1264,1234,15,0.46141218274781043
DAROCA,MONTSERRAT,dry-wet,276.3837482779679,369,196,12,-0.4821392760717314,276.3837482779679,369,325,13,-0.4416039738499681
DAROCA,MONTSERRAT,wet-wet,276.3837482779679,307,237,6,0.3447884778796123,276.3837482779679,307,283,6,0.38631328463509473
DAROCA,OURENSE,dry-dry,551.811062081934,661,217,11,0.3023734917554444,551.811062081934,661,653,15,0.24969539879231145
DAROCA,OURENSE,dry-wet,551.811062081934,493,224,12,-0.13973915359348246,551.811062081934,493,454,17,-0.16341361864874984
DAROCA,OURENSE,wet-wet,551.811062081934,251,171,7,0.06639923698440073,551.811062081934,251,228,6,0.047621372927538125
DAROCA,OVIEDO,dry-dry,443.8119946032598,816,458,21,0.277831456803288,443.8119946032598,816,790,12,0.29544029304876657
DAROCA,OVIEDO,dry-wet,443.8119946032598,553,335,17,-0.1266810411883639,443.8119946032598,553,512,16,-0.19653972226907446
DAROCA,OVIEDO,wet-wet,443.8119946032598,327,239,8,0.1361399181464936,443.8119946032598,327,300,7,0.1969325931836385
DAROCA,PAMPLONA,dry-dry,190.36900257435718,890,410,13,0.48918271632073485,190.36900257435718,890,865,14,0.43260314039404146
DAROCA,PAMPLONA,dry-wet,190.36900257435718,368,171,11,-0.2897008790372793,190.36900257435718,368,326,14,-0.32409836766623557
DAROCA,PAMPLONA,wet-wet,190.36900257435718,336,260,8,0.43420817116649507,190.36900257435718,336,312,7,0.4253769016861543
DAROCA,PONFERRADA,dry-dry,459.08235989634846,825,364,15,0.29110609837992235,459.08235989634846,825,793,13,0.319145200642624
DAROCA,PONFERRADA,dry-wet,459.08235989634846,466,254,15,-0.19602282650895092,459.08235989634846,466,427,16,-0.2270622421095017
DAROCA,PONFERRADA,wet-wet,459.08235989634846,262,208,8,0.019780054161014558,459.08235989634846,262,242,6,0.02532960713108759
DAROCA,PORTO,dry-dry,608.3649744652214,811,249,12,0.16453647073420302,608.3649744652214,811,811,16,0.1976329190403516
DAROCA,PORTO,dry-wet,608.3649744652214,580,314,18,-0.05364791601425284,608.3649744652214,580,532,19,-0.10850174879946045
DAROCA,PORTO,wet-wet,608.3649744652214,253,159,6,-0.025617567388338328,608.3649744652214,253,223,6,-0.06509523862592698
DAROCA,SORIA,dry-dry,115.75300736284872,973,611,18,0.6147638774545227,115.75300736284872,973,950,12,0.6188379602204197
DAROCA,SORIA,dry-wet,115.75300736284872,256,121,8,-0.3654223778630374,115.75300736284872,256,196,10,-0.4012960831103023
DAROCA,SORIA,wet-wet,115.75300736284872,335,258,6,0.48696672804814234,115.75300736284872,335,322,7,0.44211117735159583
DAROCA,TARIFA,dry-dry,673.7930290643372,811,371,14,0.3747753528383106,673.7930290643372,811,803,15,0.35596039288836345
DAROCA,TARIFA,dry-wet,673.7930290643372,317,142,9,-0.38690094516442924,673.7930290643372,317,257,12,-0.35060943051785326
DAROCA,TARIFA,wet-wet,673.7930290643372,233,159,5,0.2345833171085,673.7930290643372,233,204,5,0.26165109739154213
DAROCA,TORREVIEJA,dry-dry,353.9576047317979,1050,220,12,0.3379718348489923,353.9576047317979,1050,1033,15,0.2389935559132822
DAROCA,TORREVIEJA,dry-wet,353.9576047317979,440,151,9,-0.0893852852508665,353.9576047317979,440,409,15,-0.08873558125122159
DAROCA,TORREVIEJA,wet-wet,353.9576047317979,117,80,3,-0.006850019352190454,353.9576047317979,117,94,3,0.016850499561733293
DAROCA,VALENCIA,dry-dry,202.0600060499945,1076,458,15,0.31338070163142495,202.0600060499945,1076,1076,16,0.32839298159350266
DAROCA,VALENCIA,dry-wet,202.0600060499945,357,161,11,-0.20132037811744619,202.0600060499945,357,311,14,-0.3018244112209471
DAROCA,VALENCIA,wet-wet,202.0600060499945,239,172,5,0.34534305353648115,202.0600060499945,239,212,5,0.3658833957499423
DAROCA,VANDELLOS,dry-dry,192.12935002265584,1076,434,15,0.38666872087083504,192.12935002265584,1076,1076,16,0.3513046100128735
DAROCA,VANDELLOS,dry-wet,192.12935002265584,306,122,8,-0.3469448751452483,192.12935002265584,306,250,11,-0.3870770157360511
DAROCA,VANDELLOS,wet-wet,192.12935002265584,225,182,5,0.4051044489755598,192.12935002265584,225,204,4,0.39669529690362276
DAROCA,VIMIANZO,dry-dry,665.9181091997569,848,253,13,0.24383277355340643,665.9181091997569,848,841,15,0.18595724175009457
DAROCA,VIMIANZO,dry-wet,665.9181091997569,804,397,23,-0.1468295621000034,665.9181091997569,804,792,23,-0.12680603810371402
DAROCA,VIMIANZO,wet-wet,665.9181091997569,394,254,12,0.11299031862181944,665.9181091997569,394,376,9,0.11997713960232345
DAROCA,ZAMORA,dry-dry,363.94512147091547,1110,497,17,0.37692489559265074,363.94512147091547,1110,1075,15,0.3485854610368495
DAROCA,ZAMORA,dry-wet,363.94512147091547,427,258,14,-0.28134630712006675,363.94512147091547,427,391,15,-0.32438265270872413
DAROCA,ZAMORA,wet-wet,363.94512147091547,262,201,6,0.14285431518259495,363.94512147091547,262,234,5,0.19776271659657144
EXTREMO,GETAFE,dry-dry,438.37559538811104,426,114,6,0.3381881621088724,438.37559538811104,426,372,11,0.2982651019007477
EXTREMO,GETAFE,dry-wet,438.37559538811104,388,120,7,-0.14953204792569713,438.37559538811104,388,352,17,-0.17503189644025666
EXTREMO,GETAFE,wet-wet,438.37559538811104,190,73,3,-0.07021035055740037,438.37559538811104,190,165,7,0.05393508945538432
EXTREMO,LORCA,dry-dry,751.1837443784797,608,41,3,0.08538276209377553,751.1837443784797,608,578,14,0.04540490221197418
EXTREMO,LORCA,dry-wet,751.1837443784797,598,72,5,-0.15431058311716342,751.1837443784797,598,516,17,-0.04604575379973467
EXTREMO,LORCA,wet-wet,751.1837443784797,79,33,2,-0.28983131990866806,751.1837443784797,79,54,3,-0.005865465546238309
EXTREMO,MONTSERRAT,dry-dry,855.3162852926539,633,199,11,0.25520748593223963,855.3162852926539,633,603,14,0.24691451701803457
EXTREMO,MONTSERRAT,dry-wet,855.3162852926539,528,183,12,-0.25389556012133124,855.3162852926539,528,489,21,-0.1254223474254601
EXTREMO,MONTSERRAT,wet-wet,855.3162852926539,181,117,6,0.10917778115912043,855.3162852926539,181,172,7,0.0746056496839938
EXTREMO,OURENSE,dry-dry,64.68203519715652,392,189,8,0.3157104923517955,64.68203519715652,392,336,6,0.3480209914099537
EXTREMO,OURENSE,dry-wet,64.68203519715652,248,121,7,-0.30904219984508274,64.68203519715652,248,195,8,-0.2566732582208379
EXTREMO,OURENSE,wet-wet,64.68203519715652,320,172,7,0.2815083977862736,64.68203519715652,320,286,9,0.29053294098106897
EXTREMO,OVIEDO,dry-dry,262.7630837702682,471,203,10,0.2927600244170244,262.7630837702682,471,428,11,0.25441497415064895
EXTREMO,OVIEDO,dry-wet,262.7630837702682,427,204,11,-0.27574528976152124,262.7630837702682,427,375,16,-0.2869353489105005
EXTREMO,OVIEDO,wet-wet,262.7630837702682,360,188,8,0.09712971088276845,262.7630837702682,360,337,11,0.11415606811764446
EXTREMO,PAMPLONA,dry-dry,568.9701886163513,341,180,10,0.4980056406696062,568.9701886163513,341,315,11,0.4124641215740268
EXTREMO,PAMPLONA,dry-wet,568.9701886163513,265,68,5,-0.4849174892432058,568.9701886163513,265,214,14,-0.2760637643898254
EXTREMO,PAMPLONA,wet-wet,568.9701886163513,273,128,6,0.30845397249382733,568.9701886163513,273,256,10,0.26985364860881894
EXTREMO,PONFERRADA,dry-dry,167.89533229819756,421,224,9,0.35737139123863637,167.89533229819756,421,366,8,0.29992912449731
EXTREMO,PONFERRADA,dry-wet,167.89533229819756,286,140,8,-0.3786607049959634,167.89533229819756,286,238,10,-0.4177516882122753
EXTREMO,PONFERRADA,wet-wet,167.89533229819756,316,165,7,0.22021782914979948,167.89533229819756,316,304,11,0.2647778558699148
EXTREMO,PORTO,dry-dry,82.82891707459974,743,406,13,0.28539748201218934,82.82891707459974,743,707,9,0.2887701986421184
EXTREMO,PORTO,dry-wet,82.82891707459974,431,273,11,-0.2861356329026789,82.82891707459974,431,366,10,-0.18548249777084794
EXTREMO,PORTO,wet-wet,82.82891707459974,491,258,8,0.25917515170202715,82.82891707459974,491,449,9,0.20152721543850816
EXTREMO,SORIA,dry-dry,496.0797158419938,511,186,9,0.3837063448085084,496.0797158419938,511,487,12,0.3470852852271262
EXTREMO,SORIA,dry-wet,496.0797158419938,321,124,8,-0.3431084765495871,496.0797158419938,321,283,15,-0.26030077193287626
EXTREMO,SORIA,wet-wet,496.0797158419938,274,151,7,0.22441628775690503,496.0797158419938,274,248,9,0.2541193485809304
EXTREMO,TARIFA,dry-dry,706.092912792578,445,69,4,0.20308928882914173,706.092912792578,445,416,12,0.19949339168470817
EXTREMO,TARIFA,dry-wet,706.092912792578,400,102,8,-0.23595471837029602,706.092912792578,400,363,19,-0.18466951926371825
EXTREMO,TARIFA,wet-wet,706.092912792578,177,72,5,-0.04316969699428793,706.092912792578,177,140,7,0.029554536676214806
EXTREMO,TORREVIEJA,dry-dry,795.3584392799829,727,42,3,-0.29749616730089135,795.3584392799829,727,700,15,0.04193377219034757
EXTREMO,TORREVIEJA,dry-wet,795.3584392799829,742,113,8,-0.16818990244178855,795.3584392799829,742,699,19,-0.03209954607431491
EXTREMO,TORREVIEJA,wet-wet,795.3584392799829,87,44,3,-0.23482899530507717,795.3584392799829,87,61,3,-0.19538381535912883
EXTREMO,VALENCIA,dry-dry,736.1000516651022,395,70,5,-0.03999035329169465,736.1000516651022,395,395,16,0.07086994776646711
EXTREMO,VALENCIA,dry-wet,736.1000516651022,442,90,7,-0.027517528854612932,736.1000516651022,442,406,21,-0.07930379093048595
EXTREMO,VALENCIA,wet-wet,736.1000516651022,120,49,3,0.04882556204186132,736.1000516651022,120,116,7,-0.11539824510659279
EXTREMO,VANDELLOS,dry-dry,785.969387395911,694,149,9,0.254304954919223,785.969387395911,694,684,15,0.222057123211685
EXTREMO,VANDELLOS,dry-wet,785.969387395911,619,159,11,-0.14393978168728339,785.969387395911,619,580,21,-0.09604766720951123
EXTREMO,VANDELLOS,wet-wet,785.969387395911,160,80,4,0.07497205911786778,785.969387395911,160,149,7,-0.02209283746041922
EXTREMO,VIMIANZO,dry-dry,130.8704831301554,570,218,8,0.3682525932077764,130.8704831301554,570,516,10,0.23808694299132013
EXTREMO,VIMIANZO,dry-wet,130.8704831301554,408,191,10,-0.299088258880947,130.8704831301554,408,367,16,-0.2456950146399651
EXTREMO,VIMIANZO,wet-wet,130.8704831301554,544,268,12,0.16333586945843445,130.8704831301554,544,511,11,0.24975761126434798
EXTREMO,ZAMORA,dry-dry,232.2182025586913,552,193,10,0.2657965161093376,232.2182025586913,552,527,12,0.3214599857304838
EXTREMO,ZAMORA,dry-wet,232.2182025586913,383,165,10,-0.3163582426604477,232.2182025586913,383,343,15,-0.28120874779346033
EXTREMO,ZAMORA,wet-wet,232.2182025586913,256,113,5,0.0562009488904404,232.2182025586913,256,204,8,0.07273311224942164
GETAFE,LORCA,dry-dry,342.6521266485664,1138,297,13,0.1746940106568819,342.6521266485664,1138,1101,15,0.13559364358006262
GETAFE,LORCA,dry-wet,342.6521266485664,453,163,10,-0.16446340195200354,342.6521266485664,453,407,15,-0.17539052324513865
GETAFE,LORCA,wet-wet,342.6521266485664,150,102,4,0.2799577838625712,342.6521266485664,150,126,4,0.2971792825263155
GETAFE,MONTSERRAT,dry-dry,488.6532105300666,1179,549,19,0.38845199823687976,488.6532105300666,1179,1179,16,0.33160628786532637
GETAFE,MONTSERRAT,dry-wet,488.6532105300666,431,210,10,-0.34298210224155024,488.6532105300666,431,410,16,-0.3271042504281788
GETAFE,MONTSERRAT,wet-wet,488.6532105300666,243,183,5,0.1948359730745794,488.6532105300666,243,218,5,0.217101428970731
GETAFE,OURENSE,dry-dry,412.4454585493426,666,234,11,0.3398300542796785,412.4454585493426,666,644,13,0.3323240436676866
GETAFE,OURENSE,dry-wet,412.4454585493426,426,224,14,-0.1453866732393576,412.4454585493426,426,400,16,-0.21160383527011872
GETAFE,OURENSE,wet-wet,412.4454585493426,299,216,8,0.13842249408019536,412.4454585493426,299,282,7,0.13331669387453268
GETAFE,OVIEDO,dry-dry,383.52033088822407,705,328,16,0.20527995683963396,383.52033088822407,705,683,12,0.16316465080539697
GETAFE,OVIEDO,dry-wet,383.52033088822407,612,322,17,-0.08185501344968743,383.52033088822407,612,579,18,-0.15707548183077658
GETAFE,OVIEDO,wet-wet,383.52033088822407,267,194,7,0.03340454719106133,383.52033088822407,267,236,6,0.04754650201770937
GETAFE,PAMPLONA,dry-dry,329.36051686188137,839,366,15,0.32388828818555887,329.36051686188137,839,823,14,0.33741591780565877
GETAFE,PAMPLONA,dry-wet,329.36051686188137,434,209,12,-0.1948453218503513,329.36051686188137,434,388,15,-0.23283267641812674
GETAFE,PAMPLONA,wet-wet,329.36051686188137,285,212,6,0.3190293120576608,329.36051686188137,285,265,7,0.3135258687831311
GETAFE,PONFERRADA,dry-dry,347.7878302875474,775,328,14,0.39750488061414474,347.7878302875474,775,768,14,0.3813039293703903
GETAFE,PONFERRADA,dry-wet,347.7878302875474,407,208,12,-0.22594389488035652,347.7878302875474,407,379,15,-0.28060101255889885
GETAFE,PONFERRADA,wet-wet,347.7878302875474,305,231,8,0.1646000994060667,347.7878302875474,305,281,7,0.17393431961678318
GETAFE,PORTO,dry-dry,430.07989294675906,802,351,16,0.2888494803772245,430.07989294675906,802,754,13,0.32815565193858337
GETAFE,PORTO,dry-wet,430.07989294675906,463,224,13,-0.2164802617132561,430.07989294675906,463,416,16,-0.16719953486551103
GETAFE,PORTO,wet-wet,430.07989294675906,281,181,6,0.2620490343299699,430.07989294675906,281,249,7,0.23884238797119522
GETAFE,SORIA,dry-dry,194.23062427293388,889,535,16,0.6293506545875446,194.23062427293388,889,858,11,0.5929092891903817
GETAFE,SORIA,dry-wet,194.23062427293388,236,96,6,-0.4453676143846544,194.23062427293388,236,173,8,-0.4445732417331924
GETAFE,SORIA,wet-wet,194.23062427293388,335,274,6,0.5840405878463797,194.23062427293388,335,314,5,0.5865622234488941
GETAFE,TARIFA,dry-dry,503.93440625424194,906,475,18,0.36543216862003414,503.93440625424194,906,897,15,0.4265966729459501
GETAFE,TARIFA,dry-wet,503.93440625424194,263,127,9,-0.4668109907809343,503.93440625424194,263,210,11,-0.46672552652243987
GETAFE,TARIFA,wet-wet,503.93440625424194,259,188,6,0.3832886481069807,503.93440625424194,259,238,7,0.38657861262722715
GETAFE,TORREVIEJA,dry-dry,366.1941513723087,950,262,13,0.2493588854088814,366.1941513723087,950,950,16,0.16875689951432477
GETAFE,TORREVIEJA,dry-wet,366.1941513723087,390,132,9,-0.16991119314101946,366.1941513723087,390,336,13,-0.13314976093767164
GETAFE,TORREVIEJA,wet-wet,366.1941513723087,101,64,3,0.15246373736556965,366.1941513723087,101,87,4,0.16064400323870334
GETAFE,VALENCIA,dry-dry,300.38725558016614,948,398,16,0.3250418727983814,300.38725558016614,948,926,15,0.2805711446391853
GETAFE,VALENCIA,dry-wet,300.38725558016614,370,163,10,-0.30685094714721656,300.38725558016614,370,325,14,-0.319395504033499
GETAFE,VALENCIA,wet-wet,300.38725558016614,196,140,4,0.34724878280156585,300.38725558016614,196,169,4,0.3342236211829961
GETAFE,VANDELLOS,dry-dry,394.4493920266504,933,350,16,0.326363714417768,394.4493920266504,933,913,15,0.30317796028824695
GETAFE,VANDELLOS,dry-wet,394.4493920266504,333,151,9,-0.3255143383511739,394.4493920266504,333,294,13,-0.32218642151895055
GETAFE,VANDELLOS,wet-wet,394.4493920266504,177,134,5,0.2811256283731505,394.4493920266504,177,166,5,0.2692625799977555
GETAFE,VIMIANZO,dry-dry,537.9982813583713,722,235,12,0.21180924844329238,537.9982813583713,722,709,14,0.22645892556067912
GETAFE,VIMIANZO,dry-wet,537.9982813583713,816,370,21,-0.16555020379014418,537.9982813583713,816,780,20,-0.15599384453357656
GETAFE,VIMIANZO,wet-wet,537.9982813583713,374,200,8,-0.00019746382845854506,537.9982813583713,374,300,7,-0.007430731178806266
GETAFE,ZAMORA,dry-dry,216.6030790562176,1141,620,17,0.4425319416950682,216.6030790562176,1141,1095,12,0.48501338009984796
GETAFE,ZAMORA,dry-wet,216.6030790562176,298,174,11,-0.5989389705803865,216.6030790562176,298,255,11,-0.5827099561629265
GETAFE,ZAMORA,wet-wet,216.6030790562176,315,256,8,0.4654823760361365,216.6030790562176,315,289,6,0.4584704596620776
LORCA,MONTSERRAT,dry-dry,531.9731725143124,1533,469,23,0.26638322116243063,531.9731725143124,1533,1533,16,0.21254264403071307
LORCA,MONTSERRAT,dry-wet,531.9731725143124,524,230,14,-0.18186820542143892,531.9731725143124,524,484,16,-0.17118383704055345
LORCA,MONTSERRAT,wet-wet,531.9731725143124,165,119,4,0.13323856006092716,531.9731725143124,165,148,5,0.11471769141937058
LORCA,OURENSE,dry-dry,738.7044514897925,767,156,10,-0.04740417396544901,738.7044514897925,767,767,16,0.007170370592769544
LORCA,OURENSE,dry-wet,738.7044514897925,715,250,17,0.0041208009724524285,738.7044514897925,715,666,19,0.026860571504941227
LORCA,OURENSE,wet-wet,738.7044514897925,105,63,3,-0.041090064092180696,738.7044514897925,105,86,4,-0.079371124073992
LORCA,OVIEDO,dry-dry,725.6043641308303,911,282,16,-0.03397820795501614,725.6043641308303,911,888,13,-0.05050787386312198
LORCA,OVIEDO,dry-wet,725.6043641308303,941,408,22,0.04490623221439318,725.6043641308303,941,906,20,0.023352865872536297
LORCA,OVIEDO,wet-wet,725.6043641308303,128,78,3,0.01970205121594988,725.6043641308303,128,96,3,0.03338786387229444
LORCA,PAMPLONA,dry-dry,574.15223025708,1037,255,13,0.12631486619545185,574.15223025708,1037,1026,15,0.10356302052250445
LORCA,PAMPLONA,dry-wet,574.15223025708,751,275,15,0.08236793839295449,574.15223025708,751,722,20,0.039579825233712215
LORCA,PAMPLONA,wet-wet,574.15223025708,114,62,2,0.2144640089653944,574.15223025708,114,96,4,0.10494228339595617
LORCA,PONFERRADA,dry-dry,687.1777861882695,886,190,12,0.04631745347312558,687.1777861882695,886,886,16,0.007240132645997234
LORCA,PONFERRADA,dry-wet,687.1777861882695,775,229,13,0.06959755329918464,687.1777861882695,775,701,17,0.07127070118927792
LORCA,PONFERRADA,wet-wet,687.1777861882695,102,64,3,-0.04307418313842833,687.1777861882695,102,87,4,-0.09079798314106897
LORCA,PORTO,dry-dry,719.8418893182059,997,201,13,-0.17425736492168808,719.8418893182059,997,997,16,-0.05954920123582877
LORCA,PORTO,dry-wet,719.8418893182059,838,293,18,0.02954303728254154,719.8418893182059,838,792,21,0.011783101812044765
LORCA,PORTO,wet-wet,719.8418893182059,95,51,3,-0.28229824743171666,719.8418893182059,95,76,4,-0.09078733533964078
LORCA,SORIA,dry-dry,463.21138692365764,998,259,13,0.13858969947398692,463.21138692365764,998,988,15,0.10550316282399204
LORCA,SORIA,dry-wet,463.21138692365764,553,206,11,-0.05875381815892812,463.21138692365764,553,499,16,-0.05957489219145889
LORCA,SORIA,wet-wet,463.21138692365764,134,88,3,0.10129170446817269,463.21138692365764,134,117,4,0.1397055633083453
LORCA,TARIFA,dry-dry,393.000828128321,1095,312,13,0.20426245636458265,393.000828128321,1095,1095,16,0.27649765698551887
LORCA,TARIFA,dry-wet,393.000828128321,393,134,9,-0.3057812949973363,393.000828128321,393,353,15,-0.2466802607291284
LORCA,TARIFA,wet-wet,393.000828128321,161,116,5,0.2634599805117113,393.000828128321,161,143,5,0.26927126090533615
LORCA,TORREVIEJA,dry-dry,92.9629128265286,1509,627,19,0.5826130028653125,92.9629128265286,1509,1496,15,0.5253595959507137
LORCA,TORREVIEJA,dry-wet,92.9629128265286,184,33,3,-0.3802227105022868,92.9629128265286,184,145,8,-0.561702328965626
LORCA,TORREVIEJA,wet-wet,92.9629128265286,197,162,4,0.5928207396068963,92.9629128265286,197,181,4,0.5978203108503646
LORCA,VALENCIA,dry-dry,233.25734632832993,1327,482,19,0.4860534226901861,233.25734632832993,1327,1319,15,0.4153672430269221
LORCA,VALENCIA,dry-wet,233.25734632832993,318,138,10,-0.4048963054401288,233.25734632832993,318,283,12,-0.3988622885894733
LORCA,VALENCIA,wet-wet,233.25734632832993,215,165,5,0.37225590924198265,233.25734632832993,215,185,4,0.3482462624918752
LORCA,VANDELLOS,dry-dry,428.19478759397066,1323,287,14,0.383374390522572,428.19478759397066,1323,1323,16,0.26152046796618045
LORCA,VANDELLOS,dry-wet,428.19478759397066,357,116,8,-0.2156527947243163,428.19478759397066,357,319,14,-0.19642812596968912
LORCA,VANDELLOS,wet-wet,428.19478759397066,141,93,3,0.20788260343952775,428.19478759397066,141,121,4,0.1546985006611702
LORCA,VIMIANZO,dry-dry,865.2869295532565,922,244,16,-0.10055523012001732,865.2869295532565,922,922,16,-0.01375261869169336
LORCA,VIMIANZO,dry-wet,865.2869295532565,1293,414,25,0.10124462937957894,865.2869295532565,1293,1281,24,0.052994828989818825
LORCA,VIMIANZO,wet-wet,865.2869295532565,161,75,4,-0.05390934814833958,865.2869295532565,161,147,7,-0.13125797106507797
LORCA,ZAMORA,dry-dry,551.8402907324325,1300,281,16,0.04542370506296345,551.8402907324325,1300,1254,15,0.05541803444181403
LORCA,ZAMORA,dry-wet,551.8402907324325,631,270,15,-0.03462817377142913,551.8402907324325,631,594,18,-0.08787957397449243
LORCA,ZAMORA,wet-wet,551.8402907324325,109,70,4,0.096186069708941,551.8402907324325,109,97,5,0.18404164267792558
MONTSERRAT,OURENSE,dry-dry,805.6077124931321,792,242,14,0.18362519478547168,805.6077124931321,792,748,15,0.14192797514279007
MONTSERRAT,OURENSE,dry-wet,805.6077124931321,656,317,17,-0.1691839760069786,805.6077124931321,656,619,20,-0.12960106532066423
MONTSERRAT,OURENSE,wet-wet,805.6077124931321,211,155,7,-0.06063298491644641,805.6077124931321,211,197,6,-0.0628191140439181
MONTSERRAT,OVIEDO,dry-dry,661.86942974353,987,469,19,0.20488142152800723,661.86942974353,987,977,14,0.18051230175976887
MONTSERRAT,OVIEDO,dry-wet,661.86942974353,804,481,24,-0.07326788769034684,661.86942974353,804,774,20,-0.09927843980162318
MONTSERRAT,OVIEDO,wet-wet,661.86942974353,306,229,7,0.27965630833671923,661.86942974353,306,284,6,0.28297994795332776
MONTSERRAT,PAMPLONA,dry-dry,317.04551951128434,1103,542,24,0.2934454705745459,317.04551951128434,1103,1094,15,0.2972141702222846
MONTSERRAT,PAMPLONA,dry-wet,317.04551951128434,590,325,17,-0.29113543872056025,317.04551951128434,590,531,16,-0.2760898311299465
MONTSERRAT,PAMPLONA,wet-wet,317.04551951128434,297,209,5,0.11219121710342732,317.04551951128434,297,281,7,0.13079043956722147
MONTSERRAT,PONFERRADA,dry-dry,704.4850567179411,945,376,18,0.2232534330837784,704.4850567179411,945,860,13,0.22855413912723974
MONTSERRAT,PONFERRADA,dry-wet,704.4850567179411,669,347,18,-0.10549449260318898,704.4850567179411,669,609,17,-0.11526374943865812
MONTSERRAT,PONFERRADA,wet-wet,704.4850567179411,250,190,8,0.041999573581836334,704.4850567179411,250,228,6,0.03536114233971931
MONTSERRAT,PORTO,dry-dry,877.5041047929506,983,336,17,0.08692153763313801,877.5041047929506,983,983,16,0.11664344750637051
MONTSERRAT,PORTO,dry-wet,877.5041047929506,754,364,18,-0.025126190111523793,877.5041047929506,754,721,23,-0.041987020913172024
MONTSERRAT,PORTO,wet-wet,877.5041047929506,223,167,8,-0.015076212996610355,877.5041047929506,223,214,7,-0.0039453999464538845
MONTSERRAT,SORIA,dry-dry,359.45237758100865,1098,559,21,0.3688779839272698,359.45237758100865,1098,1089,15,0.3136310218441944
MONTSERRAT,SORIA,dry-wet,359.45237758100865,442,239,13,-0.3943965069231398,359.45237758100865,442,401,15,-0.3966349000765032
MONTSERRAT,SORIA,wet-wet,359.45237758100865,279,219,6,0.20794976493584397,359.45237758100865,279,260,6,0.2100493691752398
MONTSERRAT,TARIFA,dry-dry,894.0073536859612,1032,385,15,0.31162353937124565,894.0073536859612,1032,1032,16,0.3117685991691512
MONTSERRAT,TARIFA,dry-wet,894.0073536859612,438,202,13,-0.26724913127807254,894.0073536859612,438,409,17,-0.2257820873721379
MONTSERRAT,TARIFA,wet-wet,894.0073536859612,207,154,5,0.09479405599019214,894.0073536859612,207,174,4,0.14619343994436512
MONTSERRAT,TORREVIEJA,dry-dry,457.3761585560558,1342,348,15,0.2903616604168331,457.3761585560558,1342,1309,14,0.22064824553129833
MONTSERRAT,TORREVIEJA,dry-wet,457.3761585560558,430,167,12,-0.30599787995655775,457.3761585560558,430,383,13,-0.2113663179055433
MONTSERRAT,TORREVIEJA,wet-wet,457.3761585560558,133,99,4,0.23523047516724863,457.3761585560558,133,115,4,0.20000980645546376
MONTSERRAT,VALENCIA,dry-dry,299.9337136524067,1313,556,18,0.4099029712138268,299.9337136524067,1313,1313,16,0.39847207740679297
MONTSERRAT,VALENCIA,dry-wet,299.9337136524067,401,221,13,-0.2992038632536421,299.9337136524067,401,374,15,-0.34467026883469987
MONTSERRAT,VALENCIA,wet-wet,299.9337136524067,258,177,4,0.3023604316864468,299.9337136524067,258,246,7,0.322990254261859
MONTSERRAT,VANDELLOS,dry-dry,107.44072374644497,1414,859,24,0.6089258323199828,107.44072374644497,1414,1414,16,0.6013949472551852
MONTSERRAT,VANDELLOS,dry-wet,107.44072374644497,224,89,7,-0.7132688298895375,107.44072374644497,224,181,8,-0.6655167368160788
MONTSERRAT,VANDELLOS,wet-wet,107.44072374644497,291,237,5,0.5574285443095326,107.44072374644497,291,277,5,0.5884055901205504
MONTSERRAT,VIMIANZO,dry-dry,908.9071491485759,1013,391,21,0.07291821001466003,908.9071491485759,1013,1013,16,0.12340653209338034
MONTSERRAT,VIMIANZO,dry-wet,908.9071491485759,1178,593,30,-0.0066874193116226366,908.9071491485759,1178,1141,22,-0.04632269436346087
MONTSERRAT,VIMIANZO,wet-wet,908.9071491485759,365,240,11,0.05194057703570955,908.9071491485759,365,353,9,0.028921699396233524
MONTSERRAT,ZAMORA,dry-dry,630.124864241534,1331,497,19,0.26367498184020555,630.124864241534,1331,1309,15,0.25005063456446075
MONTSERRAT,ZAMORA,dry-wet,630.124864241534,601,343,16,-0.19664636123619952,630.124864241534,601,558,17,-0.1870588465954643
MONTSERRAT,ZAMORA,wet-wet,630.124864241534,224,168,5,0.037671877170543974,630.124864241534,224,201,5,0.050210680804822036
OURENSE,OVIEDO,dry-dry,198.1392317490295,634,340,12,0.5101585364115706,198.1392317490295,634,623,14,0.4534023474863075
OURENSE,OVIEDO,dry-wet,198.1392317490295,429,209,12,-0.32230723359546676,198.1392317490295,429,381,16,-0.3650443246086654
OURENSE,OVIEDO,wet-wet,198.1392317490295,475,332,10,0.22669373597683734,198.1392317490295,475,453,10,0.2027759504438837
OURENSE,PAMPLONA,dry-dry,512.2711108548466,605,225,8,0.3448111110802601,512.2711108548466,605,605,16,0.31108565842939717
OURENSE,PAMPLONA,dry-wet,512.2711108548466,484,263,14,-0.10397259242377531,512.2711108548466,484,451,18,-0.150786518606682
OURENSE,PAMPLONA,wet-wet,512.2711108548466,346,235,8,0.09877690078456675,512.2711108548466,346,332,9,0.10390010281336422
OURENSE,PONFERRADA,dry-dry,106.6932085028858,765,583,15,0.8045386602180031,106.6932085028858,765,730,8,0.7945215480470966
OURENSE,PONFERRADA,dry-wet,106.6932085028858,179,80,6,-0.7785950921872618,106.6932085028858,179,119,6,-0.6483408016294315
OURENSE,PONFERRADA,wet-wet,106.6932085028858,566,416,9,0.588146317619939,106.6932085028858,566,547,10,0.6190143030234525
OURENSE,PORTO,dry-dry,139.29882883035052,718,459,13,0.7221486035379534,139.29882883035052,718,675,9,0.7011836774028817
OURENSE,PORTO,dry-wet,139.29882883035052,196,69,5,-0.49294383692230853,139.29882883035052,196,151,9,-0.6249613989187499
OURENSE,PORTO,wet-wet,139.29882883035052,529,338,8,0.5611776370314292,139.29882883035052,529,488,9,0.5491839787684705
OURENSE,SORIA,dry-dry,448.04142990230656,702,361,14,0.4248644144595101,448.04142990230656,702,681,12,0.410468686323804
OURENSE,SORIA,dry-wet,448.04142990230656,348,170,9,-0.31392199652304076,448.04142990230656,348,293,12,-0.26570314900103437
OURENSE,SORIA,wet-wet,448.04142990230656,357,241,8,0.33045039850669794,448.04142990230656,357,333,8,0.38857161537015833
OURENSE,TARIFA,dry-dry,728.2696456458681,547,183,9,0.11664624911399671,728.2696456458681,547,497,12,0.16008883588354453
OURENSE,TARIFA,dry-wet,728.2696456458681,449,167,11,-0.20442722162661933,728.2696456458681,449,379,15,-0.17430864671636165
OURENSE,TARIFA,wet-wet,728.2696456458681,241,140,7,0.11167833329328054,728.2696456458681,241,207,7,0.10959784694038487
OURENSE,TORREVIEJA,dry-dry,776.0168458727076,638,101,7,0.014209705843372245,776.0168458727076,638,638,16,-0.02064288835832074
OURENSE,TORREVIEJA,dry-wet,776.0168458727076,641,150,9,-0.004226963627970252,776.0168458727076,641,609,19,0.028911659075686453
OURENSE,TORREVIEJA,wet-wet,776.0168458727076,76,45,3,-0.0332381313754676,776.0168458727076,76,45,2,-0.01044933426783849
OURENSE,VALENCIA,dry-dry,704.3620695761358,586,146,9,-0.055085185207742186,704.3620695761358,586,586,16,-0.051805790875982284
OURENSE,VALENCIA,dry-wet,704.3620695761358,658,271,16,0.06970064275476187,704.3620695761358,658,617,19,0.05063574562141692
OURENSE,VALENCIA,wet-wet,704.3620695761358,129,73,4,-0.06699132938640862,704.3620695761358,129,106,5,-0.10961723778597621
OURENSE,VANDELLOS,dry-dry,740.909536391108,676,156,8,0.14067639328571468,740.909536391108,676,676,16,0.07258638705160894
OURENSE,VANDELLOS,dry-wet,740.909536391108,566,207,14,-0.1517399853655636,740.909536391108,566,526,19,-0.158654615354389
OURENSE,VANDELLOS,wet-wet,740.909536391108,155,95,5,-0.008493644940935378,740.909536391108,155,135,5,-0.0424596496291421
OURENSE,VIMIANZO,dry-dry,126.663815929313,751,424,14,0.5606498918660346,126.663815929313,751,733,13,0.5117051220694099
OURENSE,VIMIANZO,dry-wet,126.663815929313,388,200,13,-0.47925656380465675,126.663815929313,388,341,13,-0.4445768655533304
OURENSE,VIMIANZO,wet-wet,126.663815929313,695,403,12,0.4163216614197686,126.663815929313,695,682,12,0.4110438358250761
OURENSE,ZAMORA,dry-dry,197.46051121987787,878,467,16,0.49582472843422376,197.46051121987787,878,849,12,0.5311791547136988
OURENSE,ZAMORA,dry-wet,197.46051121987787,353,197,12,-0.4153062040798208,197.46051121987787,353,304,11,-0.47088843607769926
OURENSE,ZAMORA,wet-wet,197.46051121987787,421,309,8,0.39566411722854367,197.46051121987787,421,385,7,0.39006450786049396
OVIEDO,PAMPLONA,dry-dry,349.0842283939773,832,546,16,0.4428665901623533,349.0842283939773,832,821,13,0.45190106859453405
OVIEDO,PAMPLONA,dry-wet,349.0842283939773,477,310,14,-0.3869643081002478,349.0842283939773,477,439,15,-0.34962950314228264
OVIEDO,PAMPLONA,wet-wet,349.0842283939773,513,391,11,0.37884186655626345,349.0842283939773,513,488,9,0.3626899851615819
OVIEDO,PONFERRADA,dry-dry,105.7779788780367,776,489,14,0.5503934410451864,105.7779788780367,776,727,11,0.5237361800226193
OVIEDO,PONFERRADA,dry-wet,105.7779788780367,413,196,12,-0.3505284233284236,105.7779788780367,413,340,14,-0.37016966592910255
OVIEDO,PONFERRADA,wet-wet,105.7779788780367,527,400,10,0.3188038179836454,105.7779788780367,527,501,10,0.3481673976973157
OVIEDO,PORTO,dry-dry,329.9069465626056,789,420,15,0.3615029051387768,329.9069465626056,789,776,13,0.3766434819450409
OVIEDO,PORTO,dry-wet,329.9069465626056,588,328,19,-0.24018935602680813,329.9069465626056,588,542,19,-0.22974857022237266
OVIEDO,PORTO,wet-wet,329.9069465626056,503,342,12,0.13892658001610078,329.9069465626056,503,491,12,0.16014850218445506
OVIEDO,SORIA,dry-dry,328.47142618303815,777,459,17,0.29961478324014235,328.47142618303815,777,767,14,0.35516745758340623
OVIEDO,SORIA,dry-wet,328.47142618303815,495,293,15,-0.33181124071501494,328.47142618303815,495,464,17,-0.30471745374936493
OVIEDO,SORIA,wet-wet,328.47142618303815,380,274,9,0.22918787673649485,328.47142618303815,380,360,9,0.2222335364397806
OVIEDO,TARIFA,dry-dry,816.4177169560978,651,265,12,0.10520197165061093,816.4177169560978,651,633,13,0.10930004228350386
OVIEDO,TARIFA,dry-wet,816.4177169560978,618,318,17,-0.11869667255859921,816.4177169560978,618,574,18,-0.16047485049540924
OVIEDO,TARIFA,wet-wet,816.4177169560978,239,147,6,-0.08827161486752211,816.4177169560978,239,205,7,-0.052515350988773385
OVIEDO,TORREVIEJA,dry-dry,739.2844742188854,845,245,15,0.004203225631263857,739.2844742188854,845,827,14,-0.0028087856063476998
OVIEDO,TORREVIEJA,dry-wet,739.2844742188854,838,327,18,-0.026384185514430746,739.2844742188854,838,806,19,-0.003433331751419257
OVIEDO,TORREVIEJA,wet-wet,739.2844742188854,102,66,3,0.08659520382608003,739.2844742188854,102,76,3,-0.031160153821970862
OVIEDO,VALENCIA,dry-dry,629.29788286108,783,323,16,-0.00043320347121855284,629.29788286108,783,776,15,0.03566204243503455
OVIEDO,VALENCIA,dry-wet,629.29788286108,724,374,20,-0.09443353267616357,629.29788286108,724,673,18,-0.10432748549488365
OVIEDO,VALENCIA,wet-wet,629.29788286108,185,111,4,-0.13104050488382762,629.29788286108,185,162,6,-0.09845906769279132
OVIEDO,VANDELLOS,dry-dry,616.2749053789473,750,319,16,0.10400441125560443,616.2749053789473,750,735,14,0.04605451059966644
OVIEDO,VANDELLOS,dry-wet,616.2749053789473,704,327,18,-0.09534297433325614,616.2749053789473,704,654,18,-0.09639767531930049
OVIEDO,VANDELLOS,wet-wet,616.2749053789473,195,136,5,0.07694892973291921,616.2749053789473,195,177,6,0.017489213185958058
OVIEDO,VIMIANZO,dry-dry,259.2087761058383,812,501,17,0.35874908037174613,259.2087761058383,812,798,14,0.340837685442444
OVIEDO,VIMIANZO,dry-wet,259.2087761058383,686,378,17,-0.28194522035065267,259.2087761058383,686,643,20,-0.25694130758473704
OVIEDO,VIMIANZO,wet-wet,259.2087761058383,786,540,19,0.16864069601320641,259.2087761058383,786,765,12,0.16438911534450887
OVIEDO,ZAMORA,dry-dry,204.63855112905523,995,540,20,0.4099004286542907,204.63855112905523,995,977,12,0.4167828769591875
OVIEDO,ZAMORA,dry-wet,204.63855112905523,634,355,19,-0.22715911408154085,204.63855112905523,634,586,17,-0.2623527942830779
OVIEDO,ZAMORA,wet-wet,204.63855112905523,393,296,7,0.28852768363929016,204.63855112905523,393,369,8,0.24450105658846186
PAMPLONA,PONFERRADA,dry-dry,406.46655924264945,802,415,14,0.5128912682430657,406.46655924264945,802,798,15,0.3876748137041284
PAMPLONA,PONFERRADA,dry-wet,406.46655924264945,482,266,13,-0.23628203861452635,406.46655924264945,482,455,18,-0.2471370770402556
PAMPLONA,PONFERRADA,wet-wet,406.46655924264945,413,299,9,0.22554091169104445,406.46655924264945,413,380,8,0.2234151450353338
PAMPLONA,PORTO,dry-dry,607.5222615218898,665,271,11,0.29783366837092,607.5222615218898,665,659,15,0.28788795649011106
PAMPLONA,PORTO,dry-wet,607.5222615218898,534,257,12,-0.012639359936530682,607.5222615218898,534,521,21,-0.07843093031116213
PAMPLONA,PORTO,wet-wet,607.5222615218898,353,240,11,0.052901433543273244,607.5222615218898,353,327,9,0.07045634735582937
PAMPLONA,SORIA,dry-dry,135.18321493711682,884,506,12,0.6647520891483337,135.18321493711682,884,871,14,0.6540403865129336
PAMPLONA,SORIA,dry-wet,135.18321493711682,283,146,9,-0.37612115293521553,135.18321493711682,283,243,13,-0.3575925166538158
PAMPLONA,SORIA,wet-wet,135.18321493711682,406,313,7,0.4298498246413222,135.18321493711682,406,384,8,0.4439954758281708
PAMPLONA,TARIFA,dry-dry,829.2910260139029,780,294,14,0.3033498614927253,829.2910260139029,780,780,16,0.3060431946027311
PAMPLONA,TARIFA,dry-wet,829.2910260139029,480,237,14,-0.1443164635246962,829.2910260139029,480,432,16,-0.1867325576965773
PAMPLONA,TARIFA,wet-wet,829.2910260139029,233,144,5,0.17095106011263228,829.2910260139029,233,212,7,0.1815523312899479
PAMPLONA,TORREVIEJA,dry-dry,543.9662574703891,796,167,11,0.1634593446074297,543.9662574703891,796,796,16,0.039594621230512606
PAMPLONA,TORREVIEJA,dry-wet,543.9662574703891,616,211,13,0.07384323294904001,543.9662574703891,616,578,16,0.00261549613883939
PAMPLONA,TORREVIEJA,wet-wet,543.9662574703891,81,44,2,-0.231784534676106,543.9662574703891,81,60,3,-0.2090386140329743
PAMPLONA,VALENCIA,dry-dry,386.0425260268582,945,376,19,0.10520811500579681,386.0425260268582,945,919,15,0.1611396632808002
PAMPLONA,VALENCIA,dry-wet,386.0425260268582,592,294,18,-0.10459610564086749,386.0425260268582,592,561,19,-0.10990712596906445
PAMPLONA,VALENCIA,wet-wet,386.0425260268582,188,137,5,0.14011508430300693,386.0425260268582,188,167,5,0.1437092987299464
PAMPLONA,VANDELLOS,dry-dry,293.08502405862976,779,293,15,0.40167885959339483,293.08502405862976,779,770,15,0.2734854458728042
PAMPLONA,VANDELLOS,dry-wet,293.08502405862976,487,199,13,-0.12508557478289412,293.08502405862976,487,409,14,-0.15859797843979606
PAMPLONA,VANDELLOS,wet-wet,293.08502405862976,196,147,5,0.10077243022433101,293.08502405862976,196,174,5,0.15024354915841368
PAMPLONA,VIMIANZO,dry-dry,603.493403223551,782,336,15,0.19719831017589456,603.493403223551,782,771,15,0.1538964269221992
PAMPLONA,VIMIANZO,dry-wet,603.493403223551,754,423,22,-0.20054508777933192,603.493403223551,754,722,20,-0.2003905104980117
PAMPLONA,VIMIANZO,wet-wet,603.493403223551,614,366,14,0.15993992501614346,603.493403223551,614,600,11,0.16609449955015435
PAMPLONA,ZAMORA,dry-dry,367.3654725601395,1083,506,17,0.45054171770534546,367.3654725601395,1083,1079,15,0.36345061201214574
PAMPLONA,ZAMORA,dry-wet,367.3654725601395,558,334,18,-0.16294637883253124,367.3654725601395,558,489,15,-0.2000063347109279
PAMPLONA,ZAMORA,wet-wet,367.3654725601395,350,278,8,0.21400928578384587,367.3654725601395,350,322,7,0.1940575046481388
PONFERRADA,PORTO,dry-dry,227.03305237919082,812,489,13,0.6660539121695057,227.03305237919082,812,793,13,0.6212920760511799
PONFERRADA,PORTO,dry-wet,227.03305237919082,244,127,9,-0.5836744125298464,227.03305237919082,244,176,8,-0.566002902956955
PONFERRADA,PORTO,wet-wet,227.03305237919082,535,367,11,0.5785813540135906,227.03305237919082,535,519,11,0.6002111194977123
PONFERRADA,SORIA,dry-dry,350.40778284497753,811,452,15,0.44133580518881166,350.40778284497753,811,795,13,0.48286185894747025
PONFERRADA,SORIA,dry-wet,350.40778284497753,328,157,9,-0.4269036328221447,350.40778284497753,328,268,12,-0.3618275699759296
PONFERRADA,SORIA,wet-wet,350.40778284497753,382,277,8,0.32811781900668546,350.40778284497753,382,355,8,0.3202687365745292
PONFERRADA,TARIFA,dry-dry,733.389308612728,688,250,13,0.16943163873016323,733.389308612728,688,688,16,0.16981073809297298
PONFERRADA,TARIFA,dry-wet,733.389308612728,451,184,12,-0.22650207478150589,733.389308612728,451,411,17,-0.23092920900927552
PONFERRADA,TARIFA,wet-wet,733.389308612728,243,142,6,0.20226822361469882,733.389308612728,243,209,7,0.20246763612860838
PONFERRADA,TORREVIEJA,dry-dry,713.6574189462601,769,159,12,0.00723721565895197,713.6574189462601,769,769,16,-0.03400267794912172
PONFERRADA,TORREVIEJA,dry-wet,713.6574189462601,656,139,8,0.03609626166138256,713.6574189462601,656,626,19,0.003040658698124912
PONFERRADA,TORREVIEJA,wet-wet,713.6574189462601,74,34,2,0.15354498676075426,713.6574189462601,74,65,4,0.03326404735782598
PONFERRADA,VALENCIA,dry-dry,625.051834320131,756,216,12,-0.012776674142705816,625.051834320131,756,756,16,0.04299687942159688
PONFERRADA,VALENCIA,dry-wet,625.051834320131,681,313,17,-0.052710549447403235,625.051834320131,681,634,19,-0.02206439321945994
PONFERRADA,VALENCIA,wet-wet,625.051834320131,148,90,4,-0.18067618823645243,625.051834320131,148,129,5,-0.17158082075822093
PONFERRADA,VANDELLOS,dry-dry,644.6636540795565,781,222,12,0.3712645987590088,644.6636540795565,781,765,15,0.19660744567641844
PONFERRADA,VANDELLOS,dry-wet,644.6636540795565,590,236,14,0.00026468864203620833,644.6636540795565,590,552,19,-0.0009701519978377513
PONFERRADA,VANDELLOS,wet-wet,644.6636540795565,163,103,4,0.05219076939544224,644.6636540795565,163,144,5,-0.005206721932553788
PONFERRADA,VIMIANZO,dry-dry,206.98289332004413,828,415,13,0.4159664396529308,206.98289332004413,828,801,12,0.4215630789248352
PONFERRADA,VIMIANZO,dry-wet,206.98289332004413,508,252,14,-0.4019878471661422,206.98289332004413,508,464,15,-0.40927463993382956
PONFERRADA,VIMIANZO,wet-wet,206.98289332004413,715,430,14,0.3364712025818879,206.98289332004413,715,705,12,0.35024819233594884
PONFERRADA,ZAMORA,dry-dry,136.70197868466016,998,585,17,0.6587186173920933,136.70197868466016,998,971,12,0.6860038038001001
PONFERRADA,ZAMORA,dry-wet,136.70197868466016,328,184,11,-0.4071957475727566,136.70197868466016,328,268,11,-0.4546332309790521
PONFERRADA,ZAMORA,wet-wet,136.70197868466016,462,373,9,0.4146954037004741,136.70197868466016,462,436,7,0.44272248643862955
PORTO,SORIA,dry-dry,519.3726033462698,807,380,15,0.3669891445162362,519.3726033462698,807,800,15,0.30721376258367405
PORTO,SORIA,dry-wet,519.3726033462698,440,224,11,-0.25330552372678333,519.3726033462698,440,378,14,-0.24599479886135578
PORTO,SORIA,wet-wet,519.3726033462698,363,228,8,0.2390092322543835,519.3726033462698,363,349,10,0.20755057908669466
PORTO,TARIFA,dry-dry,638.7996392399266,697,160,8,0.0477452836323376,638.7996392399266,697,670,15,0.10301755864789218
PORTO,TARIFA,dry-wet,638.7996392399266,542,215,13,-0.19510830784085148,638.7996392399266,542,495,20,-0.10099575478030616
PORTO,TARIFA,wet-wet,638.7996392399266,233,127,6,0.05630124567796765,638.7996392399266,233,204,8,0.03694154515494495
PORTO,TORREVIEJA,dry-dry,772.2164504147961,1118,239,16,-0.10564892002562083,772.2164504147961,1118,1118,16,-0.06551256273047096
PORTO,TORREVIEJA,dry-wet,772.2164504147961,980,370,22,-0.010702575370871029,772.2164504147961,980,955,22,0.033258675040553846
PORTO,TORREVIEJA,wet-wet,772.2164504147961,93,50,3,-0.08932751855323176,772.2164504147961,93,62,3,-0.0052164353978814285
PORTO,VALENCIA,dry-dry,730.4403037146251,705,153,9,-0.14595876143649136,730.4403037146251,705,705,16,0.035606813588782836
PORTO,VALENCIA,dry-wet,730.4403037146251,699,308,18,0.023582747921614022,730.4403037146251,699,680,23,0.01709767084004638
PORTO,VALENCIA,wet-wet,730.4403037146251,132,75,4,-0.16889855223559966,730.4403037146251,132,112,5,-0.19266154096975877
PORTO,VANDELLOS,dry-dry,800.4796892617657,885,228,13,0.046640793393252736,800.4796892617657,885,885,16,0.08950045632036586
PORTO,VANDELLOS,dry-wet,800.4796892617657,686,280,17,-0.020481480659127676,800.4796892617657,686,615,18,-0.03618775319615832
PORTO,VANDELLOS,wet-wet,800.4796892617657,172,105,6,0.050780040332496286,800.4796892617657,172,153,6,0.010209842216651829
PORTO,VIMIANZO,dry-dry,205.27483647472724,927,514,20,0.4776532714021863,205.27483647472724,927,913,14,0.43876548195423715
PORTO,VIMIANZO,dry-wet,205.27483647472724,533,238,12,-0.41959525492298755,205.27483647472724,533,479,16,-0.38246501101544644
PORTO,VIMIANZO,wet-wet,205.27483647472724,786,481,17,0.36762772662012416,205.27483647472724,786,775,13,0.4192599965113192
PORTO,ZAMORA,dry-dry,247.6299619146027,1021,560,21,0.5069329464548049,247.6299619146027,1021,989,13,0.4719441951931574
PORTO,ZAMORA,dry-wet,247.6299619146027,434,196,10,-0.2916514738851218,247.6299619146027,434,354,12,-0.30890291653681734
PORTO,ZAMORA,wet-wet,247.6299619146027,412,296,10,0.42001639769765564,247.6299619146027,412,389,9,0.4356165504926955
SORIA,TARIFA,dry-dry,694.9126272193365,738,345,14,0.35985272475529423,694.9126272193365,738,722,13,0.3080736041513291
SORIA,TARIFA,dry-wet,694.9126272193365,342,164,10,-0.39841749641595015,694.9126272193365,342,292,14,-0.38551481230522755
SORIA,TARIFA,wet-wet,694.9126272193365,277,192,6,0.2849126715278982,694.9126272193365,277,261,7,0.2917391378878631
SORIA,TORREVIEJA,dry-dry,448.56461736700817,893,234,15,0.13086884801376059,448.56461736700817,893,893,16,0.09549358860528848
SORIA,TORREVIEJA,dry-wet,448.56461736700817,517,172,11,-0.20314097034902365,448.56461736700817,517,464,15,-0.06839983275933605
SORIA,TORREVIEJA,wet-wet,448.56461736700817,93,59,2,-0.01253278068937642,448.56461736700817,93,73,3,0.023358997864572448
SORIA,VALENCIA,dry-dry,311.4245680650915,906,397,18,0.189840360637718,311.4245680650915,906,906,16,0.22674269094498892
SORIA,VALENCIA,dry-wet,311.4245680650915,471,243,15,-0.28585498459905306,311.4245680650915,471,436,17,-0.21666030260318575
SORIA,VALENCIA,wet-wet,311.4245680650915,206,144,5,0.12988112857661993,311.4245680650915,206,187,6,0.13277152593863295
SORIA,VANDELLOS,dry-dry,294.2799122527215,896,344,15,0.32176869377945116,294.2799122527215,896,896,16,0.2852293786937273
SORIA,VANDELLOS,dry-wet,294.2799122527215,411,173,10,-0.3143720007654777,294.2799122527215,411,364,15,-0.28212066370694766
SORIA,VANDELLOS,wet-wet,294.2799122527215,197,138,4,0.19234154293204045,294.2799122527215,197,183,5,0.16354101430299792
SORIA,VIMIANZO,dry-dry,557.200305739203,823,347,15,0.18324236424717438,557.200305739203,823,799,14,0.18517003472989058
SORIA,VIMIANZO,dry-wet,557.200305739203,682,380,20,-0.21989850867752808,557.200305739203,682,653,19,-0.23979560891144303
SORIA,VIMIANZO,wet-wet,557.200305739203,485,281,13,0.1655373317444476,557.200305739203,485,470,10,0.1989423010998464
SORIA,ZAMORA,dry-dry,271.7560381571126,1069,609,19,0.5581095758432336,271.7560381571126,1069,1010,11,0.5673218945804063
SORIA,ZAMORA,dry-wet,271.7560381571126,320,186,11,-0.4024428123257704,271.7560381571126,320,272,12,-0.4156507953184747
SORIA,ZAMORA,wet-wet,271.7560381571126,374,290,8,0.40490969619792677,271.7560381571126,374,357,8,0.46758784280969473
TARIFA,TORREVIEJA,dry-dry,485.82495470794737,993,256,13,0.4209045063464414,485.82495470794737,993,993,16,0.26608218619435825
TARIFA,TORREVIEJA,dry-wet,485.82495470794737,356,87,6,-0.35161706739750803,485.82495470794737,356,283,12,-0.2712739105987362
TARIFA,TORREVIEJA,wet-wet,485.82495470794737,129,83,3,0.32873072559691185,485.82495470794737,129,108,4,0.2623021159527028
TARIFA,VALENCIA,dry-dry,600.0115551800452,907,377,17,0.4683016351837294,600.0115551800452,907,907,16,0.3470699942760377
TARIFA,VALENCIA,dry-wet,600.0115551800452,359,144,10,-0.32584155869638953,600.0115551800452,359,324,16,-0.2726424250537916
TARIFA,VALENCIA,wet-wet,600.0115551800452,208,147,5,0.1954133900779846,600.0115551800452,208,179,5,0.20013374359363442
TARIFA,VANDELLOS,dry-dry,786.5750226201751,890,263,12,0.2764690098358048,786.5750226201751,890,837,14,0.2764810950118966
TARIFA,VANDELLOS,dry-wet,786.5750226201751,352,118,8,-0.18590521856977718,786.5750226201751,352,305,15,-0.21152408536081838
TARIFA,VANDELLOS,wet-wet,786.5750226201751,161,100,4,0.3445450640260209,786.5750226201751,161,139,5,0.33896856490773075
TARIFA,VIMIANZO,dry-dry,836.9590183426419,685,170,9,-0.07623348357122256,836.9590183426419,685,648,14,0.1321234009870901
TARIFA,VIMIANZO,dry-wet,836.9590183426419,816,286,18,-0.021878810417467493,836.9590183426419,816,783,22,-0.0948249208276292
TARIFA,VIMIANZO,wet-wet,836.9590183426419,349,173,10,0.04075540908270684,836.9590183426419,349,329,10,0.04222407967870324
TARIFA,ZAMORA,dry-dry,611.8722859515716,994,380,14,0.2827178181963549,611.8722859515716,994,980,15,0.295060639809536
TARIFA,ZAMORA,dry-wet,611.8722859515716,403,201,12,-0.1926883905492756,611.8722859515716,403,369,17,-0.22061105885138027
TARIFA,ZAMORA,wet-wet,611.8722859515716,238,155,5,0.3395556521057434,611.8722859515716,238,204,6,0.36201367875874957
TORREVIEJA,VALENCIA,dry-dry,169.8382864010786,1064,385,13,0.585334083079433,169.8382864010786,1064,1057,15,0.4160312168799369
TORREVIEJA,VALENCIA,dry-wet,169.8382864010786,251,68,6,-0.19404330263988628,169.8382864010786,251,215,11,-0.3641175221014148
TORREVIEJA,VALENCIA,wet-wet,169.8382864010786,183,148,4,0.5346174206553893,169.8382864010786,183,160,3,0.5083197718516386
TORREVIEJA,VANDELLOS,dry-dry,358.203279690541,1235,312,15,0.4556256731546702,358.203279690541,1235,1235,16,0.2714303247069553
TORREVIEJA,VANDELLOS,dry-wet,358.203279690541,319,102,7,-0.2537356755035941,358.203279690541,319,276,12,-0.2869276954481619
TORREVIEJA,VANDELLOS,wet-wet,358.203279690541,128,85,3,0.14323346728234404,358.203279690541,128,113,4,0.2011723858260905
TORREVIEJA,VIMIANZO,dry-dry,902.3822987500527,786,144,11,-0.1256499121208644,902.3822987500527,786,769,15,-0.0729806344333413
TORREVIEJA,VIMIANZO,dry-wet,902.3822987500527,1187,270,17,0.06459065024282198,902.3822987500527,1187,1173,23,0.04529236339525099
TORREVIEJA,VIMIANZO,wet-wet,902.3822987500527,115,43,3,-0.2136293922770148,902.3822987500527,115,94,5,-0.0882143723254327
TORREVIEJA,ZAMORA,dry-dry,582.362225280907,1154,187,11,0.045805833327523165,582.362225280907,1154,1154,16,0.037129281941435284
TORREVIEJA,ZAMORA,dry-wet,582.362225280907,579,209,14,0.04346838752397684,582.362225280907,579,542,17,-0.060135107354964606
TORREVIEJA,ZAMORA,wet-wet,582.362225280907,81,38,2,0.5138513848215597,582.362225280907,81,60,3,0.21983791199254232
VALENCIA,VANDELLOS,dry-dry,195.02382803981865,1045,467,16,0.45050815703146646,195.02382803981865,1045,1045,16,0.3961996606856938
VALENCIA,VANDELLOS,dry-wet,195.02382803981865,259,92,7,-0.33780723983567035,195.02382803981865,259,215,10,-0.5545359572898627
VALENCIA,VANDELLOS,wet-wet,195.02382803981865,233,179,5,0.545550303541157,195.02382803981865,233,217,5,0.5454272849834243
VALENCIA,VIMIANZO,dry-dry,826.7374398316697,797,212,13,-0.09909651478565448,826.7374398316697,797,797,16,-0.024494866555375555
VALENCIA,VIMIANZO,dry-wet,826.7374398316697,1084,403,21,0.07636085417402222,826.7374398316697,1084,1069,24,0.0486234382922708
VALENCIA,VIMIANZO,wet-wet,826.7374398316697,214,115,7,-0.05693947130607959,826.7374398316697,214,187,7,-0.1601209226101426
VALENCIA,ZAMORA,dry-dry,507.1099386270944,1119,339,15,0.022318147601068587,507.1099386270944,1119,1119,16,0.0932145454200465
VALENCIA,ZAMORA,dry-wet,507.1099386270944,576,273,16,-0.1791782210232556,507.1099386270944,576,538,18,-0.1724274566110513
VALENCIA,ZAMORA,wet-wet,507.1099386270944,159,116,5,0.05371735703033507,507.1099386270944,159,145,5,0.07138226558459014
VANDELLOS,VIMIANZO,dry-dry,851.479477362233,810,227,13,0.10198479791794904,851.479477362233,810,810,16,0.06532823247978599
VANDELLOS,VIMIANZO,dry-wet,851.479477362233,1007,357,22,-0.06741930859539054,851.479477362233,1007,986,23,-0.05277420175418039
VANDELLOS,VIMIANZO,wet-wet,851.479477362233,242,140,8,0.04298636485377643,851.479477362233,242,228,8,0.029063861020110705
VANDELLOS,ZAMORA,dry-dry,555.7626101277917,1048,360,17,0.2273224456631109,555.7626101277917,1048,1027,15,0.1856244679110681
VANDELLOS,ZAMORA,dry-wet,555.7626101277917,473,216,12,-0.17687812286231358,555.7626101277917,473,431,16,-0.18640498019093954
VANDELLOS,ZAMORA,wet-wet,555.7626101277917,167,122,5,0.15526008171562364,555.7626101277917,167,151,5,0.1274328269612692
VIMIANZO,ZAMORA,dry-dry,321.827705472062,1024,413,15,0.2728748065146735,321.827705472062,1024,996,14,0.2932956138922327
VIMIANZO,ZAMORA,dry-wet,321.827705472062,817,408,22,-0.2796674422252215,321.827705472062,817,787,19,-0.2807484351365606
VIMIANZO,ZAMORA,wet-wet,321.827705472062,525,330,13,0.23119435883487208,321.827705472062,525,511,10,0.21910430775804063
