station_j,station_k,dist,state_class,n_days,n_sw_j,n_sw_k,n_joint,expected_joint,ratio_emp,ratio,rho_hat
ALACANT/ALICANTE,ALMEIDINHA,0.6538393164492697,dry-dry,474,48,83,20,7.36274522089283,2.3795180722891565,2.716378117125006,0.44287596419091807
ALACANT/ALICANTE,ALMEIDINHA,0.6538393164492697,dry-wet,292,83,98,22,16.03438633461598,0.7897713302188345,1.37205126163794,-0.04814815050215296
ALACANT/ALICANTE,AMARANTE,0.7700675757933936,dry-dry,507,57,110,16,9.56945131841681,1.2937799043062201,1.6719871879391173,0.13635110302286363
ALACANT/ALICANTE,AMARANTE,0.7700675757933936,dry-wet,479,119,131,23,24.764487655253966,0.7067162742959779,0.9287492767943609,-0.10056131007604045
ALACANT/ALICANTE,ARANJUEZ,0.35246898311497993,dry-dry,689,70,106,28,9.791969171163831,2.6,2.8594861269025054,0.44654770587980386
ALACANT/ALICANTE,ARANJUEZ,0.35246898311497993,wet-wet,126,72,62,45,37.07055286632329,1.2701612903225807,1.2139015072764185,0.4579564591478297
ALACANT/ALICANTE,ARANJUEZ,0.35246898311497993,dry-wet,289,122,123,33,20.078018429158575,0.6355457816873251,1.6435884903898335,-0.20372696809703844
ALACANT/ALICANTE,BARCELOS,0.8294414107042047,dry-dry,456,50,108,15,8.33498138164874,1.2666666666666666,1.7996440919503116,0.11573857390173384
ALACANT/ALICANTE,BARCELOS,0.8294414107042047,dry-wet,463,107,124,20,22.640321731191335,0.6979198070545674,0.8833796726680879,-0.09322131752871804
ALACANT/ALICANTE,BEARIZ,0.8791399283682779,dry-dry,501,52,99,7,9.3196211474596,0.6812354312354313,0.7511034932904009,-0.1685806458816146
ALACANT/ALICANTE,BEARIZ,0.8791399283682779,dry-wet,476,119,121,28,23.135321868733307,0.9256198347107438,1.2102706052186445,0.0790556433340649
ALACANT/ALICANTE,BEJA,0.6451766347937,dry-dry,907,77,155,21,12.757995574375986,1.5958944281524927,1.646026593877945,0.15207317877468482
ALACANT/ALICANTE,BEJA,0.6451766347937,wet-wet,116,68,58,33,29.6443061372199,0.9705882352941176,1.1131985969665472,-0.036819425984494086
ALACANT/ALICANTE,BEJA,0.6451766347937,dry-wet,455,203,166,44,30.51333674086444,0.5941005400914001,1.441992410521062,-0.24009704450414127
ALACANT/ALICANTE,BRAGANCA,0.718272765242701,dry-dry,832,86,158,16,12.571746184358346,0.9796879599646747,1.2726951185116238,-0.02864527312944154
ALACANT/ALICANTE,BRAGANCA,0.718272765242701,wet-wet,102,56,44,20,22.733235299732982,0.827922077922078,0.8797691897481444,-0.25770806821681863
ALACANT/ALICANTE,BRAGANCA,0.718272765242701,dry-wet,597,212,186,57,35.01701115372231,0.8629793061472916,1.6277802737010838,0.059356517453180775
ALACANT/ALICANTE,CADIZ,0.564047078811086,dry-dry,846,78,120,31,11.035437942042542,2.8019230769230767,2.8091318317234117,0.42327330120794093
ALACANT/ALICANTE,CADIZ,0.564047078811086,wet-wet,145,80,66,39,37.216029946806195,1.0710227272727273,1.047935528205015,0.1163051971571123
ALACANT/ALICANTE,CADIZ,0.564047078811086,dry-wet,355,149,131,31,22.557189179334408,0.5638096213945386,1.3742847015886361,-0.255576417990918
ALACANT/ALICANTE,CAMPDEVANOL,0.5737275336859148,dry-dry,1077,101,148,35,16.11443963808698,2.521742039068772,2.1719650689730723,0.40601165155284885
ALACANT/ALICANTE,CAMPDEVANOL,0.5737275336859148,wet-wet,167,110,74,55,50.17038561210639,1.1283783783783783,1.0962642469052142,0.16740162116959498
ALACANT/ALICANTE,CAMPDEVANOL,0.5737275336859148,dry-wet,465,163,217,41,32.404322292835126,0.5390008764241893,1.2652633074528288,-0.2878928268917237
ALACANT/ALICANTE,CAMPI,0.7439571270234114,dry-dry,375,39,76,16,6.179355958028118,2.0242914979757085,2.589266601353991,0.3566573488559348
ALACANT/ALICANTE,CAMPI,0.7439571270234114,dry-wet,330,79,80,14,15.929921432920434,0.7310126582278481,0.8788492811438416,-0.07881650865405002
ALACANT/ALICANTE,CUENCA,0.2715274868668432,dry-dry,1030,104,162,50,16.757763958207285,3.0567426400759734,2.983691626442321,0.5618963948864043
ALACANT/ALICANTE,CUENCA,0.2715274868668432,wet-wet,209,134,96,73,52.14913513355171,1.1860230099502487,1.3998314605419653,0.3618237910582278
ALACANT/ALICANTE,CUENCA,0.2715274868668432,dry-wet,443,154,186,30,28.56339059475425,0.4639715123586091,1.0502954787695824,-0.36754904718059056
ALACANT/ALICANTE,DAROCA,0.38202131459886346,dry-dry,924,77,123,29,12.803579480688926,2.8292682926829267,2.264991602054677,0.45879277287862047
ALACANT/ALICANTE,DAROCA,0.38202131459886346,wet-wet,169,106,78,63,48.37559356348613,1.2877358490566038,1.3023096019963332,0.48893222378329404
ALACANT/ALICANTE,DAROCA,0.38202131459886346,dry-wet,371,135,162,41,23.897338301678694,0.6955189757658894,1.715672242758513,-0.14807437538597923
ALACANT/ALICANTE,ENCISO,0.5374994382437821,dry-dry,282,15,39,2,3.306657951584592,0.9641025641025641,0.6048403038002691,-0.1224212693226288
ALACANT/ALICANTE,ENCISO,0.5374994382437821,dry-wet,102,25,39,6,5.915518802606799,0.6276923076923077,1.0142812828785148,-0.23811485416688724
ALACANT/ALICANTE,EXTREMO,0.8505633689862772,dry-dry,423,44,105,13,8.081948660886788,1.1902597402597404,1.6085229621557113,0.06210517653582555
ALACANT/ALICANTE,EXTREMO,0.8505633689862772,dry-wet,486,113,107,17,22.54382496653249,0.6833181705400712,0.7540867632372681,-0.1315697765260641
ALACANT/ALICANTE,FISTERRA,0.9869814597548859,dry-dry,372,42,94,5,8.451796542028669,0.47112462006079026,0.5915901992122328,-0.28622490164695624
ALACANT/ALICANTE,FISTERRA,0.9869814597548859,dry-wet,347,79,125,26,19.313395638646725,0.913620253164557,1.346215884894584,0.16291371778440347
ALACANT/ALICANTE,GETAFE,0.3850572944039493,dry-dry,889,80,132,31,12.384998100531533,2.609753787878788,2.50302824016336,0.41890514043240346
ALACANT/ALICANTE,GETAFE,0.3850572944039493,wet-wet,149,85,76,54,37.376149607485345,1.2455108359133127,1.4447716141735847,0.44410532614293624
ALACANT/ALICANTE,GETAFE,0.3850572944039493,dry-wet,358,153,138,31,22.687060927857175,0.5256228095102775,1.3664176289109122,-0.27817479301150355
ALACANT/ALICANTE,GUARDA,0.6571957404414749,dry-dry,358,37,61,11,5.328075641409819,1.744793974302171,2.06453525443745,0.2404805733735547
ALACANT/ALICANTE,GUARDA,0.6571957404414749,dry-wet,241,72,75,16,13.579403503106885,0.7140740740740741,1.1782549945098322,-0.13726077312745827
ALACANT/ALICANTE,LORCA,0.14285873363064877,dry-dry,1279,140,109,77,12.491308866736514,6.453669724770642,6.1642859704674855,0.8543304140408736
ALACANT/ALICANTE,LORCA,0.14285873363064877,wet-wet,220,127,134,103,76.0870874906623,1.3315313197790575,1.353711955561981,0.6813358590456131
ALACANT/ALICANTE,LORCA,0.14285873363064877,dry-wet,216,115,89,13,13.084187699328396,0.27435271128480704,0.993565691561218,-0.5667335420670434
ALACANT/ALICANTE,MONTSERRAT,0.4839024212077362,dry-dry,1259,130,151,57,16.299355449672987,3.655781966377993,3.4970707998851323,0.5937642520680624
ALACANT/ALICANTE,MONTSERRAT,0.4839024212077362,wet-wet,184,116,87,65,56.68069505441108,1.1850971066191043,1.1467749281762112,0.29893416688178254
ALACANT/ALICANTE,MONTSERRAT,0.4839024212077362,dry-wet,395,151,189,34,26.71351994753074,0.47058411296821895,1.2727637565839685,-0.3141394973079109
ALACANT/ALICANTE,OURENSE,0.8386011704741688,dry-dry,622,66,146,15,11.534355226749087,0.9682440846824408,1.3004628091576205,-0.03676191729347449
ALACANT/ALICANTE,OURENSE,0.8386011704741688,wet-wet,107,63,35,21,18.947717588840387,1.019047619047619,1.1083129090106527,0.030222589367691
ALACANT/ALICANTE,OURENSE,0.8386011704741688,dry-wet,609,158,166,40,30.684986267601168,0.9287784047582736,1.303569102204035,0.09591381176052248
ALACANT/ALICANTE,OVIEDO,0.8252213407188747,dry-dry,742,72,221,23,18.86921798734246,1.0725238813474107,1.2189164392201355,0.025255913222838995
ALACANT/ALICANTE,OVIEDO,0.8252213407188747,wet-wet,141,89,47,29,29.296632205507564,0.9775280898876404,0.9898748701411557,-0.04924700059574691
ALACANT/ALICANTE,OVIEDO,0.8252213407188747,dry-wet,723,192,276,65,45.51587620490368,0.8868319746376812,1.4280731344681263,0.042048975954103396
ALACANT/ALICANTE,PAMPLONA,0.6138643361825086,dry-dry,868,94,177,32,16.94217312225847,1.669431422045919,1.888777771840774,0.2220361689646016
ALACANT/ALICANTE,PAMPLONA,0.6138643361825086,wet-wet,135,85,54,35,28.750564058989585,1.0294117647058822,1.2173674202769726,0.06401919775815483
ALACANT/ALICANTE,PAMPLONA,0.6138643361825086,dry-wet,570,159,233,51,35.12022658263288,0.7846789213701514,1.4521546402898136,0.027699234162460926
ALACANT/ALICANTE,PONFERRADA,0.7810935427555226,dry-dry,729,81,155,21,12.975042335932597,1.2193548387096773,1.6184918288739132,0.07032639888877182
ALACANT/ALICANTE,PONFERRADA,0.7810935427555226,wet-wet,115,73,46,29,20.801065833134018,0.9931506849315068,1.3941593297496275,0.03236639504134599
ALACANT/ALICANTE,PONFERRADA,0.7810935427555226,dry-wet,598,165,178,40,31.511530056102824,0.8144364998297583,1.2693766354342169,0.017436974361358343
ALACANT/ALICANTE,PORTO,0.813632993196391,dry-dry,712,80,153,12,12.773706213343182,0.6980392156862745,0.9394297786076383,-0.15066447290094456
ALACANT/ALICANTE,PORTO,0.813632993196391,wet-wet,104,62,39,19,19.304141633424173,0.8172043010752689,0.9842447471014424,-0.2244442069051546
ALACANT/ALICANTE,PORTO,0.813632993196391,dry-wet,684,199,204,59,37.15623436445057,0.9940880874963051,1.587889650530587,0.10117487217188904
ALACANT/ALICANTE,SORIA,0.49503674472303477,dry-dry,828,77,144,25,14.220748234448052,1.8668831168831168,1.7579946981580412,0.26850611352867576
ALACANT/ALICANTE,SORIA,0.49503674472303477,wet-wet,147,90,65,43,34.38448274457521,1.0805128205128205,1.2505641082177992,0.15383167661588884
ALACANT/ALICANTE,SORIA,0.49503674472303477,dry-wet,448,158,172,38,27.877955165530274,0.6264350897851045,1.3630841923078039,-0.18421440506273679
ALACANT/ALICANTE,TARIFA,0.5493210824679542,dry-dry,867,83,121,34,12.046658935004224,2.9351787314547444,2.822359310032884,0.4824478137701469
ALACANT/ALICANTE,TARIFA,0.5493210824679542,wet-wet,166,103,74,57,39.708471419077185,1.241406454998688,1.4354619546653067,0.43779133503517276
ALACANT/ALICANTE,TARIFA,0.5493210824679542,dry-wet,328,135,121,21,19.437254673754644,0.4216712580348944,1.0803994881208954,-0.37900660689413385
ALACANT/ALICANTE,TAVIRA,0.6475272711192898,dry-dry,409,40,50,9,4.450368622483381,1.8405,2.0223043894682697,0.20038414656392797
ALACANT/ALICANTE,TAVIRA,0.6475272711192898,dry-wet,174,76,55,13,10.163645281774095,0.5411483253588517,1.2790686451161557,-0.218518984316223
ALACANT/ALICANTE,TORREVIEJA,0.05710930357064892,dry-dry,1192,146,116,96,11.466554706249202,6.756731223429381,8.37217476908566,0.9246098714304876
ALACANT/ALICANTE,TORREVIEJA,0.05710930357064892,wet-wet,214,128,138,115,79.2548622913423,1.3932291666666667,1.451015075608332,0.8239417135068716
ALACANT/ALICANTE,TORREVIEJA,0.05710930357064892,dry-wet,134,82,49,8,8.011085397844015,0.2667994026879044,0.9986162427070121,-0.567643539800009
ALACANT/ALICANTE,VALENCIA,0.1513896629727109,dry-dry,1103,113,131,75,13.31191283737253,5.588394244409917,5.634051313004488,0.8263430181268394
ALACANT/ALICANTE,VALENCIA,0.1513896629727109,wet-wet,243,139,133,107,68.60814028556034,1.4064477741115378,1.5595816991197446,0.7290436108850245
ALACANT/ALICANTE,VALENCIA,0.1513896629727109,dry-wet,229,102,104,15,14.397260148610291,0.32381221719457015,1.0418648996523057,-0.5009770257312759
ALACANT/ALICANTE,VANDELLOS,0.37190724161817185,dry-dry,1058,110,114,51,11.276629632713195,4.30287081339713,4.522627918190236,0.6608025691122762
ALACANT/ALICANTE,VANDELLOS,0.37190724161817185,wet-wet,156,99,79,64,49.953520331515335,1.2765630993479096,1.2811909866464974,0.49126533727748295
ALACANT/ALICANTE,VANDELLOS,0.37190724161817185,dry-wet,251,106,122,15,15.852760699307401,0.2911382616764615,0.9462074325423547,-0.5190889634543511
ALACANT/ALICANTE,VIMIANZO,0.982146198608166,dry-dry,703,83,192,14,15.931954318937263,0.6175953815261044,0.878737141705153,-0.18712277532618998
ALACANT/ALICANTE,VIMIANZO,0.982146198608166,wet-wet,160,100,35,15,20.742167157754945,0.6857142857142857,0.7231645510286951,-0.36342981407577213
ALACANT/ALICANTE,VIMIANZO,0.982146198608166,dry-wet,1024,220,257,65,45.87234904016678,1.177219667492041,1.4169756151594646,0.13450508707232173
ALACANT/ALICANTE,ZAMORA,0.6265980123945956,dry-dry,1057,98,168,16,14.77502598489035,1.0272108843537415,1.082908416970797,-0.0012162644825136053
ALACANT/ALICANTE,ZAMORA,0.6265980123945956,wet-wet,125,75,58,40,30.85418924004682,1.1494252873563218,1.2964203884535226,0.2709074031952304
ALACANT/ALICANTE,ZAMORA,0.6265980123945956,dry-wet,549,213,190,45,33.55329313123386,0.6104521868050408,1.3411500273310195,-0.17051597550740408
ALMEIDINHA,AMARANTE,0.12273554912455735,dry-dry,779,105,144,79,21.49902777230521,4.070171957671958,3.6745847689804303,0.8294917388992202
ALMEIDINHA,AMARANTE,0.12273554912455735,wet-wet,366,130,109,82,48.21256573089717,2.1179957657021875,1.7008014146704094,0.7809522952729332
ALMEIDINHA,AMARANTE,0.12273554912455735,dry-wet,240,106,95,17,16.437561308467,0.4051638530287984,1.0342166749056192,-0.46109078805277076
ALMEIDINHA,ARANJUEZ,0.3211217713699551,dry-dry,357,61,36,20,6.697643062483142,3.251366120218579,2.986125091083165,0.5535356118208004
ALMEIDINHA,ARANJUEZ,0.3211217713699551,dry-wet,166,91,59,22,12.213144875100607,0.6802011547774259,1.801337839269574,-0.2356080066462837
ALMEIDINHA,BARCELOS,0.18155012267780263,dry-dry,714,83,138,60,18.773222178297694,3.7401781037192245,3.196041650716811,0.74075288600551
ALMEIDINHA,BARCELOS,0.18155012267780263,wet-wet,352,122,94,64,42.78961754485199,1.9644227415416813,1.4956899283550578,0.6590958876995539
ALMEIDINHA,BARCELOS,0.18155012267780263,dry-wet,297,126,110,23,19.00491578209924,0.4928571428571429,1.2102132029263575,-0.36242726853917545
ALMEIDINHA,BEJA,0.3566288718791259,dry-dry,742,64,94,26,13.769415880294495,3.206781914893617,1.8882427712281373,0.4689934985714408
ALMEIDINHA,BEJA,0.3566288718791259,wet-wet,217,39,94,20,38.41696772847894,1.1838516093835243,0.5206032954332773,0.12784388739806885
ALMEIDINHA,BEJA,0.3566288718791259,dry-wet,352,234,124,75,28.071207976069218,0.9098428453267163,2.6717767209711,-0.08619112378434364
ALMEIDINHA,BRAGANCA,0.1674069033869147,dry-dry,748,38,120,17,15.150479943744827,2.7885964912280703,1.1220766644438076,0.2815611883472446
ALMEIDINHA,BRAGANCA,0.1674069033869147,wet-wet,258,43,101,21,39.44917485122703,1.2475247524752475,0.5323305260299206,0.12810743558695897
ALMEIDINHA,BRAGANCA,0.1674069033869147,dry-wet,384,266,135,86,30.340155325784995,0.9196324143692565,2.8345273475548667,-0.036612812285671495
ALMEIDINHA,CADIZ,0.5638838245496208,dry-dry,372,55,41,21,6.934693394886358,3.46430155210643,3.028252123660636,0.5993985386237938
ALMEIDINHA,CADIZ,0.5638838245496208,wet-wet,150,28,64,15,26.658400459180243,1.2555803571428572,0.5626744193811716,0.21844908519165177
ALMEIDINHA,CADIZ,0.5638838245496208,dry-wet,221,118,67,28,15.131900868619898,0.7826966860612193,1.8503954158241678,-0.1974273151645423
ALMEIDINHA,CAMPDEVANOL,0.8409585597165793,dry-dry,636,101,91,30,13.993967888687813,2.075943858122076,2.143780823182455,0.3790382943811356
ALMEIDINHA,CAMPDEVANOL,0.8409585597165793,wet-wet,158,60,85,39,33.474318399158804,1.208235294117647,1.1650722662953477,0.29013590711049336
ALMEIDINHA,CAMPDEVANOL,0.8409585597165793,dry-wet,369,135,136,29,26.37675352299722,0.582843137254902,1.0994529700069282,-0.2895550465804406
ALMEIDINHA,CAMPI,0.09574976331735373,dry-dry,719,85,132,70,17.116070600483862,4.4857397504456324,4.089723724206953,0.8251173967465549
ALMEIDINHA,CAMPI,0.09574976331735373,wet-wet,346,127,94,67,43.4482524453709,1.9418663092645334,1.5420643231679247,0.672120383287721
ALMEIDINHA,CAMPI,0.09574976331735373,dry-wet,230,106,84,12,14.785480005580647,0.30997304582210244,0.8116070628394011,-0.5325948996584942
ALMEIDINHA,CUENCA,0.442223534195703,dry-dry,699,104,99,54,15.942054361644995,3.6660839160839163,3.3872673355021705,0.7164433627289676
ALMEIDINHA,CUENCA,0.442223534195703,wet-wet,223,68,111,49,39.183560426127116,1.447668256491786,1.2505244410440917,0.43444224353712824
ALMEIDINHA,CUENCA,0.442223534195703,dry-wet,289,142,115,37,22.014100175628606,0.6548071034905083,1.6807409662359036,-0.23596966819793722
ALMEIDINHA,DAROCA,0.5040920060275275,dry-dry,526,79,66,32,10.84555998346157,3.2282316839278864,2.9505161604192782,0.588764432931383
ALMEIDINHA,DAROCA,0.5040920060275275,wet-wet,151,49,80,33,30.515159988595848,1.271173469387755,1.0814296897782214,0.32030737782146657
ALMEIDINHA,DAROCA,0.5040920060275275,dry-wet,257,114,90,21,18.00883787482317,0.5260233918128655,1.1660941225618204,-0.3699278570031302
ALMEIDINHA,EXTREMO,0.21912319875388883,dry-dry,688,73,134,42,18.63503156011579,2.9539971375996728,2.253819633441985,0.5740323701666377
ALMEIDINHA,EXTREMO,0.21912319875388883,wet-wet,341,119,79,47,36.278696269284666,1.7048186363152855,1.2955261581379516,0.47996112935293433
ALMEIDINHA,EXTREMO,0.21912319875388883,dry-wet,363,147,120,18,21.21736262865347,0.3704081632653061,0.848361802314275,-0.4486542195727455
ALMEIDINHA,GETAFE,0.3002415281416156,dry-dry,429,60,53,27,8.698523545549683,3.642452830188679,3.1039750434214404,0.6451023455500213
ALMEIDINHA,GETAFE,0.3002415281416156,wet-wet,158,33,74,20,28.029269345600056,1.294021294021294,0.7135398270072828,0.18273490967178388
ALMEIDINHA,GETAFE,0.3002415281416156,dry-wet,214,127,71,30,15.233846684981067,0.7119884662304536,1.9692990628280886,-0.21297043624607148
ALMEIDINHA,GUARDA,0.012879133335799167,dry-dry,697,99,111,88,15.772355021131652,5.581581581581582,5.57938239927382,0.9579294568766202
ALMEIDINHA,GUARDA,0.012879133335799167,wet-wet,290,110,109,84,44.38812489662628,2.031693077564637,1.892398027527052,0.8346751884231414
ALMEIDINHA,LORCA,0.62187903546678,dry-dry,653,110,46,21,8.398154425127458,2.710079051383399,2.500549398945029,0.4573280093635208
ALMEIDINHA,LORCA,0.62187903546678,dry-wet,364,122,84,21,18.488453563891337,0.7459016393442623,1.135844051392909,-0.046987008302447175
ALMEIDINHA,MONTSERRAT,0.7943981610586509,dry-dry,643,103,81,34,12.427888117467443,2.6204003356106917,2.7357825946479895,0.4700068169033147
ALMEIDINHA,MONTSERRAT,0.7943981610586509,wet-wet,134,49,79,32,29.70250740275612,1.1077241022991475,1.0773501228731517,0.17522438711061342
ALMEIDINHA,MONTSERRAT,0.7943981610586509,dry-wet,328,131,106,22,21.623499306451258,0.5196600892985741,1.017411644998477,-0.33118926534153276
ALMEIDINHA,OURENSE,0.2435455048033554,dry-dry,357,26,67,12,9.286847020214232,2.4592422502870264,1.2921500670658383,0.27859599900005494
ALMEIDINHA,OURENSE,0.2435455048033554,wet-wet,207,47,61,21,25.30786757290055,1.5162190442971748,0.8297814874962687,0.3167062498235203
ALMEIDINHA,OURENSE,0.2435455048033554,dry-wet,263,156,71,35,18.224023180767357,0.8310762007945106,1.9205418942254802,-0.1654761730213153
ALMEIDINHA,OVIEDO,0.3908015888344242,dry-dry,435,42,110,16,15.747331616923637,1.5064935064935066,1.0160451554093661,0.18997878672671037
ALMEIDINHA,OVIEDO,0.3908015888344242,wet-wet,199,65,74,26,28.620768709403844,1.0756756756756756,0.9084312257293514,0.09985226906359766
ALMEIDINHA,OVIEDO,0.3908015888344242,dry-wet,387,127,157,33,28.784189387840904,0.6405035357841417,1.146462717964882,-0.28622331657126787
ALMEIDINHA,PAMPLONA,0.5666045144360723,dry-dry,294,42,58,22,8.837120322494757,2.6551724137931036,2.4894987504016814,0.5543862503961237
ALMEIDINHA,PAMPLONA,0.5666045144360723,wet-wet,144,52,54,25,22.32053000365887,1.2820512820512822,1.1200450883514819,0.27200201845909994
ALMEIDINHA,PAMPLONA,0.5666045144360723,dry-wet,220,97,72,20,16.43587537644511,0.6300114547537228,1.216850307143529,-0.30515193214886027
ALMEIDINHA,PONFERRADA,0.27155843653758494,dry-dry,368,28,69,12,9.781338990355001,2.2857142857142856,1.2268258989728027,0.28299104299182193
ALMEIDINHA,PONFERRADA,0.27155843653758494,wet-wet,185,42,65,24,23.54279869739142,1.6263736263736264,1.0194200064523018,0.3477039061618241
ALMEIDINHA,PONFERRADA,0.27155843653758494,dry-wet,249,153,75,35,17.209738652663628,0.7594771241830065,2.0337322202497767,-0.19631005596668102
ALMEIDINHA,PORTO,0.16025033210091358,dry-dry,653,28,118,10,15.462500465503418,1.9763922518159807,0.6467259304088517,0.09958689680183422
ALMEIDINHA,PORTO,0.16025033210091358,wet-wet,262,55,93,18,33.58923850987391,0.9219941348973607,0.5358859205667527,-0.09022254109637184
ALMEIDINHA,PORTO,0.16025033210091358,dry-wet,441,250,157,82,32.991569626233186,0.9213248407643312,2.4854834410424003,-0.013406232449056239
ALMEIDINHA,SORIA,0.43600919255387915,dry-dry,473,58,70,32,11.683264397257226,3.7280788177339903,2.738960526093405,0.673409832742866
ALMEIDINHA,SORIA,0.43600919255387915,wet-wet,193,54,82,37,31.59898496947594,1.612691960252936,1.1709236874456994,0.4954387497598328
ALMEIDINHA,SORIA,0.43600919255387915,dry-wet,220,117,87,31,16.80372727643561,0.6700068769034286,1.8448287983983331,-0.22237436569204552
ALMEIDINHA,TARIFA,0.6390090811114342,dry-dry,463,72,52,29,9.298720677640294,3.5862713675213675,3.11870858426078,0.6841185065748648
ALMEIDINHA,TARIFA,0.6390090811114342,wet-wet,155,39,65,19,25.38573486791055,1.1617357001972386,0.7484518411171704,0.11714481121897626
ALMEIDINHA,TARIFA,0.6390090811114342,dry-wet,212,105,64,16,13.725786286795646,0.5047619047619047,1.1656891390908637,-0.36698636591675105
ALMEIDINHA,TAVIRA,0.4767871520870836,dry-dry,561,75,63,22,8.351707157403382,2.612063492063492,2.6341919784026517,0.37521523535085033
ALMEIDINHA,TAVIRA,0.4767871520870836,wet-wet,139,27,62,17,23.813747493701044,1.411589008363202,0.7138733626236969,0.2779341943593938
ALMEIDINHA,TAVIRA,0.4767871520870836,dry-wet,262,152,64,31,16.14329748609973,0.8349095394736842,1.9203016005058886,-0.15920655723483193
ALMEIDINHA,TORREVIEJA,0.664537414633144,dry-dry,780,141,62,21,10.197565069769642,1.8737131091283459,2.059315126338721,0.2895876057493342
ALMEIDINHA,TORREVIEJA,0.664537414633144,dry-wet,431,157,105,22,21.501367231925272,0.5751895662723688,1.0231907470206991,-0.19351735605478323
ALMEIDINHA,VALENCIA,0.6096675360795282,dry-dry,413,69,48,20,7.042403630053103,2.493961352657005,2.8399394653625087,0.4592135451813634
ALMEIDINHA,VALENCIA,0.6096675360795282,wet-wet,102,37,58,22,20.213977529605394,1.0456663560111836,1.0883558155627113,0.06142487548099266
ALMEIDINHA,VALENCIA,0.6096675360795282,dry-wet,270,94,81,16,16.657621221427476,0.5673758865248227,0.9605213005695227,-0.2736990075673967
ALMEIDINHA,VANDELLOS,0.7000052061225858,dry-dry,756,120,84,28,11.651169759860235,2.1,2.403192175301022,0.3476483092126054
ALMEIDINHA,VANDELLOS,0.7000052061225858,wet-wet,127,42,78,32,29.00809332648502,1.2405372405372406,1.1031404111894283,0.34498651134895036
ALMEIDINHA,VANDELLOS,0.7000052061225858,dry-wet,408,151,117,26,23.30554004962044,0.6004415011037527,1.1156145682375398,-0.2358007485688469
ALMEIDINHA,VIMIANZO,0.3743031747072173,dry-dry,486,40,104,14,15.491548753049425,1.635576923076923,0.9037185515259847,0.22652839698495872
ALMEIDINHA,VIMIANZO,0.3743031747072173,wet-wet,283,95,60,25,24.879005107201202,1.2412280701754386,1.0048633332513677,0.16803606862807072
ALMEIDINHA,VIMIANZO,0.3743031747072173,dry-wet,457,176,124,38,25.57678527436125,0.7957294721407625,1.4857222904432819,-0.1062842298721016
ALMEIDINHA,ZAMORA,0.1742940890469591,dry-dry,549,51,78,25,10.958863742737678,3.4502262443438916,2.281258402958722,0.492230945189348
ALMEIDINHA,ZAMORA,0.1742940890469591,wet-wet,163,26,82,18,28.54864893839271,1.376172607879925,0.6305026916980752,0.11960039759456287
ALMEIDINHA,ZAMORA,0.1742940890469591,dry-wet,276,192,99,60,21.467932839665835,0.8712121212121212,2.794866205708418,-0.05347239127339224
AMARANTE,ARANJUEZ,0.42751185371600214,dry-dry,444,88,50,27,9.846793850522742,2.7245454545454546,2.7420092681808947,0.5399862375983693
AMARANTE,ARANJUEZ,0.42751185371600214,wet-wet,149,28,80,17,27.195227478768256,1.1308035714285714,0.6251096819569598,0.11744546973371704
AMARANTE,ARANJUEZ,0.42751185371600214,dry-wet,288,119,86,22,18.339549243876466,0.6191127613836233,1.1995932782996699,-0.30655597382261107
AMARANTE,BARCELOS,0.05963808078565448,dry-dry,913,154,191,137,30.68744004643271,4.25243081525804,4.464367174085142,0.9087887698208318
AMARANTE,BARCELOS,0.05963808078565448,wet-wet,601,181,171,136,65.68061386717869,2.6408193596329683,2.070626201439336,0.8814249206527608
AMARANTE,BARCELOS,0.05963808078565448,dry-wet,175,93,74,8,12.964071782889631,0.2034292356873002,0.6170900727778011,-0.6272624929485325
AMARANTE,BEJA,0.44242764326121664,dry-dry,852,130,111,42,19.458077324410873,2.4798336798336797,2.1584866428354386,0.4655876123073319
AMARANTE,BEJA,0.44242764326121664,wet-wet,307,46,149,29,48.73350538677751,1.2989495185293258,0.5950731384873527,0.1882232251223502
AMARANTE,BEJA,0.44242764326121664,dry-wet,510,245,150,49,33.84292808678799,0.68,1.4478652637367158,-0.27586329987540226
AMARANTE,BRAGANCA,0.13673884086947732,dry-dry,892,73,136,26,21.30764076155584,2.3360193392425463,1.220219558371301,0.2724513924039394
AMARANTE,BRAGANCA,0.13673884086947732,wet-wet,412,34,160,20,55.20395459032642,1.5147058823529411,0.3622928855083268,0.1854523454651795
AMARANTE,BRAGANCA,0.13673884086947732,dry-wet,479,341,159,93,36.65996856369784,0.8216123499142367,2.536827052603976,-0.13754921589184177
AMARANTE,CADIZ,0.6689776080668476,dry-dry,439,90,44,24,10.033855356973842,2.6606060606060606,2.3919021299543903,0.5312043748598076
AMARANTE,CADIZ,0.6689776080668476,wet-wet,190,31,91,20,29.62335507092001,1.347040056717476,0.6751429725673832,0.2041739729234873
AMARANTE,CADIZ,0.6689776080668476,dry-wet,350,139,92,25,20.555235375428914,0.6842352205192368,1.216235160697027,-0.23694659036792878
AMARANTE,CAMPDEVANOL,0.9027889425937078,dry-dry,701,137,93,35,18.57072589307274,1.9256730240954398,1.8846866946141139,0.36318311070734294
AMARANTE,CAMPDEVANOL,0.9027889425937078,wet-wet,223,70,128,47,41.9362890647656,1.1697544642857143,1.1207477115443882,0.22259519335644437
AMARANTE,CAMPDEVANOL,0.9027889425937078,dry-wet,520,160,170,31,34.85059160397681,0.5926470588235294,0.8895114422236259,-0.3040789748206982
AMARANTE,CAMPI,0.08144949484159086,dry-dry,756,128,135,109,22.591456861362914,4.76875,4.824832708616392,0.9333184929261595
AMARANTE,CAMPI,0.08144949484159086,wet-wet,456,150,129,111,51.2677562131515,2.615813953488372,2.1651035309309217,0.8995829241160657
AMARANTE,CAMPI,0.08144949484159086,dry-wet,119,62,57,8,8.683124714201629,0.2693831352574986,0.9213273174477906,-0.5611602177445351
AMARANTE,CUENCA,0.5435608566686928,dry-dry,744,153,110,56,20.413092355555577,2.475579322638146,2.743337414272717,0.5417619605824532
AMARANTE,CUENCA,0.5435608566686928,wet-wet,301,66,146,48,46.44363411678191,1.4993773349937733,1.0335108548849694,0.3770423122095233
AMARANTE,CUENCA,0.5435608566686928,dry-wet,438,177,141,24,28.82037263014863,0.42120447169130903,0.8327442642047557,-0.4188239757575676
AMARANTE,DAROCA,0.5816240670524255,dry-dry,594,110,74,32,14.566563076758182,2.3351351351351353,2.1968119611590398,0.43784907287992225
AMARANTE,DAROCA,0.5816240670524255,wet-wet,203,61,110,37,36.484985036169604,1.1193740685543965,1.014115805812167,0.12421685051492748
AMARANTE,DAROCA,0.5816240670524255,dry-wet,395,145,125,24,25.85736291517984,0.5230344827586207,0.9281688963691863,-0.361817967023929
AMARANTE,EXTREMO,0.10028796594422176,dry-dry,841,127,172,101,28.98465473781222,3.8885277421717634,3.4846024875445365,0.8408285001863968
AMARANTE,EXTREMO,0.10028796594422176,wet-wet,588,172,136,104,56.07442215488142,2.6142270861833103,1.8546780511218615,0.7961189673343858
AMARANTE,EXTREMO,0.10028796594422176,dry-wet,247,132,103,19,16.964721066320074,0.3451750514857311,1.1199712583380195,-0.4548524902443281
AMARANTE,FISTERRA,0.2493581455877165,dry-dry,107,6,36,3,4.428429177970995,1.4861111111111112,0.6774411149947602,-0.1226154078707448
AMARANTE,FISTERRA,0.2493581455877165,dry-wet,134,78,52,24,11.818323921237884,0.7928994082840237,2.0307448128808923,-0.135016408552483
AMARANTE,GETAFE,0.40186222901811963,dry-dry,526,102,63,28,12.615760347598279,2.291938997821351,2.219446091913952,0.4617072270935521
AMARANTE,GETAFE,0.40186222901811963,wet-wet,199,35,106,26,30.94448210307914,1.3946091644204852,0.8402144173359057,0.1847515549411863
AMARANTE,GETAFE,0.40186222901811963,dry-wet,373,168,102,30,22.390065202957288,0.6530112044817927,1.3398799748040746,-0.2652651793657382
AMARANTE,GUARDA,0.1247050741330204,dry-dry,624,110,79,63,16.343756996951488,4.523820483314154,3.854682862193255,0.8762702590880161
AMARANTE,GUARDA,0.1247050741330204,wet-wet,284,92,103,67,38.268266178232786,2.008020261713803,1.7507978983931598,0.7323623019228243
AMARANTE,GUARDA,0.1247050741330204,dry-wet,179,75,77,13,12.15886022614193,0.40294372294372294,1.0691791630312184,-0.4723000120280969
AMARANTE,LORCA,0.743650385162144,dry-dry,705,141,56,15,10.81456393553634,1.3392857142857142,1.3870184770659537,0.14068749266697478
AMARANTE,LORCA,0.743650385162144,dry-wet,597,169,110,30,27.58694051512127,0.9634211941904249,1.0874710801495386,0.11997879100653722
AMARANTE,MONTSERRAT,0.8659272353040036,dry-dry,730,146,84,37,16.961736237128704,2.2023809523809526,2.181380460274354,0.413581514704495
AMARANTE,MONTSERRAT,0.8659272353040036,wet-wet,186,52,119,38,36.29057466442731,1.1422107304460245,1.0471038376046522,0.18016704530395347
AMARANTE,MONTSERRAT,0.8659272353040036,dry-wet,517,165,141,26,30.71983067425241,0.5777777777777777,0.846358831716859,-0.2995344498290668
AMARANTE,OURENSE,0.1449565790625715,dry-dry,446,25,82,13,13.376533677117422,2.828292682926829,0.9718511771280822,0.2945425677018583
AMARANTE,OURENSE,0.1449565790625715,wet-wet,305,29,81,14,32.83569589875841,1.8177948063005533,0.42636525941663905,0.3576278672370187
AMARANTE,OURENSE,0.1449565790625715,dry-wet,293,229,97,62,22.43024742764225,0.8178093908972224,2.7641246580094956,-0.09895039949778635
AMARANTE,OVIEDO,0.34246519327302993,dry-dry,525,54,141,28,22.823159741561973,1.9306540583136327,1.2268239944450274,0.3289174362446483
AMARANTE,OVIEDO,0.34246519327302993,wet-wet,341,80,124,38,43.58047059620934,1.30625,0.8719501987962761,0.25756429170209116
AMARANTE,OVIEDO,0.34246519327302993,dry-wet,491,212,205,68,40.612816630906465,0.7682466635987114,1.6743482880783949,-0.15903719390199508
AMARANTE,PAMPLONA,0.5996423145961836,dry-dry,391,69,77,34,14.271151185355436,2.502164502164502,2.3824286883660535,0.5569342705424019
AMARANTE,PAMPLONA,0.5996423145961836,wet-wet,271,66,103,36,35.85892322118832,1.4351279788172993,1.0039342168179863,0.32928394151177626
AMARANTE,PAMPLONA,0.5996423145961836,dry-wet,305,117,113,24,22.903390733657496,0.5536646244610847,1.0478797781121112,-0.3332478875577227
AMARANTE,PONFERRADA,0.21803657893266967,dry-dry,450,36,82,16,13.793840657611357,2.4390243902439024,1.1599380040084266,0.30738709309918616
AMARANTE,PONFERRADA,0.21803657893266967,wet-wet,314,30,109,25,34.24652121615206,2.400611620795107,0.7300011537583262,0.38908586431541403
AMARANTE,PONFERRADA,0.21803657893266967,dry-wet,321,223,118,61,24.001499987479825,0.7441286007448507,2.5415078237535207,-0.13215337421610002
AMARANTE,PORTO,0.053395469373533455,dry-dry,801,23,155,11,22.653286526839732,2.471528751753156,0.4855807561064988,0.01578057404083885
AMARANTE,PORTO,0.053395469373533455,wet-wet,463,32,146,16,50.9628150716178,1.5856164383561644,0.31395439944821096,0.1658651636497381
AMARANTE,PORTO,0.053395469373533455,dry-wet,499,394,176,133,41.51650519913343,0.9570691047531149,3.2035451770823933,0.01550513337496664
AMARANTE,SORIA,0.49241913502285073,dry-dry,560,88,85,39,16.69635142884315,2.9197860962566846,2.335839669296073,0.5976601434130551
AMARANTE,SORIA,0.49241913502285073,wet-wet,288,53,127,42,41.22871131268642,1.7970583865696033,1.0187075623456667,0.520198972927878
AMARANTE,SORIA,0.49241913502285073,dry-wet,322,155,122,37,22.95857507035506,0.6300370174510841,1.6115982758780067,-0.2684504253557719
AMARANTE,TARIFA,0.7479390967867101,dry-dry,522,105,53,28,12.127019087784113,2.6264150943396225,2.3088938672657973,0.5041460113562314
AMARANTE,TARIFA,0.7479390967867101,wet-wet,200,37,91,18,29.161956002132797,1.0692010692010692,0.6172425470597221,0.026467923849423376
AMARANTE,TARIFA,0.7479390967867101,dry-wet,378,141,92,18,21.547997888432143,0.5245143385753932,0.8353444293617248,-0.3197984514073351
AMARANTE,TAVIRA,0.5670993036397277,dry-dry,495,91,54,23,8.94814758737666,2.316849816849817,2.5703643994927603,0.4362458231257185
AMARANTE,TAVIRA,0.5670993036397277,wet-wet,138,26,65,16,21.619280150443526,1.306508875739645,0.7400801455302736,0.2320145590078632
AMARANTE,TAVIRA,0.5670993036397277,dry-wet,319,143,71,26,17.043776473906455,0.8169014084507042,1.525483512401449,-0.1712375500489322
AMARANTE,TORREVIEJA,0.7834859559219466,dry-dry,851,190,72,16,13.394330040863474,0.9953216374269006,1.1945352959936881,0.024589724316585022
AMARANTE,TORREVIEJA,0.7834859559219466,dry-wet,733,214,144,33,33.21595780397776,0.7849493769470405,0.9934983719195387,0.014812697673424668
AMARANTE,VALENCIA,0.7151618291735352,dry-dry,454,100,54,18,9.331151425939623,1.5133333333333334,1.9290223873081607,0.2123051375948734
AMARANTE,VALENCIA,0.7151618291735352,wet-wet,120,38,77,19,21.228244915645682,0.7792207792207793,0.8950339547852392,-0.3165966269184555
AMARANTE,VALENCIA,0.7151618291735352,dry-wet,437,119,109,15,24.621143969355302,0.5053581065453704,0.6092324555946607,-0.29794273633256596
AMARANTE,VANDELLOS,0.7814961072152424,dry-dry,757,152,83,30,14.098416487801954,1.8000951173113506,2.1278985498801375,0.2952300175304211
AMARANTE,VANDELLOS,0.7814961072152424,wet-wet,152,42,97,29,30.604304451853693,1.0819833087874324,0.9475791238981573,0.09920499370266941
AMARANTE,VANDELLOS,0.7814961072152424,dry-wet,579,183,140,29,30.640629011756502,0.6553864168618267,0.9464557659332969,-0.2058601097376192
AMARANTE,VIMIANZO,0.2580404822439067,dry-dry,626,40,145,18,24.000414413418483,1.9427586206896552,0.7499870498042863,0.19507730553476696
AMARANTE,VIMIANZO,0.2580404822439067,wet-wet,524,115,98,40,39.58649194944607,1.85980479148181,1.0104456856415063,0.41405461870289284
AMARANTE,VIMIANZO,0.2580404822439067,dry-wet,489,258,139,55,31.20200443028465,0.7499581729964865,1.7627072684669267,-0.17616808913538182
AMARANTE,ZAMORA,0.20648632666523262,dry-dry,649,86,101,36,15.375298472385996,2.6898457287589226,2.341417961066312,0.447189748227513
AMARANTE,ZAMORA,0.20648632666523262,wet-wet,272,28,135,22,40.815266869181755,1.583068783068783,0.5390139937223212,0.14976537076355056
AMARANTE,ZAMORA,0.20648632666523262,dry-wet,376,219,108,41,25.166774108479014,0.6517842042956198,1.6291321177387834,-0.29715503525422704
ARANJUEZ,BARCELOS,0.48561569122587256,dry-dry,396,48,91,30,8.720323231685992,2.71978021978022,3.4402394501837503,0.5909928276646917
ARANJUEZ,BARCELOS,0.48561569122587256,wet-wet,136,74,27,18,23.349298222131985,1.2252252252252251,0.770901113547748,0.20166565071444686
ARANJUEZ,BARCELOS,0.48561569122587256,dry-wet,270,73,107,17,16.04799616510115,0.5876328255024965,1.0593222870384982,-0.2849861216835093
ARANJUEZ,BEARIZ,0.5268778566066761,dry-dry,394,32,86,18,10.355242811636874,2.57703488372093,1.7382499210711124,0.47065528919631056
ARANJUEZ,BEARIZ,0.5268778566066761,wet-wet,172,96,33,24,25.59699095455925,1.303030303030303,0.9376102074890643,0.318919550430449
ARANJUEZ,BEARIZ,0.5268778566066761,dry-wet,328,99,97,14,17.64971855075992,0.4781839008643132,0.7932137818366073,-0.3828751125199596
ARANJUEZ,BEJA,0.46859709323553483,dry-dry,691,73,118,49,13.336696676140924,3.9306942187137217,3.674073212421483,0.6964602259630582
ARANJUEZ,BEJA,0.46859709323553483,wet-wet,182,83,95,61,46.02510053896083,1.407989854153456,1.3253637533798048,0.5524386495677088
ARANJUEZ,BEJA,0.46859709323553483,dry-wet,236,129,91,31,19.883380723963256,0.6232217395008093,1.5590910032034493,-0.3175054770091995
ARANJUEZ,BRAGANCA,0.36581444188565804,dry-dry,682,56,126,34,13.83081284093971,3.286281179138322,2.458279234273112,0.5184416634779755
ARANJUEZ,BRAGANCA,0.36581444188565804,wet-wet,197,99,86,61,43.37965947111989,1.411439981207423,1.406189000644666,0.5378990046107097
ARANJUEZ,BRAGANCA,0.36581444188565804,dry-wet,291,132,106,28,21.153435540804317,0.5823327615780446,1.3236620569736237,-0.34222937572665346
ARANJUEZ,CADIZ,0.5406486192633485,dry-dry,699,95,87,50,12.695199645011567,4.228675136116152,3.9384965497290882,0.7290852448787191
ARANJUEZ,CADIZ,0.5406486192633485,wet-wet,213,104,99,70,53.54558762529327,1.4481351981351982,1.3072972602309096,0.5952131642502441
ARANJUEZ,CADIZ,0.5406486192633485,dry-wet,230,118,95,24,18.455422598181634,0.49241748438893845,1.3004308014255201,-0.4421989360302217
ARANJUEZ,CAMPDEVANOL,0.5786683445077687,dry-dry,820,109,99,47,15.60356840300087,3.5714947641553145,3.0121315064675196,0.6261740123091449
ARANJUEZ,CAMPDEVANOL,0.5786683445077687,wet-wet,193,113,91,68,56.926936441441306,1.2762812408830109,1.1945136037655768,0.44438625623174405
ARANJUEZ,CAMPDEVANOL,0.5786683445077687,dry-wet,319,117,161,39,27.61265191047128,0.660455486542443,1.4123960323133762,-0.29543448434877256
ARANJUEZ,CAMPI,0.41639195640515503,dry-dry,330,30,64,19,6.192589695362408,3.265625,3.0681832536441065,0.6068824923832207
ARANJUEZ,CAMPI,0.41639195640515503,dry-wet,186,52,72,10,10.36231875565106,0.4967948717948718,0.9650349729443064,-0.3763871211750306
ARANJUEZ,CUENCA,0.12341818181818187,dry-dry,760,102,139,80,17.362772289120105,4.288334038651432,4.607559130987957,0.8430138868769559
ARANJUEZ,CUENCA,0.12341818181818187,wet-wet,275,146,108,93,67.30180150373499,1.6219558599695585,1.381835224646087,0.7654885830317651
ARANJUEZ,CUENCA,0.12341818181818187,dry-wet,213,89,112,21,18.081378591642817,0.4487359550561798,1.1614158673557207,-0.4568655978841841
ARANJUEZ,DAROCA,0.23474509833546878,dry-dry,756,98,103,64,13.535946739582577,4.793342579750346,4.7281509916737186,0.8211703184513384
ARANJUEZ,DAROCA,0.23474509833546878,wet-wet,203,110,92,67,57.07659371982248,1.3439723320158103,1.1738612210968566,0.5066342480155207
ARANJUEZ,DAROCA,0.23474509833546878,dry-wet,205,80,97,13,17.27946101212811,0.3434278350515464,0.7523382813199763,-0.5440787879293691
ARANJUEZ,ENCISO,0.3046833894732552,dry-dry,261,36,36,16,4.249902679979046,3.2222222222222223,3.7647920916812354,0.5779983290264057
ARANJUEZ,ENCISO,0.3046833894732552,dry-wet,102,42,48,11,7.879365714802718,0.5565476190476191,1.396051458727781,-0.39998572340461935
ARANJUEZ,EXTREMO,0.5012120908788555,dry-dry,360,38,81,24,8.125877286272509,2.807017543859649,2.9535272505953936,0.5713501710277652
ARANJUEZ,EXTREMO,0.5012120908788555,wet-wet,131,72,25,13,20.01151976465398,0.9461111111111111,0.6496258231701966,-0.0656025925359679
ARANJUEZ,EXTREMO,0.5012120908788555,dry-wet,296,80,99,18,16.245872710976858,0.6727272727272727,1.1079737186318055,-0.20252241053983575
ARANJUEZ,FISTERRA,0.6348427280970375,dry-dry,226,24,67,12,7.679849812406363,1.6865671641791045,1.562530556341698,0.2548270299327689
ARANJUEZ,FISTERRA,0.6348427280970375,dry-wet,205,61,68,12,14.341319908729723,0.5930568948891032,0.8367430666333204,-0.2720740394441129
ARANJUEZ,GETAFE,0.035176866488291186,dry-dry,897,115,134,101,17.369447683968282,5.87910447761194,5.81480780722932,0.9402961261190447
ARANJUEZ,GETAFE,0.035176866488291186,wet-wet,275,142,143,121,67.79608033460761,1.6386782231852655,1.7847639480454387,0.8522305510706207
ARANJUEZ,GETAFE,0.035176866488291186,dry-wet,122,71,51,10,10.245626041798882,0.33692350179508423,0.976026253466913,-0.5598771236298007
ARANJUEZ,GUARDA,0.3275879213763869,dry-dry,335,32,51,13,5.717415028289326,2.6685049019607843,2.2737548237581158,0.40296629769763714
ARANJUEZ,GUARDA,0.3275879213763869,dry-wet,144,46,76,16,9.942156148109305,0.6590389016018307,1.609308862348004,-0.25319880469706313
ARANJUEZ,HUELVA,0.48462168724674026,dry-dry,111,10,13,5,1.708308950605291,4.269230769230769,2.92687104298575,0.7149631226190661
ARANJUEZ,LORCA,0.3665688811311133,dry-dry,912,136,61,21,10.93648646887836,2.308582449373192,1.920177934637334,0.3481581578565433
ARANJUEZ,LORCA,0.3665688811311133,wet-wet,118,61,73,44,39.941211823074,1.1659555355939817,1.1016190543968734,0.3488462961503688
ARANJUEZ,LORCA,0.3665688811311133,dry-wet,353,156,119,30,22.96823385403397,0.570458952811894,1.306151800380203,-0.27452882050070543
ARANJUEZ,MONTSERRAT,0.513972878605175,dry-dry,978,124,98,56,15.863813722522199,4.506912442396313,3.530046493202047,0.7276482157702602
ARANJUEZ,MONTSERRAT,0.513972878605175,wet-wet,191,107,93,63,57.780317809128746,1.209225203497136,1.0903366819150067,0.34078516223720273
ARANJUEZ,MONTSERRAT,0.513972878605175,dry-wet,319,132,154,39,26.55604313503076,0.612012987012987,1.468592282430589,-0.3211796161452969
ARANJUEZ,OURENSE,0.48621794943719665,dry-dry,500,39,104,24,12.158641513616494,2.9585798816568047,1.9739047304850905,0.5186537542420637
ARANJUEZ,OURENSE,0.48621794943719665,wet-wet,197,105,52,36,34.15958131243292,1.298901098901099,1.0538770856332842,0.3307332460866325
ARANJUEZ,OURENSE,0.48621794943719665,dry-wet,329,123,122,29,21.33007429238701,0.6358123417299747,1.3595827001104488,-0.253178113893436
ARANJUEZ,OVIEDO,0.4917013415610158,dry-dry,507,60,137,31,16.80050259487272,1.912043795620438,1.8451828940796549,0.3757211856583559
ARANJUEZ,OVIEDO,0.4917013415610158,wet-wet,203,117,65,37,41.20556759017856,0.9876397107166338,0.8979369091088321,-0.020651438059154145
ARANJUEZ,OVIEDO,0.4917013415610158,dry-wet,460,132,167,29,32.670897463218104,0.6051533297042279,0.8876401400558123,-0.3598370342725092
ARANJUEZ,PAMPLONA,0.4101315529476614,dry-dry,612,89,129,57,16.278503383512017,3.038411288215312,3.501550397915173,0.651885231161151
ARANJUEZ,PAMPLONA,0.4101315529476614,wet-wet,216,123,80,58,45.024072568154,1.273170731707317,1.288199771626701,0.39397966137691487
ARANJUEZ,PAMPLONA,0.4101315529476614,dry-wet,344,107,153,29,25.715211258113918,0.6093702278419156,1.1277371867147168,-0.3015362641528266
ARANJUEZ,PONFERRADA,0.43220058763847147,dry-dry,560,57,114,33,13.633288657885602,2.8439519852262234,2.420545829264206,0.5214167723416514
ARANJUEZ,PONFERRADA,0.43220058763847147,wet-wet,220,119,70,46,39.087064370091746,1.2148859543817527,1.176859934132015,0.2673304266421733
ARANJUEZ,PONFERRADA,0.43220058763847147,dry-wet,343,131,120,18,21.844276151694018,0.39274809160305346,0.8240144866784292,-0.4623031370333059
ARANJUEZ,PORTO,0.47525552790949094,dry-dry,588,41,127,25,13.759157871642339,2.8231227194161703,1.8169716659422206,0.4167423742528382
ARANJUEZ,PORTO,0.47525552790949094,wet-wet,194,97,70,46,35.24691352280445,1.3142857142857143,1.3050788112337381,0.36397411541034697
ARANJUEZ,PORTO,0.47525552790949094,dry-wet,374,145,120,36,24.291316032381815,0.7737931034482759,1.4820111002635588,-0.1691884657929583
ARANJUEZ,SORIA,0.25053305760033817,dry-dry,620,80,125,63,14.83468307427706,3.906,4.2468045784705915,0.8049875657394485
ARANJUEZ,SORIA,0.25053305760033817,wet-wet,235,125,97,77,53.93169651893153,1.4923711340206185,1.4277318343392156,0.6535229310435839
ARANJUEZ,SORIA,0.25053305760033817,dry-wet,222,95,104,20,17.537013821692813,0.4493927125506073,1.1404450155168686,-0.43970526795021564
ARANJUEZ,TARIFA,0.5805894673204941,dry-dry,677,96,91,54,12.726429354479452,4.184752747252747,4.243138314439554,0.7471044763941352
ARANJUEZ,TARIFA,0.5805894673204941,wet-wet,208,101,91,60,48.74875298389062,1.3578500707213579,1.2308007144270428,0.46029439530589683
ARANJUEZ,TARIFA,0.5805894673204941,dry-wet,219,108,90,19,17.25831370045472,0.4280864197530864,1.1009186835849083,-0.4433317408394747
ARANJUEZ,TAVIRA,0.5384151287043925,dry-dry,357,36,42,18,4.813603870550606,4.25,3.7394020123099705,0.6385042014159271
ARANJUEZ,TAVIRA,0.5384151287043925,dry-wet,111,63,33,14,8.063361204637935,0.7474747474747475,1.7362486492540345,-0.1733398370795372
ARANJUEZ,TORREVIEJA,0.37725811554629846,dry-dry,734,113,56,22,8.43221746727236,2.5518331226295827,2.609040870374578,0.4100532878822082
ARANJUEZ,TORREVIEJA,0.37725811554629846,dry-wet,283,124,99,26,18.737375937349768,0.5993809058325187,1.3876009152473388,-0.18852809287651043
ARANJUEZ,VALENCIA,0.28875293677680697,dry-dry,692,109,71,30,10.929195660385076,2.6825171210750742,2.7449412502276482,0.4909937341466286
ARANJUEZ,VALENCIA,0.28875293677680697,wet-wet,150,74,79,47,41.49812390053074,1.2059527882312693,1.132581321330502,0.32519186225995056
ARANJUEZ,VALENCIA,0.28875293677680697,dry-wet,310,138,137,40,22.298284490030962,0.6558764413413731,1.7938599724065345,-0.20498934297610408
ARANJUEZ,VANDELLOS,0.40417206133610895,dry-dry,799,117,84,43,10.743707278178519,3.4958282458282457,4.002342849319532,0.6320213695464306
ARANJUEZ,VANDELLOS,0.40417206133610895,wet-wet,126,70,66,41,39.59980272903658,1.1181818181818182,1.0353586930860321,0.20964792416555775
ARANJUEZ,VANDELLOS,0.40417206133610895,dry-wet,275,126,119,31,20.274170256830207,0.5685607576363879,1.529039147215228,-0.26997648306975724
ARANJUEZ,VIMIANZO,0.629689508325335,dry-dry,596,51,146,21,16.70648437104502,1.6809024979854956,1.256996956008071,0.22906444133850554
ARANJUEZ,VIMIANZO,0.629689508325335,wet-wet,286,155,52,25,35.65385934279449,0.8870967741935484,0.7011863641362686,-0.09346647043319557
ARANJUEZ,VIMIANZO,0.629689508325335,dry-wet,640,188,158,22,31.84548989983525,0.47401023431187717,0.6908356589644995,-0.3603718572482891
ARANJUEZ,ZAMORA,0.27471860425379063,dry-dry,846,89,145,61,16.72367317972779,3.9989151491669896,3.647524042382231,0.6775628635354884
ARANJUEZ,ZAMORA,0.27471860425379063,wet-wet,229,116,106,78,55.42619247397634,1.4526675341574495,1.4072768941619522,0.6203934394228569
ARANJUEZ,ZAMORA,0.27471860425379063,dry-wet,266,142,108,28,20.840016196167074,0.4856546687532603,1.3435690134036364,-0.3999987070309342
BARCELOS,BEJA,0.4819972487758231,dry-dry,761,139,97,44,16.902444102911005,2.483423570422013,2.6031738210228514,0.4887686858705263
BARCELOS,BEJA,0.4819972487758231,wet-wet,286,41,135,22,42.64324802473162,1.1367660343270098,0.5159081687971038,0.09608527382567292
BARCELOS,BEJA,0.4819972487758231,dry-wet,508,226,144,42,30.89311902566088,0.6556047197640118,1.3595260473736357,-0.28151475795025593
BARCELOS,BRAGANCA,0.16798652964943547,dry-dry,808,99,122,43,19.071823741984666,2.876635204504057,2.2546349306563642,0.481378605575198
BARCELOS,BRAGANCA,0.16798652964943547,wet-wet,395,38,157,22,50.44639811856638,1.456587328193094,0.4361064579534982,0.18037592196813385
BARCELOS,BRAGANCA,0.16798652964943547,dry-wet,459,299,144,77,32.34929485483207,0.8208612040133779,2.380268266913966,-0.13716527402136502
BARCELOS,CADIZ,0.7157642163440581,dry-dry,397,96,40,20,9.10024244664588,2.0677083333333335,2.197743644442297,0.3504801680113137
BARCELOS,CADIZ,0.7157642163440581,wet-wet,182,35,85,24,26.7908233145912,1.468235294117647,0.8958291321688788,0.3370655025557329
BARCELOS,CADIZ,0.7157642163440581,dry-wet,342,126,85,18,18.314467315690045,0.5747899159663865,0.9828295679983747,-0.34198654319473015
BARCELOS,CAMPDEVANOL,0.9461025684702606,dry-dry,643,135,91,38,16.66847993569452,1.9889295889295888,2.279751971781503,0.37209123282240963
BARCELOS,CAMPDEVANOL,0.9461025684702606,wet-wet,220,66,126,44,39.007065199249695,1.164021164021164,1.1280007807623103,0.20843241688045028
BARCELOS,CAMPDEVANOL,0.9461025684702606,dry-wet,508,159,152,27,32.03225037765162,0.5675273088381331,0.8429005043878359,-0.31587866884093196
BARCELOS,CAMPI,0.12095669370792832,dry-dry,688,134,115,95,19.81959936624645,4.241401687216094,4.793235132784202,0.8994042958176465
BARCELOS,CAMPI,0.12095669370792832,wet-wet,450,125,122,85,46.59801289016353,2.5081967213114753,1.8241121182646571,0.7994383788676483
BARCELOS,CAMPI,0.12095669370792832,dry-wet,162,72,79,7,11.041892129352188,0.19936708860759494,0.6339493193736425,-0.5897380272646083
BARCELOS,CUENCA,0.600297243823585,dry-dry,662,154,94,51,17.653418084440467,2.3322741088698535,2.8889589401924862,0.49684381484483653
BARCELOS,CUENCA,0.600297243823585,wet-wet,271,61,131,41,39.408337593590176,1.3904392441496685,1.0403889761304905,0.3095712343584209
BARCELOS,CUENCA,0.600297243823585,dry-wet,466,173,144,26,28.658127961202634,0.4863519588953115,0.9072469784208792,-0.3338096183368138
BARCELOS,DAROCA,0.6317580150934523,dry-dry,520,101,65,29,12.333387472135696,2.297029702970297,2.3513410298280566,0.4169867339142563
BARCELOS,DAROCA,0.6317580150934523,wet-wet,197,49,108,31,33.16739920107036,1.1540060468631896,0.9346527236600326,0.13577467767723156
BARCELOS,DAROCA,0.6317580150934523,dry-wet,403,141,116,25,24.189783644630143,0.6159819026656884,1.0334941546924383,-0.27249053732979245
BARCELOS,EXTREMO,0.060029139070066184,dry-dry,844,152,167,125,28.980587626903457,4.156161361487551,4.313232071386956,0.9095608902557063
BARCELOS,EXTREMO,0.060029139070066184,wet-wet,636,183,156,128,57.52001273672758,2.851618327028163,2.2253124418776364,0.8759526061895924
BARCELOS,EXTREMO,0.060029139070066184,dry-wet,193,102,89,19,13.247750121682227,0.40394359991187484,1.4342057953601663,-0.37619499491746267
BARCELOS,FISTERRA,0.1988372074456892,dry-wet,111,72,47,27,9.649444593310227,0.8856382978723404,2.7980885053963185,-0.004706860867117701
BARCELOS,GETAFE,0.4591653660801633,dry-dry,459,106,59,31,10.788213624269506,2.2751838823153183,2.8735063171405337,0.4995463157957679
BARCELOS,GETAFE,0.4591653660801633,wet-wet,190,33,96,21,27.911012051035648,1.259469696969697,0.7523912053637191,0.11652091776138308
BARCELOS,GETAFE,0.4591653660801633,dry-wet,365,153,90,24,20.373184314034688,0.6361655773420479,1.1780190877410788,-0.2611577354360333
BARCELOS,GUARDA,0.18246411909278548,dry-dry,583,108,63,48,14.643592566908975,4.112874779541446,3.2778841517667288,0.7940201549635926
BARCELOS,GUARDA,0.18246411909278548,wet-wet,278,76,102,53,34.470784722394,1.900670794633643,1.5375338979610889,0.6423987323921463
BARCELOS,GUARDA,0.18246411909278548,dry-wet,223,91,91,16,13.8824595676018,0.43086583745924406,1.1525335205974605,-0.40171081936790165
BARCELOS,LORCA,0.803074569951235,dry-dry,633,145,54,14,9.677661224815822,1.131800766283525,1.4466305106961872,0.05808154767627748
BARCELOS,LORCA,0.803074569951235,dry-wet,590,168,106,26,25.989322966538406,0.8614106019766398,1.0004108238400569,0.019919764256382026
BARCELOS,MONTSERRAT,0.9128176293538601,dry-dry,651,132,76,37,14.775012215440032,2.401016746411483,2.504228048037391,0.4628605099418123
BARCELOS,MONTSERRAT,0.9128176293538601,wet-wet,181,50,116,35,33.34327969477811,1.092241379310345,1.0496867830755516,0.11362868624557342
BARCELOS,MONTSERRAT,0.9128176293538601,dry-wet,495,155,125,27,27.833531594198178,0.6898064516129032,0.9700529704117057,-0.2400354665984692
BARCELOS,OURENSE,0.12706132701948344,dry-dry,396,39,77,27,12.112960782990914,3.5604395604395602,2.2290173710389247,0.5627821436167859
BARCELOS,OURENSE,0.12706132701948344,wet-wet,306,40,84,24,31.219520885002304,2.1857142857142855,0.7687497860202421,0.5079178684845499
BARCELOS,OURENSE,0.12706132701948344,dry-wet,252,203,80,54,18.735033099526216,0.8379310344827586,2.8823007524531987,-0.09024999208700644
BARCELOS,OVIEDO,0.34513326757742885,dry-dry,481,67,131,42,20.789512169196446,2.3016976187763474,2.0202494247186262,0.519108096303172
BARCELOS,OVIEDO,0.34513326757742885,wet-wet,345,86,123,40,41.50661309519529,1.3045944412932502,0.9637018541662294,0.24647137070040448
BARCELOS,OVIEDO,0.34513326757742885,dry-wet,431,179,174,50,34.35425851600565,0.6919026520259424,1.4554236406151801,-0.23539916931835939
BARCELOS,PAMPLONA,0.6340710178049938,dry-dry,352,68,69,36,12.769046099533687,2.70076726342711,2.819317881647767,0.6424735322172165
BARCELOS,PAMPLONA,0.6340710178049938,wet-wet,257,72,98,37,32.31506372002886,1.3476473922902494,1.1449768541557113,0.26190868157401653
BARCELOS,PAMPLONA,0.6340710178049938,dry-wet,280,112,101,22,20.67298025224919,0.5445544554455446,1.0641910228500524,-0.35232983078504326
BARCELOS,PONFERRADA,0.22564370344525275,dry-dry,422,56,86,37,13.038923950043992,3.242109634551495,2.8376574740184113,0.6259308953466839
BARCELOS,PONFERRADA,0.22564370344525275,wet-wet,308,32,112,22,32.524719909390924,1.890625,0.6764085920275027,0.2414916646144855
BARCELOS,PONFERRADA,0.22564370344525275,dry-wet,275,187,92,39,19.782225214788507,0.6234015345268542,1.9714667878133825,-0.2726179889878647
BARCELOS,PORTO,0.040976134985846215,dry-dry,776,41,148,25,21.269004718545286,3.197099538562953,1.1754193640382953,0.29363651780647754
BARCELOS,PORTO,0.040976134985846215,wet-wet,457,23,153,14,48.31694082305046,1.818130150610969,0.2897534438546459,0.14693094729251832
BARCELOS,PORTO,0.040976134985846215,dry-wet,452,375,156,121,36.59834061477561,0.9349059829059829,3.30616082498422,-0.017804907525513152
BARCELOS,SORIA,0.5366030211861776,dry-dry,516,95,75,40,14.78995321152044,2.896842105263158,2.7045386437627483,0.5934360285465443
BARCELOS,SORIA,0.5366030211861776,wet-wet,268,53,118,38,36.230443223001586,1.6283978253917493,1.0488417093356168,0.4331337297883281
BARCELOS,SORIA,0.5366030211861776,dry-wet,307,132,112,24,20.81987280699955,0.49837662337662336,1.152744794479787,-0.35879773034760737
BARCELOS,TARIFA,0.7964956682434401,dry-dry,469,107,42,21,10.88420431473629,2.191588785046729,1.9294014879496315,0.36692023242280847
BARCELOS,TARIFA,0.7964956682434401,wet-wet,176,40,83,21,23.970169277990678,1.1132530120481927,0.8760889318909452,0.07275763057856618
BARCELOS,TARIFA,0.7964956682434401,dry-wet,383,131,92,18,20.22868190296052,0.5720212412877531,0.8898256488657155,-0.2802935841249623
BARCELOS,TAVIRA,0.6072659181436411,dry-dry,459,92,50,20,8.161017438242435,1.9956521739130435,2.4506748271704732,0.35012067682127296
BARCELOS,TAVIRA,0.6072659181436411,wet-wet,143,28,68,15,20.839251666546605,1.1265756302521008,0.7197955204926866,0.09344778792708652
BARCELOS,TAVIRA,0.6072659181436411,dry-wet,349,140,72,21,16.833234983282743,0.7270833333333333,1.2475320412775865,-0.2428511008752915
BARCELOS,TORREVIEJA,0.8431049232133687,dry-dry,752,186,70,18,11.6354347546329,1.0396313364055298,1.5469984903514593,0.0261731366268189
BARCELOS,TORREVIEJA,0.8431049232133687,dry-wet,721,207,134,28,31.351041709942653,0.7278102242411133,0.8931122690931221,-0.02495810147616961
BARCELOS,VALENCIA,0.7725271503818149,dry-dry,419,88,47,14,8.296521157447204,1.4182785299806577,1.6874542635780763,0.12715715099576103
BARCELOS,VALENCIA,0.7725271503818149,wet-wet,109,36,70,19,18.21658217916487,0.8218253968253968,1.0430057522937075,-0.22203567210833283
BARCELOS,VALENCIA,0.7725271503818149,dry-wet,428,115,106,21,23.378894040532742,0.7373256767842494,0.8982460831377063,-0.13545164184745062
BARCELOS,VANDELLOS,0.8319730421067628,dry-dry,706,152,82,35,12.85661545759535,1.9825096277278562,2.7223338922626734,0.3752175978241619
BARCELOS,VANDELLOS,0.8319730421067628,wet-wet,149,39,93,27,28.332656417097592,1.1091811414392059,0.9529639438858479,0.14366232846971777
BARCELOS,VANDELLOS,0.8319730421067628,dry-wet,596,189,136,37,29.61745558567725,0.8579209461562403,1.24926328978418,-0.06998891109379111
BARCELOS,VIMIANZO,0.21143889579062577,dry-dry,577,46,134,29,21.39143004595961,2.7146333549643087,1.3556830907374278,0.4209864822968883
BARCELOS,VIMIANZO,0.21143889579062577,wet-wet,517,106,100,33,37.6844338100139,1.6095283018867925,0.8756931354301228,0.3279673065713329
BARCELOS,VIMIANZO,0.21143889579062577,dry-wet,431,248,129,55,27.93839215411081,0.7409664916229057,1.9686172238049635,-0.17460482610607894
BARCELOS,ZAMORA,0.25174102695500494,dry-dry,573,108,88,49,13.313423524036597,2.954229797979798,3.6804958477835097,0.6251041518287904
BARCELOS,ZAMORA,0.25174102695500494,wet-wet,249,26,124,17,35.924486001069,1.3129652605459057,0.4732148429206234,0.039835537162013636
BARCELOS,ZAMORA,0.25174102695500494,dry-wet,367,192,100,36,22.83147159245886,0.688125,1.5767708995109473,-0.24810007657090508
BEARIZ,BEJA,0.6063763446126246,dry-dry,344,71,35,19,8.620629178864718,2.630181086519115,2.204015461723199,0.533659802805346
BEARIZ,BEJA,0.6063763446126246,wet-wet,140,26,68,14,18.703641566622476,1.1085972850678734,0.7485173381949136,0.09767948266168046
BEARIZ,BEJA,0.6063763446126246,dry-wet,231,65,81,6,12.363836788688701,0.26324786324786326,0.48528625074452764,-0.5625256153683145
BEARIZ,BRAGANCA,0.16172822748933469,dry-dry,402,73,40,33,10.896036519875972,4.543150684931507,3.0286242102624334,0.8102218222124768
BEARIZ,BRAGANCA,0.16172822748933469,wet-wet,214,41,76,32,24.24006619738256,2.197689345314506,1.3201284080426874,0.716369797297662
BEARIZ,BRAGANCA,0.16172822748933469,dry-wet,152,56,58,8,8.523922332035838,0.37438423645320196,0.938535065005607,-0.463191013488053
BEARIZ,CADIZ,0.832147877610787,dry-dry,481,105,39,17,11.035674288530304,1.9968253968253968,1.540458657580044,0.2818411627186674
BEARIZ,CADIZ,0.832147877610787,wet-wet,184,40,89,22,23.697616825057022,1.1370786516853932,0.9283633946151909,0.12207701534891033
BEARIZ,CADIZ,0.832147877610787,dry-wet,416,117,125,21,20.63322387534987,0.5973333333333334,1.0177759969487032,-0.25932495145036943
BEARIZ,CAMPDEVANOL,0.912176071432521,dry-dry,506,102,49,15,13.667660153053417,1.518607442977191,1.0974811951736254,0.17351940116927833
BEARIZ,CAMPDEVANOL,0.912176071432521,wet-wet,185,59,90,25,28.371925862401174,0.8709981167608286,0.8811527325020367,-0.1482809492023977
BEARIZ,CAMPDEVANOL,0.912176071432521,dry-wet,486,126,168,37,31.70073223743788,0.8494897959183674,1.167165468698663,-0.11497035087128221
BEARIZ,CUENCA,0.6283106282640837,dry-dry,482,91,46,22,13.297271900433092,2.5332059245102725,1.6544747046409918,0.4712694614170774
BEARIZ,CUENCA,0.6283106282640837,wet-wet,233,56,97,33,29.192757360820515,1.4155007363770251,1.1304173700388156,0.3426659540950535
BEARIZ,CUENCA,0.6283106282640837,dry-wet,344,105,130,25,22.220758801379333,0.63003663003663,1.1250740905593264,-0.24670520106551322
BEARIZ,DAROCA,0.6271394781520138,dry-dry,537,97,44,20,12.98645338900052,2.516401124648547,1.5400663599917073,0.4174102608124688
BEARIZ,DAROCA,0.6271394781520138,wet-wet,167,48,84,24,24.274910236751467,0.9940476190476191,0.9886751285969634,0.0001533042611661962
BEARIZ,DAROCA,0.6271394781520138,dry-wet,376,108,122,23,23.114426867123697,0.6563448694596236,0.9950495477226627,-0.22075625581969488
BEARIZ,ENCISO,0.5258708499275143,dry-dry,280,51,23,10,6.085592862149062,2.3870417732310316,1.6432252742699267,0.41186425195604864
BEARIZ,ENCISO,0.5258708499275143,wet-wet,105,32,44,14,15.517790078896171,1.0440340909090908,0.9021903201951205,-0.014948836986363682
BEARIZ,ENCISO,0.5258708499275143,dry-wet,219,64,80,20,13.400071734501562,0.85546875,1.4925293234442474,-0.11377288728296067
BEARIZ,FISTERRA,0.10811111067835147,dry-dry,373,73,79,61,16.833543453793297,3.9453788798335356,3.623717143537843,0.9096536988695105
BEARIZ,FISTERRA,0.10811111067835147,wet-wet,249,70,88,48,23.694790317027667,1.9402597402597404,2.02576175428343,0.6473553138923268
BEARIZ,FISTERRA,0.10811111067835147,dry-wet,131,64,54,6,10.86546861381027,0.22743055555555555,0.5522081203542254,-0.6308410307308557
BEARIZ,GETAFE,0.49541758828778526,dry-dry,516,97,43,25,11.974199487706944,3.0927835051546393,2.087822240281341,0.576023429758151
BEARIZ,GETAFE,0.49541758828778526,wet-wet,202,42,101,27,25.57704733434176,1.2857142857142858,1.055633969279467,0.2262808909377907
BEARIZ,GETAFE,0.49541758828778526,dry-wet,370,109,117,24,19.572823879872452,0.6963067513526229,1.2261899533403657,-0.17797075950331676
BEARIZ,LORCA,0.8723882343311558,dry-dry,591,127,50,5,9.913842642692885,0.4653543307086614,0.5043453058724217,-0.28176913543974924
BEARIZ,LORCA,0.8723882343311558,dry-wet,583,153,134,33,26.26415992636091,0.9383962540239976,1.2564650875004166,0.023516230143559382
BEARIZ,MONTSERRAT,0.890950172538324,dry-dry,646,129,50,17,14.966190437551266,1.7026356589147287,1.1358936043835015,0.21552313798764028
BEARIZ,MONTSERRAT,0.890950172538324,wet-wet,168,46,90,23,26.349241356287877,0.9333333333333333,0.8728904065585695,-0.07185751255998991
BEARIZ,MONTSERRAT,0.890950172538324,dry-wet,576,160,168,44,32.19149732883332,0.9428571428571428,1.3668205473806907,-0.038386720365235306
BEARIZ,OURENSE,0.04139023071767084,dry-dry,499,90,67,61,17.463658799890048,5.047927031509121,3.4929679226431096,0.9416579423575465
BEARIZ,OURENSE,0.04139023071767084,wet-wet,397,79,112,69,35.390165688852235,3.0959538878842676,1.9496941779431887,0.89852787268844
BEARIZ,OURENSE,0.04139023071767084,dry-wet,118,43,63,6,7.883512230717255,0.26135105204872644,0.7610820944276141,-0.5281516028034539
BEARIZ,OVIEDO,0.24198027957244037,dry-dry,477,95,92,47,22.49616489709106,2.5651029748283753,2.0892449986476356,0.5756848134552474
BEARIZ,OVIEDO,0.24198027957244037,wet-wet,357,92,121,47,37.46227451292866,1.5072763205174273,1.2545954726742437,0.3546062462131395
BEARIZ,OVIEDO,0.24198027957244037,dry-wet,337,88,167,22,25.782652027671084,0.5044910179640718,0.8532869301570927,-0.3931279122465985
BEARIZ,PAMPLONA,0.5814467973562686,dry-dry,660,125,76,37,22.76486032408031,2.5705263157894738,1.6253119708738992,0.49215836533479984
BEARIZ,PAMPLONA,0.5814467973562686,wet-wet,329,85,133,44,34.845401700805255,1.2804953560371517,1.2627204122311262,0.22016153726054666
BEARIZ,PAMPLONA,0.5814467973562686,dry-wet,417,124,201,35,28.425938944546417,0.5855801636976409,1.23126979440427,-0.2875617034530492
BEARIZ,PONFERRADA,0.14702946889315588,dry-dry,559,109,65,59,18.886004216428343,4.655045871559633,3.1240065036455804,0.8773212694453525
BEARIZ,PONFERRADA,0.14702946889315588,wet-wet,412,79,127,63,37.3164167141101,2.587062693112728,1.6882649929294635,0.7715497079606903
BEARIZ,PONFERRADA,0.14702946889315588,dry-wet,169,71,83,9,10.998130281366652,0.25810283387069405,0.8183209118051691,-0.5504203032726017
BEARIZ,PORTO,0.17205815380968065,dry-dry,396,65,53,37,13.082217017841682,4.253120464441219,2.828266795264057,0.7958276494189429
BEARIZ,PORTO,0.17205815380968065,wet-wet,272,52,79,43,25.354131259268435,2.8471275559883154,1.695976074284973,0.8203379302448166
BEARIZ,PORTO,0.17205815380968065,dry-wet,112,58,48,10,7.689880207886183,0.40229885057471265,1.3004103743702957,-0.4249736316313514
BEARIZ,SORIA,0.5144861068207917,dry-dry,517,94,41,23,15.747840590504028,3.0853658536585367,1.4605177051302536,0.5197181953926607
BEARIZ,SORIA,0.5144861068207917,wet-wet,245,54,99,32,28.49559080305722,1.4665170220725776,1.1229807523965007,0.362659110666962
BEARIZ,SORIA,0.5144861068207917,dry-wet,278,89,134,23,18.113979203405574,0.5361395270836827,1.2697375734910756,-0.3373025554115768
BEARIZ,TARIFA,0.9099670904386328,dry-dry,434,87,40,17,10.134113660495961,2.1201149425287356,1.6775024012477895,0.3351817891157365
BEARIZ,TARIFA,0.9099670904386328,wet-wet,171,27,73,10,20.333282322977624,0.867579908675799,0.49180451248146495,-0.06281673265097576
BEARIZ,TARIFA,0.9099670904386328,dry-wet,353,112,115,28,18.363189721408773,0.7673913043478261,1.5247895613340054,-0.09793893973291369
BEARIZ,TORREVIEJA,0.9003575192516919,dry-dry,312,67,36,3,5.277669791623741,0.3880597014925373,0.5684326830680728,-0.27628773940330353
BEARIZ,TORREVIEJA,0.9003575192516919,dry-wet,351,81,79,19,16.187507212358497,1.0421940928270041,1.1737446507819487,0.08812454355870371
BEARIZ,VALENCIA,0.8015313580962197,dry-dry,604,122,53,7,12.221706455805055,0.6538818434890195,0.572751442305763,-0.15155777457481878
BEARIZ,VALENCIA,0.8015313580962197,dry-wet,608,152,154,42,30.01176602532055,1.0909090909090908,1.3994511340840499,0.12546329255215596
BEARIZ,VANDELLOS,0.824577826822438,dry-dry,357,74,31,9,7.007141336558984,1.4006102877070619,1.2844039484466363,0.07541263555675994
BEARIZ,VANDELLOS,0.824577826822438,dry-wet,364,94,107,25,18.617672517084806,0.9047524358719428,1.3428101701250974,-0.06784730645902931
BEARIZ,VIMIANZO,0.10464247278259048,dry-dry,641,95,149,81,27.081503375782674,3.6680324973507594,2.9909713237128974,0.8325513067243326
BEARIZ,VIMIANZO,0.10464247278259048,wet-wet,593,144,102,77,38.92946792004048,3.108728213507625,1.9779361012114223,0.8021341329879224
BEARIZ,VIMIANZO,0.10464247278259048,dry-wet,238,106,100,16,14.739075852534818,0.35924528301886793,1.0855497427437644,-0.44002189849942375
BEARIZ,ZAMORA,0.2570797435445883,dry-dry,702,140,53,44,17.52545583157496,4.1628032345013475,2.5106336989379097,0.7375655570107248
BEARIZ,ZAMORA,0.2570797435445883,wet-wet,284,59,128,42,35.64570592400679,1.5794491525423728,1.178262539940714,0.47113371786057795
BEARIZ,ZAMORA,0.2570797435445883,dry-wet,350,112,131,15,17.964471213875164,0.35782442748091603,0.8349814376063848,-0.44938338251932275
BEJA,BRAGANCA,0.524008380970907,dry-dry,1378,156,228,102,28.13879238920046,3.9517543859649122,3.6248890353641166,0.7477895176397304
BEJA,BRAGANCA,0.524008380970907,wet-wet,434,200,146,111,83.98011598972428,1.6497945205479452,1.3217414466727082,0.6396455542735109
BEJA,BRAGANCA,0.524008380970907,dry-wet,474,204,204,49,34.77858066260214,0.5581026528258363,1.408913160527288,-0.3286236739513657
BEJA,CADIZ,0.2509216760525587,dry-dry,864,130,88,67,15.920666991712881,5.06013986013986,4.208366397894965,0.8052406876511377
BEJA,CADIZ,0.2509216760525587,wet-wet,277,133,113,83,61.09613684006203,1.5297757668507552,1.3585146998291902,0.6135088819218489
BEJA,CADIZ,0.2509216760525587,dry-wet,237,102,134,35,19.6008730463629,0.6068920105355575,1.785634747861118,-0.3268946967703708
BEJA,CAMPDEVANOL,1.045890151359976,dry-dry,993,158,124,45,19.721205022568,2.280777868517762,2.2818078280969223,0.3800227196447011
BEJA,CAMPDEVANOL,1.045890151359976,wet-wet,207,112,95,59,54.11030536292933,1.1478383458646617,1.0903653121946817,0.19952533109514628
BEJA,CAMPDEVANOL,1.045890151359976,dry-wet,553,177,263,64,44.338336827180235,0.760284419239114,1.4434461141259316,-0.15143342960189188
BEJA,CAMPI,0.36299208338120537,dry-dry,639,76,88,26,12.723149476220993,2.4841507177033493,2.0435191812053186,0.44472056152401224
BEJA,CAMPI,0.36299208338120537,wet-wet,225,107,30,19,34.06260596871773,1.3317757009345794,0.5577964298283324,0.21539293461630715
BEJA,CAMPI,0.36299208338120537,dry-wet,362,106,175,34,22.26258212890375,0.6635040431266847,1.5272262580833977,-0.3108632983410813
BEJA,CUENCA,0.5726264192859728,dry-dry,1134,173,137,71,23.315314820281714,3.3970718535082907,3.0452087199885436,0.6071354214476126
BEJA,CUENCA,0.5726264192859728,wet-wet,319,153,114,72,68.10763891165168,1.3168214654282766,1.057150139845509,0.3333080211576401
BEJA,CUENCA,0.5726264192859728,dry-wet,455,159,265,64,37.2515256890474,0.6911119022190578,1.718050437295703,-0.26986985411680464
BEJA,DAROCA,0.7033172805107611,dry-dry,905,136,98,31,16.469558328729207,2.104966986794718,1.8822605549733624,0.31840592950455987
BEJA,DAROCA,0.7033172805107611,wet-wet,201,107,90,50,49.59235969196111,1.043613707165109,1.0082198207661608,0.013773912311801167
BEJA,DAROCA,0.7033172805107611,dry-wet,455,162,226,56,36.00858164407197,0.6959466841472741,1.5551848321473443,-0.2438774003043486
BEJA,EXTREMO,0.5386660019178984,dry-dry,719,86,125,32,16.783604706248813,2.1402790697674416,1.9066225974737043,0.36823771738195477
BEJA,EXTREMO,0.5386660019178984,wet-wet,290,143,37,22,37.985707005219695,1.2058212058212059,0.5791652106666577,0.1308825645267735
BEJA,EXTREMO,0.5386660019178984,dry-wet,539,149,210,37,29.98681350139786,0.6373601789709172,1.2338756833324491,-0.2791233886348261
BEJA,FISTERRA,0.6789768940522658,dry-dry,235,30,69,16,8.354709111348718,1.816425120772947,1.9150876214548522,0.42106020899914365
BEJA,FISTERRA,0.6789768940522658,dry-wet,175,63,64,11,12.006794911111719,0.4774305555555556,0.9161479047018636,-0.4396087661576831
BEJA,GETAFE,0.47626727654950846,dry-dry,971,151,109,72,18.112005786647195,4.247645664985722,3.9752637476011032,0.7445888223315373
BEJA,GETAFE,0.47626727654950846,wet-wet,264,130,105,80,57.53782213586578,1.5472527472527473,1.390389782412925,0.6349720855177126
BEJA,GETAFE,0.47626727654950846,dry-wet,266,113,146,32,20.759047974395536,0.5159413262213601,1.541496509833649,-0.3549340956472215
BEJA,GUARDA,0.3457533384978151,dry-dry,591,75,56,21,10.507910487037401,2.955,1.9984943748717388,0.471494715702405
BEJA,GUARDA,0.3457533384978151,wet-wet,171,72,26,12,30.471336610311837,1.0961538461538463,0.3938127215574478,0.10137920192120967
BEJA,GUARDA,0.3457533384978151,dry-wet,260,89,170,46,19.94990240908959,0.790482485128883,2.3057756903633497,-0.18281715554698016
BEJA,HUELVA,0.13186120765476556,dry-dry,118,15,12,9,2.1046375039300464,5.9,4.276270846259299,0.8772771559005252
BEJA,LORCA,0.5417106453534878,dry-dry,1208,190,78,16,14.59475900087753,1.3041835357624831,1.0962839467947347,0.06926330062909897
BEJA,LORCA,0.5417106453534878,wet-wet,114,57,75,39,33.572680381646926,1.04,1.161658811767678,0.09606212861902819
BEJA,LORCA,0.5417106453534878,dry-wet,555,215,199,56,34.2894371316665,0.726422811733084,1.6331560003440144,-0.10030646011358284
BEJA,MONTSERRAT,0.9767158029751792,dry-dry,1131,175,103,33,19.243317591239297,2.070624133148405,1.7148810148528424,0.291175604856982
BEJA,MONTSERRAT,0.9767158029751792,wet-wet,176,94,87,45,47.048226861216015,0.9684519442406456,0.9564653761074158,-0.045072289611720245
BEJA,MONTSERRAT,0.9767158029751792,dry-wet,538,192,262,62,41.45958171258684,0.6630884223918575,1.4954323569834096,-0.23472900299141808
BEJA,OURENSE,0.5858600984301142,dry-dry,695,80,142,48,16.903659601634363,2.936619718309859,2.8396217819814016,0.6021947178383968
BEJA,OURENSE,0.5858600984301142,wet-wet,313,133,64,38,47.966558845077124,1.3973214285714286,0.7922185980181063,0.35302702404280595
BEJA,OURENSE,0.5858600984301142,dry-wet,408,154,152,25,26.03729883313895,0.43574846206425155,0.9601610428260426,-0.40543061110373685
BEJA,OVIEDO,0.7464429486749602,dry-dry,792,108,222,52,26.501308812203433,1.7177177177177176,1.9621672411913038,0.34301705143206357
BEJA,OVIEDO,0.7464429486749602,wet-wet,271,145,92,53,49.41486806091438,1.0766866566716642,1.072551684943612,0.10153826929179785
BEJA,OVIEDO,0.7464429486749602,dry-wet,720,172,290,50,51.01553135814003,0.7217321571772254,0.9800936826275359,-0.23923324091193465
BEJA,PAMPLONA,0.8496340445087667,dry-dry,710,114,147,49,19.12115124237629,2.0760233918128654,2.5626072080537816,0.4053753886633046
BEJA,PAMPLONA,0.8496340445087667,wet-wet,230,125,80,51,42.895547825980714,1.173,1.1889345767746702,0.20789282216649058
BEJA,PAMPLONA,0.8496340445087667,dry-wet,521,138,231,48,37.41473102079118,0.7844908714473932,1.2829171476156447,-0.19154907771796767
BEJA,PONFERRADA,0.6281793364717346,dry-dry,828,113,164,68,20.309163527622573,3.038204187351608,3.3482422802649126,0.6350771775464547
BEJA,PONFERRADA,0.6281793364717346,wet-wet,312,150,83,62,49.406612291569445,1.553734939759036,1.2548927587690413,0.5475514810851612
BEJA,PONFERRADA,0.6281793364717346,dry-wet,411,148,166,30,26.241842080815935,0.5018723542819928,1.143212427984675,-0.36055955770514625
BEJA,PORTO,0.4425592502640899,dry-dry,1197,119,251,83,28.560321903099844,3.3262245137098665,2.9061297096581904,0.6490799060083249
BEJA,PORTO,0.4425592502640899,wet-wet,439,196,132,88,71.72480130394226,1.4931972789115646,1.226911729278826,0.4847652978473951
BEJA,PORTO,0.4425592502640899,dry-wet,597,233,205,37,38.057034794766125,0.46245158588924945,0.9722249828325696,-0.40703439773370176
BEJA,SORIA,0.6940998394861666,dry-dry,862,130,133,55,19.77548594529805,2.7420474262579524,2.781221162005233,0.5350312521162601
BEJA,SORIA,0.6940998394861666,wet-wet,284,134,91,65,56.80480835799747,1.5138592750533049,1.1442693299897162,0.5155151857475198
BEJA,SORIA,0.6940998394861666,dry-wet,378,122,217,43,29.64298577127518,0.6139608672659969,1.4505961151075448,-0.3321301841252127
BEJA,TARIFA,0.33809894201674173,dry-dry,921,140,90,50,16.727957096214276,3.6547619047619047,2.989008144414452,0.5974408133512363
BEJA,TARIFA,0.33809894201674173,wet-wet,241,119,83,64,48.873191348172284,1.5616077756403766,1.3095113749389606,0.5837004248050649
BEJA,TARIFA,0.33809894201674173,dry-wet,311,111,178,45,23.593558965443982,0.7083206802307926,1.9073002112953243,-0.22258966896102633
BEJA,TAVIRA,0.12527982956954045,dry-dry,655,101,67,55,10.263478953555312,5.32362937786316,5.358806721277269,0.8562671295507723
BEJA,TAVIRA,0.12527982956954045,wet-wet,179,72,83,61,39.232717202942226,1.8271419009370817,1.5548247572162897,0.8225404864725878
BEJA,TAVIRA,0.12527982956954045,dry-wet,127,69,41,8,8.428305594589512,0.35913750441852244,0.9491824792323075,-0.5033155427240286
BEJA,TORREVIEJA,0.6245926964369501,dry-dry,1413,222,94,19,16.600362127167703,1.2865152386428982,1.144553344948127,0.06464354557583393
BEJA,TORREVIEJA,0.6245926964369501,wet-wet,113,54,72,39,35.176621776508625,1.1334876543209877,1.1086908870266978,0.2606086041443733
BEJA,TORREVIEJA,0.6245926964369501,dry-wet,638,258,223,70,39.14872500331845,0.7762366600618764,1.7880531229067216,-0.03835494859505071
BEJA,VALENCIA,0.683956752653656,dry-dry,853,132,75,20,12.848154654534188,1.7232323232323232,1.55664377786283,0.19921868581037616
BEJA,VALENCIA,0.683956752653656,wet-wet,146,68,78,35,35.30357941744417,0.9634238310708899,0.9914008884522864,-0.05527927617960534
BEJA,VALENCIA,0.683956752653656,dry-wet,457,152,196,44,31.088286984457287,0.6749462943071965,1.4153240422027105,-0.21004581198960695
BEJA,VANDELLOS,0.8609538300279723,dry-dry,1033,155,87,24,14.338824424319665,1.8384872080088988,1.6737773815888488,0.24553530371164003
BEJA,VANDELLOS,0.8609538300279723,wet-wet,145,70,77,39,40.09081328624284,1.049165120593692,0.9727914403119092,0.10149860869805163
BEJA,VANDELLOS,0.8609538300279723,dry-wet,479,189,201,59,33.31699396254999,0.7439258732791071,1.7708680460884025,-0.11616042880073178
BEJA,VIMIANZO,0.6933160825760697,dry-dry,819,85,213,40,24.14995434539032,1.8094449047224523,1.6563178309956141,0.3373222681803384
BEJA,VIMIANZO,0.6933160825760697,wet-wet,415,202,57,37,46.63400996555835,1.3335938857043599,0.7934123620792299,0.29385815731532894
BEJA,VIMIANZO,0.6933160825760697,dry-wet,867,239,232,33,39.8953382770795,0.5159969701341798,0.8271643110483166,-0.3257436984267874
BEJA,ZAMORA,0.5106261810133333,dry-dry,1126,160,160,93,22.614916900817704,4.090546875,4.112329946109036,0.7533219163275817
BEJA,ZAMORA,0.5106261810133333,wet-wet,321,167,140,108,69.13869267145162,1.4828058169375535,1.5620775549404449,0.6428960263620977
BEJA,ZAMORA,0.5106261810133333,dry-wet,344,135,185,43,26.846078790183086,0.5922722722722723,1.60172367577659,-0.349897550269044
BRAGANCA,CADIZ,0.7239212000378984,dry-dry,736,140,62,32,14.630067687215009,2.713364055299539,2.187276278151762,0.4336606588547408
BRAGANCA,CADIZ,0.7239212000378984,wet-wet,260,97,111,63,48.51297485212953,1.5213151295625522,1.2986216613602402,0.5343592249777842
BRAGANCA,CADIZ,0.7239212000378984,dry-wet,374,132,160,36,25.05938684651094,0.6375,1.436587424125756,-0.2852961425735894
BRAGANCA,CAMPDEVANOL,0.7796732351870507,dry-dry,975,173,117,35,20.825134831995868,1.6859344894026975,1.6806613874223653,0.2099689291018649
BRAGANCA,CAMPDEVANOL,0.7796732351870507,wet-wet,244,113,112,54,54.47299092537297,1.041087231352718,0.9913169642911482,0.030402769628193403
BRAGANCA,CAMPDEVANOL,0.7796732351870507,dry-wet,673,189,293,66,50.92854867915167,0.8021019556855734,1.2959332577057718,-0.1382893200299513
BRAGANCA,CAMPI,0.2001201206647177,dry-dry,679,103,53,25,14.244298004341198,3.109543872504122,1.7550882460041775,0.4239512040794202
BRAGANCA,CAMPI,0.2001201206647177,wet-wet,299,117,23,15,38.86137184363085,1.6666666666666667,0.3859874031301963,0.2491658176162848
BRAGANCA,CAMPI,0.2001201206647177,dry-wet,345,118,242,70,24.436828861884543,0.8457066816080684,2.8645287977272216,-0.09906922312264545
BRAGANCA,CUENCA,0.46682019550136017,dry-dry,1086,189,115,50,24.280190571728152,2.4982746721877156,2.0592919092743855,0.40793636156936625
BRAGANCA,CUENCA,0.46682019550136017,wet-wet,353,141,128,72,64.45617909138295,1.4082446808510638,1.1170379785919635,0.3819638748109736
BRAGANCA,CUENCA,0.46682019550136017,dry-wet,541,185,285,68,40.87434079023158,0.6977335229966809,1.6636353928979104,-0.2310302311807087
BRAGANCA,DAROCA,0.4747846831028662,dry-dry,932,152,92,34,18.10604531073536,2.2660183066361554,1.8778258540997277,0.35679227803896113
BRAGANCA,DAROCA,0.4747846831028662,wet-wet,244,113,111,55,51.82596299302953,1.069919476999123,1.0612441491419538,0.054591849425764595
BRAGANCA,DAROCA,0.4747846831028662,dry-wet,506,161,228,53,37.46485273725194,0.7305764411027569,1.4146592373310252,-0.21384772421129927
BRAGANCA,EXTREMO,0.15224337296101123,dry-dry,776,113,109,47,19.43415604264866,2.9611106600633272,2.418422487544997,0.5361784251910189
BRAGANCA,EXTREMO,0.15224337296101123,wet-wet,416,170,40,23,46.99803408563434,1.4070588235294117,0.48938217198813216,0.14910085234991316
BRAGANCA,EXTREMO,0.15224337296101123,dry-wet,462,145,259,55,29.376908046652705,0.6766076421248836,1.8722188159712359,-0.23895250848272293
BRAGANCA,FISTERRA,0.2698283326744405,dry-dry,264,41,73,29,10.720345197104814,2.557968593384564,2.705136771886028,0.696420339758071
BRAGANCA,FISTERRA,0.2698283326744405,wet-wet,131,49,48,32,18.1894987376066,1.782312925170068,1.7592568361348153,0.6512452097227848
BRAGANCA,FISTERRA,0.2698283326744405,dry-wet,143,55,52,4,9.947250614353008,0.2,0.40212116443797563,-0.61005216270247
BRAGANCA,GETAFE,0.33392945921896694,dry-dry,923,165,81,52,18.37812019465288,3.5911709689487465,2.8294515134975238,0.607134187840203
BRAGANCA,GETAFE,0.33392945921896694,wet-wet,286,108,121,68,52.83581292603502,1.4882154882154883,1.287005843842951,0.4994066555594632
BRAGANCA,GETAFE,0.33392945921896694,dry-wet,361,125,169,31,24.894024834378904,0.5297514792899408,1.2452787448491929,-0.3527768281629777
BRAGANCA,GUARDA,0.17861565598157245,dry-dry,619,96,36,20,12.06570355975104,3.582175925925926,1.6575908649634248,0.4506741480959579
BRAGANCA,GUARDA,0.17861565598157245,wet-wet,206,83,32,20,31.957949695662847,1.5512048192771084,0.6258223756674317,0.24625032193272534
BRAGANCA,GUARDA,0.17861565598157245,dry-wet,272,100,193,62,21.14646924149615,0.8737823834196892,2.9319315339099794,-0.05500770310362218
BRAGANCA,HUELVA,0.6197697103525259,dry-dry,103,20,8,7,1.9687641414969375,4.50625,3.5555300162454166,0.753707647549431
BRAGANCA,LORCA,0.7171210143965437,dry-dry,1145,201,85,14,14.773526742921153,0.9382499268364062,0.9476410232721314,-0.035612598625340094
BRAGANCA,LORCA,0.7171210143965437,dry-wet,741,245,209,63,40.38526911617922,0.9116883116883117,1.5599747476923667,0.0934346749688781
BRAGANCA,MONTSERRAT,0.7495117478832102,dry-dry,1122,184,92,32,20.490132509592073,2.1209829867674856,1.5617273331453467,0.2763439852931359
BRAGANCA,MONTSERRAT,0.7495117478832102,wet-wet,205,94,111,48,47.029238752421946,0.9430707303047728,1.0206416534336964,-0.07889517581836625
BRAGANCA,MONTSERRAT,0.7495117478832102,dry-wet,663,218,275,75,47.18247202833349,0.8294412010008341,1.5895733473854832,-0.09630084449774734
BRAGANCA,OURENSE,0.12064456737178203,dry-dry,788,110,144,91,22.24846847749282,4.527020202020202,4.090169176905735,0.8865211879024907
BRAGANCA,OURENSE,0.12064456737178203,wet-wet,481,172,121,98,62.87048929041093,2.2649433019411878,1.558759938185292,0.8062919015014115
BRAGANCA,OURENSE,0.12064456737178203,dry-wet,217,98,104,16,15.420272076478632,0.34065934065934067,1.0375951812423374,-0.5016613365798958
BRAGANCA,OVIEDO,0.22435278377673468,dry-dry,885,146,227,100,32.078697442544986,2.670327680888299,3.117333556922205,0.6895005371373092
BRAGANCA,OVIEDO,0.22435278377673468,wet-wet,429,192,145,81,67.1754595971687,1.248168103448276,1.2057974814870336,0.263875388715337
BRAGANCA,OVIEDO,0.22435278377673468,dry-wet,605,129,278,29,44.57429314184827,0.4892365177625342,0.6505992121448483,-0.44467707170461535
BRAGANCA,PAMPLONA,0.46645327053594415,dry-dry,746,131,122,58,21.197223031856154,2.70729570767113,2.736207469857488,0.5275058332786814
BRAGANCA,PAMPLONA,0.46645327053594415,wet-wet,317,143,107,61,50.47886659283245,1.263773609568002,1.2084264984004505,0.26644392815536405
BRAGANCA,PAMPLONA,0.46645327053594415,dry-wet,504,130,257,60,38.43532496901179,0.9051182280754265,1.5610639443890375,-0.14314628353719017
BRAGANCA,PONFERRADA,0.10437614211645599,dry-dry,928,151,169,130,26.34969740589434,4.727457972491085,4.933642993976828,0.9450276097596354
BRAGANCA,PONFERRADA,0.10437614211645599,wet-wet,517,200,161,131,69.83281493472626,2.1033229813664596,1.875908913631043,0.8206376040291982
BRAGANCA,PONFERRADA,0.10437614211645599,dry-wet,200,88,111,17,14.891868642416117,0.34807534807534807,1.141562580775078,-0.5079288940577353
BRAGANCA,PORTO,0.1860591662914998,dry-dry,1357,179,269,157,36.47369360347676,4.4246017735872565,4.304472195956441,0.8766367682328883
BRAGANCA,PORTO,0.1860591662914998,wet-wet,671,249,223,168,93.72164186608045,2.0301474958128476,1.7925422202916212,0.7707726036743393
BRAGANCA,PORTO,0.1860591662914998,dry-wet,366,171,133,17,25.49243062036131,0.2735786835509827,0.666864617704275,-0.5710241589228052
BRAGANCA,SORIA,0.3717776204921634,dry-dry,895,148,113,64,22.086377272601442,3.4250179382922745,2.8977137902734813,0.6323370792896906
BRAGANCA,SORIA,0.3717776204921634,wet-wet,357,145,123,77,61.3863139057083,1.5412952060555087,1.2543512568334843,0.4773587188475698
BRAGANCA,SORIA,0.3717776204921634,dry-wet,380,119,227,49,29.686702317412085,0.6892977455299301,1.650570665481431,-0.2866411059631262
BRAGANCA,TARIFA,0.7951340263533716,dry-dry,814,143,73,27,15.777232855175392,2.1053740779768177,1.711326710320005,0.2768563733114396
BRAGANCA,TARIFA,0.7951340263533716,wet-wet,230,80,93,46,39.673644063701744,1.4220430107526882,1.1594599156593828,0.3984063265529033
BRAGANCA,TARIFA,0.7951340263533716,dry-wet,452,149,182,45,29.055685750303475,0.750055313813703,1.5487502303926863,-0.15614120891744912
BRAGANCA,TAVIRA,0.6434725936071012,dry-dry,560,103,44,27,8.722873617555734,3.3362753751103265,3.095310236486696,0.5498049212168368
BRAGANCA,TAVIRA,0.6434725936071012,wet-wet,146,40,67,27,27.15308287207965,1.4708955223880598,0.994362228672124,0.40661263524453145
BRAGANCA,TAVIRA,0.6434725936071012,dry-wet,259,113,81,24,15.530091182717673,0.6791215994755818,1.5453869341545066,-0.21853944344805684
BRAGANCA,TORREVIEJA,0.7409251484698183,dry-dry,1305,240,108,14,16.64493223073916,0.7048611111111112,0.8410968459304022,-0.1370074385494082
BRAGANCA,TORREVIEJA,0.7409251484698183,dry-wet,848,286,225,65,44.90130264993417,0.8565656565656565,1.4476194712381087,0.09128884234520072
BRAGANCA,VALENCIA,0.6401888244730894,dry-dry,819,144,82,22,13.40109331309418,1.5259146341463414,1.64165710110412,0.173297151347111
BRAGANCA,VALENCIA,0.6401888244730894,wet-wet,133,58,71,29,27.82850231488386,0.9366197183098591,1.0420970439537298,-0.07550740555901331
BRAGANCA,VALENCIA,0.6401888244730894,dry-wet,604,179,216,61,37.42610148540456,0.9529277881233188,1.6298785494339771,0.0281870040858586
BRAGANCA,VANDELLOS,0.6744162478337545,dry-dry,998,185,89,36,15.174297389298639,2.1820832068023077,2.372432744424019,0.3425599918901522
BRAGANCA,VANDELLOS,0.6744162478337545,wet-wet,171,71,94,44,40.74113532045414,1.127359904105484,1.0799895401518116,0.19525725273462607
BRAGANCA,VANDELLOS,0.6744162478337545,dry-wet,579,199,202,56,35.390646130428664,0.8066072938952187,1.5823390110939946,-0.07177619677101454
BRAGANCA,VIMIANZO,0.2638751617933556,dry-dry,940,102,222,68,30.04954226895763,2.8228228228228227,2.262929644364224,0.5924891553505984
BRAGANCA,VIMIANZO,0.2638751617933556,wet-wet,628,238,102,69,59.83080659807351,1.7849728126544735,1.153252043943224,0.49812456832940005
BRAGANCA,VIMIANZO,0.2638751617933556,dry-wet,671,225,208,22,33.103371883765966,0.31542735042735043,0.6645848669811456,-0.5000304317922323
BRAGANCA,ZAMORA,0.0962742235541101,dry-dry,1219,208,152,123,26.588222842797418,4.742440536437247,4.626108361105448,0.8581638348785917
BRAGANCA,ZAMORA,0.0962742235541101,wet-wet,437,177,200,142,79.98596764441137,1.7529378531073447,1.77531139751013,0.784270505177387
BRAGANCA,ZAMORA,0.0962742235541101,dry-wet,271,106,157,26,20.393817363084743,0.42338661218603535,1.2748961872662017,-0.46987417437124024
CADIZ,CAMPDEVANOL,1.0717890415033757,dry-dry,898,124,121,43,16.47143578736717,2.573580378565716,2.6105799491371005,0.46929817278715596
CADIZ,CAMPDEVANOL,1.0717890415033757,wet-wet,218,100,94,53,55.96003663601269,1.2291489361702128,0.9471044550012361,0.2814473722555876
CADIZ,CAMPDEVANOL,1.0717890415033757,dry-wet,449,143,219,44,33.62378025339076,0.6308394801545486,1.308597655243207,-0.2545888370098403
CADIZ,CAMPI,0.594807536450854,dry-dry,308,27,60,17,5.917319251952029,3.2320987654320987,2.872922564452133,0.6254904614293644
CADIZ,CAMPI,0.594807536450854,wet-wet,134,63,23,11,20.103304154326857,1.0172532781228434,0.5471737340069273,0.009472323164827679
CADIZ,CAMPI,0.594807536450854,dry-wet,230,58,93,12,12.754119092019517,0.5116796440489433,0.9408725066326703,-0.37226154850776455
CADIZ,CUENCA,0.6049412438117716,dry-dry,929,123,150,79,18.72722211741042,3.977831978319783,4.218458002191093,0.7694676362142853
CADIZ,CUENCA,0.6049412438117716,wet-wet,320,152,112,76,68.29831707204023,1.4285714285714286,1.1127653397350352,0.4461896994331623
CADIZ,CUENCA,0.6049412438117716,dry-wet,350,110,186,27,26.448466037994564,0.46187683284457476,1.0208531550076716,-0.4440172624420662
CADIZ,DAROCA,0.7578655035387859,dry-dry,791,94,100,44,13.48245432032243,3.7025531914893617,3.2635007658566835,0.6698122357280498
CADIZ,DAROCA,0.7578655035387859,wet-wet,219,105,96,59,53.63624295401418,1.281845238095238,1.1000024750164645,0.3540734355095411
CADIZ,DAROCA,0.7578655035387859,dry-wet,328,116,159,32,23.786809937017455,0.5690739535892431,1.3452833769946189,-0.31143585196094736
CADIZ,ENCISO,0.8447094329758403,dry-dry,341,33,42,14,4.630572738064697,3.4444444444444446,3.0233841021253807,0.5253530392206959
CADIZ,ENCISO,0.8447094329758403,dry-wet,140,43,64,17,9.63632961508071,0.8648255813953488,1.7641571717716316,-0.08695809067450959
CADIZ,EXTREMO,0.7686705679666319,dry-dry,367,39,83,15,8.503538707283763,1.7006487488415198,1.7639715083735257,0.24062918532455982
CADIZ,EXTREMO,0.7686705679666319,wet-wet,181,84,26,20,23.19494451202671,1.6575091575091576,0.8622568590164071,0.460981399387278
CADIZ,EXTREMO,0.7686705679666319,dry-wet,366,88,122,22,17.833637802337428,0.75,1.233623798119108,-0.2083776631206051
CADIZ,FISTERRA,0.914597475652859,dry-dry,330,31,97,14,9.543442498535004,1.5364150315929497,1.466975884451456,0.23114138873631035
CADIZ,FISTERRA,0.914597475652859,dry-wet,291,80,99,18,17.621941646386176,0.6613636363636364,1.0214538421020907,-0.1723381785789506
CADIZ,GETAFE,0.5630490639145191,dry-dry,997,105,129,69,17.039396584374973,5.078848283499446,4.049439172234103,0.8160297894674033
CADIZ,GETAFE,0.5630490639145191,wet-wet,276,129,125,94,59.10506783459387,1.6089302325581396,1.5903881586441952,0.731369262227815
CADIZ,GETAFE,0.5630490639145191,dry-wet,247,106,123,28,17.35548969575819,0.5304494554379506,1.6133223833403794,-0.34299217080651695
CADIZ,GUARDA,0.5556891139451701,dry-dry,262,30,43,15,4.85542801300389,3.046511627906977,3.089325999649618,0.5790193265151881
CADIZ,GUARDA,0.5556891139451701,wet-wet,111,50,18,11,20.10730488121976,1.3566666666666667,0.547064863490184,0.24033205321215137
CADIZ,GUARDA,0.5556891139451701,dry-wet,158,45,88,17,10.55962389288741,0.6782828282828283,1.6099058235824668,-0.26710927342668533
CADIZ,LORCA,0.4288301474473304,dry-dry,1095,155,80,33,12.393022454492394,2.9141129032258064,2.6627886878424643,0.43963723889968587
CADIZ,LORCA,0.4288301474473304,wet-wet,146,71,88,45,43.057943160186674,1.0515364916773366,1.0451033351172483,0.08981677892675129
CADIZ,LORCA,0.4288301474473304,dry-wet,427,167,159,32,25.508221934313667,0.5145934546002335,1.254497474673199,-0.28479027062459944
CADIZ,MONTSERRAT,0.9905720963354331,dry-dry,1089,137,114,41,17.009134063024316,2.858816749903957,2.410469565827502,0.49773733996085834
CADIZ,MONTSERRAT,0.9905720963354331,wet-wet,207,97,102,60,54.55216758972128,1.2553062462098241,1.0998646369334222,0.3567997682517456
CADIZ,MONTSERRAT,0.9905720963354331,dry-wet,442,158,209,46,31.321853688519077,0.6157107382956817,1.4686231682660962,-0.24834008447357112
CADIZ,OURENSE,0.8060136534809668,dry-dry,596,45,130,22,13.427430537003872,2.2413675213675215,1.638437073971188,0.3326221841864406
CADIZ,OURENSE,0.8060136534809668,wet-wet,265,111,62,29,39.86291506160158,1.1166811973263586,0.7274932090436754,0.13333470596609742
CADIZ,OURENSE,0.8060136534809668,dry-wet,459,159,142,22,26.750012810540987,0.44724953494552216,0.8224295126816081,-0.39523307098115157
CADIZ,OVIEDO,0.9344404310848965,dry-dry,637,77,195,45,19.6751861943221,1.9090909090909092,2.287144810501777,0.4195077956157362
CADIZ,OVIEDO,0.9344404310848965,wet-wet,239,121,72,39,42.40000678664806,1.0699035812672177,0.919811173527483,0.06284674484229043
CADIZ,OVIEDO,0.9344404310848965,dry-wet,622,159,242,50,41.8144901468864,0.808254067259213,1.1957577343250976,-0.1537443589897978
CADIZ,PAMPLONA,0.9506366288314548,dry-dry,780,102,154,51,18.51882685960826,2.5324675324675323,2.7539541455099945,0.5066695638144629
CADIZ,PAMPLONA,0.9506366288314548,wet-wet,247,126,88,48,45.02767861106504,1.0692640692640694,1.0660109843682801,0.08018080084819561
CADIZ,PAMPLONA,0.9506366288314548,dry-wet,523,138,220,36,35.51388034261854,0.6201581027667984,1.0136881594658664,-0.305576974579094
CADIZ,PONFERRADA,0.8268519850314745,dry-dry,691,63,138,31,15.444275197904123,2.463883137796181,2.0072162405010032,0.42954756907429154
CADIZ,PONFERRADA,0.8268519850314745,wet-wet,273,120,81,52,42.12608751479705,1.460493827160494,1.2343894975229939,0.4314904817291385
CADIZ,PONFERRADA,0.8268519850314745,dry-wet,453,150,146,23,26.413975649395518,0.47575342465753423,0.8707511623880199,-0.38219088417153657
CADIZ,PORTO,0.6785283486645897,dry-dry,641,47,148,25,14.730780938517785,2.3037665324899366,1.6971265884913436,0.30938657480835197
CADIZ,PORTO,0.6785283486645897,wet-wet,256,110,86,50,40.22999118738078,1.3530655391120507,1.2428538641013633,0.33587301390415375
CADIZ,PORTO,0.6785283486645897,dry-wet,444,167,138,36,27.816499415144772,0.693569382973184,1.294195918139135,-0.22929104533486513
CADIZ,SORIA,0.7907146176192608,dry-dry,758,89,134,55,16.278057115366906,3.4957236290457825,3.3787816082841102,0.6960597528787221
CADIZ,SORIA,0.7907146176192608,wet-wet,270,121,90,64,53.68893764298111,1.5867768595041323,1.192051897647613,0.57404514138893
CADIZ,SORIA,0.7907146176192608,dry-wet,317,101,161,23,22.605563750417524,0.44837340876944837,1.0174486358286547,-0.43509028546243333
CADIZ,TARIFA,0.08765658666392612,dry-dry,921,126,108,81,16.05502485637328,5.482142857142857,5.045149460970523,0.8637135615760115
CADIZ,TARIFA,0.08765658666392612,wet-wet,308,140,115,92,62.979167245453894,1.76,1.460800515850596,0.7553351257090076
CADIZ,TARIFA,0.08765658666392612,dry-wet,189,73,106,14,13.639059824374865,0.34194882398552595,1.0264637137949997,-0.4982858203333557
CADIZ,TAVIRA,0.14776927129606074,dry-dry,371,37,41,29,5.475111077289631,7.09228740936058,5.296696193121986,0.8796156727333253
CADIZ,TAVIRA,0.14776927129606074,wet-wet,117,44,56,35,25.31616294316577,1.6619318181818181,1.3825159870622665,0.6640755636671385
CADIZ,TORREVIEJA,0.5243109158763477,dry-dry,827,127,65,27,9.368939305123735,2.704906117504543,2.88186304987952,0.41176727928826523
CADIZ,TORREVIEJA,0.5243109158763477,wet-wet,109,51,68,36,34.418341090374945,1.1314878892733564,1.0459539553481665,0.24311030865479102
CADIZ,TORREVIEJA,0.5243109158763477,dry-wet,357,144,124,26,20.228393549558415,0.5198252688172043,1.2853220368835259,-0.2873688542787479
CADIZ,VALENCIA,0.6552480366137539,dry-dry,835,119,84,33,11.96251967774729,2.7566026410564226,2.758616151861943,0.48175634449740834
CADIZ,VALENCIA,0.6552480366137539,wet-wet,181,87,92,52,43.570687935947184,1.175912043978011,1.1934629096617584,0.26722747896009863
CADIZ,VALENCIA,0.6552480366137539,dry-wet,375,130,167,33,23.6829561304475,0.5700138185168125,1.3934071328863475,-0.28788812614702686
CADIZ,VANDELLOS,0.8695847380221294,dry-dry,850,112,78,24,11.126062852885937,2.3351648351648353,2.157097287453733,0.35328556711614245
CADIZ,VANDELLOS,0.8695847380221294,wet-wet,147,66,81,47,40.18297108488546,1.292368125701459,1.169649698144862,0.4469743456518797
CADIZ,VANDELLOS,0.8695847380221294,dry-wet,348,129,141,27,22.0010681033107,0.516575952498763,1.2272131458898154,-0.3321752253553216
CADIZ,VIMIANZO,0.9261247633723952,dry-dry,647,49,184,18,17.703634839701614,1.29170363797693,1.0167403565980568,0.09501267736869864
CADIZ,VIMIANZO,0.9261247633723952,wet-wet,363,162,60,28,38.627075360447975,1.045679012345679,0.7248801453052922,0.06548972260467713
CADIZ,VIMIANZO,0.9261247633723952,dry-wet,827,214,205,31,36.678018467762755,0.5843856849783451,0.8451928783242936,-0.2692476962469646
CADIZ,ZAMORA,0.684990967360994,dry-dry,994,105,165,66,17.91055017565991,3.7866666666666666,3.6849789287708603,0.6742054587384982
CADIZ,ZAMORA,0.684990967360994,wet-wet,278,119,115,71,58.71554665701761,1.4423090975520643,1.209219772997109,0.49759044927919616
CADIZ,ZAMORA,0.684990967360994,dry-wet,366,150,152,28,25.764078099352567,0.4494736842105263,1.086784471465471,-0.4198812063360308
CAMPDEVANOL,CAMPI,0.930551267779798,dry-dry,535,77,97,27,12.422123389402193,1.9339938412103361,2.1735414432475184,0.34902026282362664
CAMPDEVANOL,CAMPI,0.930551267779798,wet-wet,163,84,46,27,29.575599095248744,1.138975155279503,0.9129147278824689,0.17283744347125105
CAMPDEVANOL,CAMPI,0.930551267779798,dry-wet,417,134,131,31,26.06781408093125,0.7364133530819187,1.1892059650170925,-0.19778850046550728
CAMPDEVANOL,CUENCA,0.47647032386013677,dry-dry,1199,150,188,75,27.074559540011037,3.1888297872340425,2.7701281673359928,0.6131220079826949
CAMPDEVANOL,CUENCA,0.47647032386013677,wet-wet,374,174,174,110,93.34998359757468,1.3588320782137666,1.1783612140115889,0.4519002932740573
CAMPDEVANOL,CUENCA,0.47647032386013677,dry-wet,476,250,177,53,40.16293061465263,0.5701242937853107,1.3196248179325845,-0.3482561834262699
CAMPDEVANOL,DAROCA,0.3467956985495724,dry-dry,1125,134,143,68,22.487952636197512,3.9922763803360817,3.023841302944781,0.6954329857472583
CAMPDEVANOL,DAROCA,0.3467956985495724,wet-wet,340,163,174,114,97.3554758832586,1.3666173048445103,1.1709664912603401,0.5314190791477602
CAMPDEVANOL,DAROCA,0.3467956985495724,dry-wet,383,195,145,32,30.68492223953502,0.4334571175950486,1.042857457815898,-0.4904837894837349
CAMPDEVANOL,ENCISO,0.38762069543729993,dry-dry,329,42,42,17,5.4657365713772545,3.1706349206349205,3.1102852795769382,0.5415373744899744
CAMPDEVANOL,ENCISO,0.38762069543729993,dry-wet,117,56,52,12,9.531324970246148,0.48214285714285715,1.259006490436565,-0.4303369017496679
CAMPDEVANOL,EXTREMO,0.9290053864072733,dry-dry,617,82,124,35,16.76940460293008,2.1238198269079467,2.0871343275887404,0.4050453850686655
CAMPDEVANOL,EXTREMO,0.9290053864072733,wet-wet,228,132,65,45,36.137444700489866,1.1958041958041958,1.245245765796772,0.2540991350666375
CAMPDEVANOL,EXTREMO,0.9290053864072733,dry-wet,535,157,148,31,31.440938055015387,0.7137631261835083,0.9859756711379338,-0.22256663520200126
CAMPDEVANOL,FISTERRA,1.0045598354012788,dry-dry,346,40,78,12,11.487177645897445,1.3307692307692307,1.0446430245888734,0.11549326359540775
CAMPDEVANOL,FISTERRA,1.0045598354012788,wet-wet,116,64,41,23,21.20621080693763,1.016768292682927,1.0845879166906862,0.024524652193006716
CAMPDEVANOL,FISTERRA,1.0045598354012788,dry-wet,361,132,129,49,30.321766810696964,1.0388184167253935,1.6160008190127528,0.028958493506835735
CAMPDEVANOL,GETAFE,0.5769152621649386,dry-dry,1006,122,145,56,19.311853062532684,3.184624081401922,2.8997735131201225,0.5830335459088976
CAMPDEVANOL,GETAFE,0.5769152621649386,wet-wet,249,111,141,81,62.4528806821019,1.288671650373778,1.296977803350766,0.353895897275084
CAMPDEVANOL,GETAFE,0.5769152621649386,dry-wet,455,242,138,49,35.171547963710985,0.6675949215474907,1.3931715502131672,-0.25426286945519216
CAMPDEVANOL,GUARDA,0.8518445380091043,dry-dry,532,79,81,28,11.15033479741056,2.3278637287076105,2.511135361289998,0.43245056625989764
CAMPDEVANOL,GUARDA,0.8518445380091043,wet-wet,124,64,44,29,26.647003876238408,1.2769886363636365,1.088302464873351,0.34122291362404195
CAMPDEVANOL,GUARDA,0.8518445380091043,dry-wet,287,103,100,18,19.761321069600243,0.5015533980582524,0.9108702771744464,-0.3444106686256696
CAMPDEVANOL,LORCA,0.7075167147417136,dry-dry,1293,192,106,33,16.660791740981093,2.09655070754717,1.980698187279349,0.30857135725735424
CAMPDEVANOL,LORCA,0.7075167147417136,wet-wet,155,58,105,42,53.62431000511065,1.0689655172413792,0.7832268610262249,0.06662298787766235
CAMPDEVANOL,LORCA,0.7075167147417136,dry-wet,593,290,169,55,38.403416013241696,0.6654764333809426,1.432164263226889,-0.1855144471761859
CAMPDEVANOL,MONTSERRAT,0.09030225521937843,dry-dry,1519,232,187,133,28.97206294620889,4.656716761939886,4.590629264023589,0.8339172126317936
CAMPDEVANOL,MONTSERRAT,0.09030225521937843,wet-wet,436,211,238,183,134.3524811079401,1.5888326894738938,1.3620887272857731,0.832816405304005
CAMPDEVANOL,MONTSERRAT,0.09030225521937843,dry-wet,306,161,128,21,24.259447179815638,0.311820652173913,0.8656421494003554,-0.5833148409938871
CAMPDEVANOL,OURENSE,0.8751417513397731,dry-dry,681,74,137,25,17.86373578527994,1.679325310712172,1.3994833051998272,0.20295270670012958
CAMPDEVANOL,OURENSE,0.8751417513397731,wet-wet,249,123,80,38,43.94950247877192,0.9615853658536585,0.8646286728354754,-0.03652162906239488
CAMPDEVANOL,OURENSE,0.8751417513397731,dry-wet,639,234,174,50,43.29943091048993,0.7847038019451813,1.154749587895548,-0.15984197467232084
CAMPDEVANOL,OVIEDO,0.7184696533269695,dry-dry,879,98,248,57,32.404982075043996,2.061512508229098,1.7589887835147833,0.4323962255862193
CAMPDEVANOL,OVIEDO,0.7184696533269695,wet-wet,358,178,131,75,74.41487153641802,1.1514709666352174,1.007863058169705,0.19534529228393283
CAMPDEVANOL,OVIEDO,0.7184696533269695,dry-wet,730,255,284,77,60.2443441824464,0.776166804750069,1.2781282798400144,-0.18840222117516714
CAMPDEVANOL,PAMPLONA,0.3418258987508539,dry-dry,937,122,202,70,26.657013612966242,2.6614997565330305,2.6259505665687657,0.5639503261555104
CAMPDEVANOL,PAMPLONA,0.3418258987508539,wet-wet,330,162,132,75,70.54252396295165,1.1574074074074074,1.0631884966206961,0.19614863847746294
CAMPDEVANOL,PAMPLONA,0.3418258987508539,dry-wet,529,207,221,50,43.07989929154425,0.5781799899446959,1.1606340966960902,-0.3145348812404043
CAMPDEVANOL,PONFERRADA,0.7665255483779059,dry-dry,790,88,154,32,20.08798448415364,1.8654073199527745,1.5929920707198437,0.28854034079936697
CAMPDEVANOL,PONFERRADA,0.7665255483779059,wet-wet,274,130,105,51,49.62595246231345,1.0237362637362637,1.0276880839461977,0.007563523585383905
CAMPDEVANOL,PONFERRADA,0.7665255483779059,dry-wet,649,261,175,52,46.22093015593011,0.738872468527641,1.12503144840603,-0.20936986424066992
CAMPDEVANOL,PORTO,0.9561303283378876,dry-dry,834,86,172,20,21.171539755747837,1.1276365603028664,0.9446644047025546,0.008621363985191267
CAMPDEVANOL,PORTO,0.9561303283378876,wet-wet,258,130,103,53,48.49180782641966,1.021209858103062,1.0929681192690892,0.02891724755102411
CAMPDEVANOL,PORTO,0.9561303283378876,dry-wet,764,294,209,76,54.949398024636665,0.9449598021026593,1.3830906749137681,-0.049579975349154023
CAMPDEVANOL,SORIA,0.41037893444346774,dry-dry,970,112,170,66,23.740410561354466,3.3623949579831933,2.7800698656592435,0.6632569731979595
CAMPDEVANOL,SORIA,0.41037893444346774,wet-wet,338,153,152,89,78.90551360260865,1.293515651874785,1.1279313185670414,0.34616449605558475
CAMPDEVANOL,SORIA,0.41037893444346774,dry-wet,434,215,158,42,35.95899480737531,0.5365911098027671,1.1679970540051263,-0.38119301726590443
CAMPDEVANOL,TARIFA,1.0839945897290157,dry-dry,936,132,122,42,17.82443370855691,2.4411326378539493,2.3563160932196805,0.43149876707572743
CAMPDEVANOL,TARIFA,1.0839945897290157,wet-wet,227,101,103,55,54.30914837246954,1.2001345765644527,1.0127207229027488,0.23595756841444596
CAMPDEVANOL,TARIFA,1.0839945897290157,dry-wet,467,220,139,38,34.01710255252985,0.5803139306736429,1.117085146841054,-0.27018401547276494
CAMPDEVANOL,TAVIRA,1.1036618996395817,dry-dry,500,66,57,11,7.449324514444977,1.4619883040935673,1.476643953242997,0.1596909009296741
CAMPDEVANOL,TAVIRA,1.1036618996395817,dry-wet,242,124,59,21,16.95961758906939,0.6946418808091853,1.2382354666731796,-0.1487482616703397
CAMPDEVANOL,TORREVIEJA,0.6306718076793942,dry-dry,1158,192,96,36,14.763261939698122,2.26171875,2.438485488305041,0.35857286581842424
CAMPDEVANOL,TORREVIEJA,0.6306718076793942,wet-wet,117,48,86,37,43.345084416077455,1.0486918604651163,0.8536146716160518,0.052568532762627976
CAMPDEVANOL,TORREVIEJA,0.6306718076793942,dry-wet,526,250,149,44,34.18026502349622,0.6213154362416108,1.2872925347346924,-0.14882947714840264
CAMPDEVANOL,VALENCIA,0.43415396772255566,dry-dry,1136,159,129,55,18.4521691764902,3.046170347618351,2.980679370210586,0.5468325420094459
CAMPDEVANOL,VALENCIA,0.43415396772255566,wet-wet,256,104,145,76,72.30214297518667,1.290185676392573,1.0511445010154457,0.3520408378325749
CAMPDEVANOL,VALENCIA,0.43415396772255566,dry-wet,493,241,163,41,36.027296737595684,0.5145482778810172,1.138025988977828,-0.3475665522575841
CAMPDEVANOL,VANDELLOS,0.20610674919433536,dry-dry,1255,183,136,76,19.260512805629833,3.832369013179042,3.9458970156695545,0.6762875852759243
CAMPDEVANOL,VANDELLOS,0.20610674919433536,wet-wet,276,118,160,100,88.36339541295237,1.4618644067796611,1.131690328700768,0.6679338843338998
CAMPDEVANOL,VANDELLOS,0.20610674919433536,dry-wet,356,197,127,29,25.39850945351083,0.4126463887445541,1.1417992875952545,-0.472656098198339
CAMPDEVANOL,VIMIANZO,0.9852292676745756,dry-dry,869,82,224,28,27.576941188226417,1.3246951219512195,1.0153410347030873,0.09498349593327994
CAMPDEVANOL,VIMIANZO,0.9852292676745756,wet-wet,416,209,92,42,53.91385488763146,0.9086748491782817,0.7790205335444368,-0.054843375056711725
CAMPDEVANOL,VIMIANZO,0.9852292676745756,dry-wet,1079,339,267,75,63.22126181572486,0.894070465016075,1.1863097610833424,-0.10530281448017188
CAMPDEVANOL,ZAMORA,0.696348196416862,dry-dry,1165,145,188,54,23.349680317934464,2.3077769625825386,2.31266549540396,0.39069794619603776
CAMPDEVANOL,ZAMORA,0.696348196416862,wet-wet,257,115,140,69,63.733196994482796,1.1014285714285714,1.0826382992520074,0.09768281365618374
CAMPDEVANOL,ZAMORA,0.696348196416862,dry-wet,614,316,185,67,49.14709062815762,0.7036948340745809,1.3632546534018841,-0.21609331939687013
CAMPI,CUENCA,0.5378713541269116,dry-dry,563,108,78,44,13.214354564766502,2.9406457739791074,3.329712380907155,0.6289886703751021
CAMPI,CUENCA,0.5378713541269116,wet-wet,218,48,109,33,32.04074390441423,1.375,1.0299386337111112,0.27250394594977306
CAMPI,CUENCA,0.5378713541269116,dry-wet,333,125,110,19,20.507363738439697,0.4601454545454545,0.9264964645058573,-0.3879510611406945
CAMPI,DAROCA,0.5972641924112667,dry-dry,441,76,54,27,9.463009836698138,2.901315789473684,2.853214829735496,0.5505096958489099
CAMPI,DAROCA,0.5972641924112667,wet-wet,154,43,81,27,26.106132978481824,1.193798449612403,1.0342397329491484,0.2080758955139942
CAMPI,DAROCA,0.5972641924112667,dry-wet,281,95,84,14,16.22949002939037,0.49298245614035086,0.8626272282522166,-0.37240738594475636
CAMPI,EXTREMO,0.17576614495042542,dry-dry,652,91,123,68,19.430418556091787,3.9610470829983027,3.4996672770428185,0.8104724827654605
CAMPI,EXTREMO,0.17576614495042542,wet-wet,441,118,109,75,40.100081886680464,2.57152853366506,1.8703203702162963,0.7584484890168873
CAMPI,EXTREMO,0.17576614495042542,dry-wet,216,107,93,21,13.678692816368192,0.4558335845643654,1.535234417639015,-0.34029327972919754
CAMPI,GETAFE,0.3959723204893544,dry-dry,370,66,45,21,7.60574719622297,2.6161616161616164,2.7610699459520087,0.5699778390109906
CAMPI,GETAFE,0.3959723204893544,wet-wet,150,26,75,15,22.026539371464448,1.1538461538461537,0.6809966716529523,0.044562468346969995
CAMPI,GETAFE,0.3959723204893544,dry-wet,257,113,69,20,14.524910173664644,0.6592279081698089,1.3769448320762998,-0.27473567725949555
CAMPI,GUARDA,0.08885525402102486,dry-dry,614,105,71,59,14.040722538038441,4.8592890677397715,4.202062952256202,0.8600337645286166
CAMPI,GUARDA,0.08885525402102486,wet-wet,300,79,105,59,37.914700843121594,2.1338155515370705,1.5561246347194548,0.7356281228153234
CAMPI,GUARDA,0.08885525402102486,dry-wet,171,69,83,12,10.762393854998006,0.35830277632268204,1.1149935750053652,-0.494539993546427
CAMPI,LORCA,0.703582217755221,dry-dry,535,97,41,15,7.189985192692078,2.017852652753332,2.086235172674075,0.31927953523290237
CAMPI,LORCA,0.703582217755221,dry-wet,410,108,76,14,17.927444771780387,0.699317738791423,0.7809255684913567,-0.1492628225296011
CAMPI,MONTSERRAT,0.8866835084331894,dry-dry,528,97,64,25,10.78637936898972,2.1262886597938144,2.3177378752200855,0.3735881644153858
CAMPI,MONTSERRAT,0.8866835084331894,wet-wet,137,40,84,27,25.426381634260448,1.1008928571428571,1.0618891979352343,0.13141979686309302
CAMPI,MONTSERRAT,0.8866835084331894,dry-wet,376,124,106,24,20.918351691910782,0.6865489957395009,1.1473179318082172,-0.2478691430043508
CAMPI,OURENSE,0.2263753720251343,dry-dry,338,23,55,13,8.674202883770759,3.4735177865612648,1.4986967879576245,0.45000251107950967
CAMPI,OURENSE,0.2263753720251343,wet-wet,232,21,62,10,23.88029659421619,1.781874039938556,0.4187552679903482,0.3555361658208747
CAMPI,OURENSE,0.2263753720251343,dry-wet,209,150,70,38,14.837625690090658,0.7563809523809524,2.5610566537864874,-0.15476783062911034
CAMPI,OVIEDO,0.41781324005064313,dry-dry,386,40,95,23,14.226054212820884,2.336315789473684,1.6167518874820406,0.46614655183516507
CAMPI,OVIEDO,0.41781324005064313,wet-wet,250,49,92,19,30.34175437131647,1.0536823425022184,0.6261997828959297,0.04306710965641529
CAMPI,OVIEDO,0.41781324005064313,dry-wet,325,133,138,35,24.8204791807414,0.6197559115179252,1.4101258781158845,-0.282821436685287
CAMPI,PAMPLONA,0.6440568746726213,dry-dry,242,41,50,27,7.601225634660336,3.187317073170732,3.5520587465374596,0.7260670192615588
CAMPI,PAMPLONA,0.6440568746726213,wet-wet,163,41,58,19,21.022250453227223,1.3023549201009252,0.9038042830986833,0.24333952034155035
CAMPI,PAMPLONA,0.6440568746726213,dry-wet,180,69,60,12,12.797285030621255,0.5217391304347826,0.9376988924827792,-0.3470966870305407
CAMPI,PONFERRADA,0.293050249115832,dry-dry,323,27,54,13,8.566414588093572,2.8799725651577504,1.5175543824447455,0.41188811483532695
CAMPI,PONFERRADA,0.293050249115832,wet-wet,213,27,75,19,22.90711485056594,1.9985185185185186,0.829436623684217,0.3736174214519926
CAMPI,PONFERRADA,0.293050249115832,dry-wet,212,143,63,30,14.456424591223842,0.7059607059607059,2.0752019152932393,-0.23779363040347967
CAMPI,PORTO,0.08517060085701143,dry-dry,615,26,113,14,15.185417300959283,2.930565010211028,0.92193712708281,0.23269109862183004
CAMPI,PORTO,0.08517060085701143,wet-wet,330,24,113,12,35.540565798807584,1.4601769911504425,0.3376423455926695,0.09340283296514433
CAMPI,PORTO,0.08517060085701143,dry-wet,367,268,130,86,27.78146409122778,0.9059127439724455,3.095589192765229,-0.019729385467370124
CAMPI,SORIA,0.5224363497600538,dry-dry,390,62,57,31,10.151881250445992,3.4210526315789473,3.053621219085685,0.7130161738135662
CAMPI,SORIA,0.5224363497600538,wet-wet,201,44,90,32,27.61039835420146,1.6242424242424243,1.1589836404924805,0.46326489289446193
CAMPI,SORIA,0.5224363497600538,dry-wet,213,98,76,19,14.300184456509793,0.5433673469387755,1.3286541902856879,-0.3520737156196479
CAMPI,TARIFA,0.6756820176917664,dry-dry,366,66,34,18,7.358283343366398,2.935828877005348,2.4462227343049068,0.5476567053172787
CAMPI,TARIFA,0.6756820176917664,wet-wet,134,29,63,14,18.797278047904392,1.0268199233716475,0.7447886850596853,-0.02710760842668798
CAMPI,TARIFA,0.6756820176917664,dry-wet,261,96,59,10,14.017347239210952,0.4608050847457627,0.7134017463751514,-0.3819818493852472
CAMPI,TAVIRA,0.48806462358252617,dry-dry,476,80,48,19,7.460337061267406,2.355208333333333,2.5468018192695663,0.4095511142802043
CAMPI,TAVIRA,0.48806462358252617,wet-wet,148,24,70,14,21.758168616922895,1.2333333333333334,0.6434365063754122,0.16426667877943865
CAMPI,TAVIRA,0.48806462358252617,dry-wet,330,137,72,25,16.045507971173766,0.8363746958637469,1.5580684665710332,-0.20865084247059132
CAMPI,TORREVIEJA,0.7517701721644506,dry-dry,634,134,55,18,8.80921637522058,1.5484396200814112,2.0433145507280477,0.2101950411015754
CAMPI,TORREVIEJA,0.7517701721644506,dry-wet,508,135,100,14,21.511215006424358,0.5268148148148148,0.6508233029058972,-0.1748811545345694
CAMPI,VALENCIA,0.7046211963773623,dry-dry,308,58,36,14,5.508233162068459,2.0651340996168583,2.541649851790715,0.35262644525672204
CAMPI,VALENCIA,0.7046211963773623,dry-wet,299,79,83,20,16.38214730551303,0.9120024401403081,1.2208411771068293,-0.1020473351256497
CAMPI,VANDELLOS,0.7943343344562259,dry-dry,628,113,74,31,10.253786441835196,2.328151160009567,3.023273419614121,0.4320419295378878
CAMPI,VANDELLOS,0.7943343344562259,wet-wet,134,37,77,22,25.98686035034759,1.0347490347490347,0.8465816841050495,0.05989239311301612
CAMPI,VANDELLOS,0.7943343344562259,dry-wet,455,142,112,26,22.288096717044315,0.7438380281690141,1.1665419587001833,-0.18273093621074582
CAMPI,VIMIANZO,0.33188331535077403,dry-dry,460,37,97,16,15.82457850882847,2.0507105043187517,1.0110853815836967,0.3101007253623268
CAMPI,VIMIANZO,0.33188331535077403,wet-wet,354,83,77,34,26.296140575260488,1.8832733531528711,1.2929654031431264,0.4502130224346786
CAMPI,VIMIANZO,0.33188331535077403,dry-wet,353,167,109,37,20.845671593636595,0.7175190902598473,1.7749488105384295,-0.15959949178932634
CAMPI,ZAMORA,0.24491799038185072,dry-dry,466,64,71,35,9.745639342785969,3.589348591549296,3.5913498097903767,0.6550899539247145
CAMPI,ZAMORA,0.24491799038185072,wet-wet,166,19,88,14,24.605885066847826,1.3899521531100478,0.5689695762605418,0.05287498402427013
CAMPI,ZAMORA,0.24491799038185072,dry-wet,266,151,75,35,16.83928822178493,0.822075055187638,2.0784726491420593,-0.15456224142479064
CUENCA,DAROCA,0.15597118520424372,dry-dry,1139,168,145,102,23.836967524524432,4.769211822660099,4.279067792287685,0.8472755409197669
CUENCA,DAROCA,0.15597118520424372,wet-wet,399,179,188,130,94.89082038385688,1.5413645548555805,1.3699955324879456,0.6573167052693234
CUENCA,DAROCA,0.15597118520424372,dry-wet,277,120,133,20,22.435822259234566,0.34711779448621555,0.8914315583761596,-0.5419772608534621
CUENCA,ENCISO,0.2839819208102553,dry-dry,213,27,22,10,3.809116791430344,3.585858585858586,2.6252804908733047,0.6162125051483734
CUENCA,EXTREMO,0.6103461419028682,dry-dry,642,86,135,42,17.732027768464004,2.322480620155039,2.368595433551938,0.4640692265587293
CUENCA,EXTREMO,0.6103461419028682,wet-wet,280,135,57,37,35.91462080450085,1.346328784925276,1.0302210957873494,0.25745516335010304
CUENCA,EXTREMO,0.6103461419028682,dry-wet,495,151,164,29,27.800432518236946,0.5796721046680665,1.0431492380910312,-0.27896141136332586
CUENCA,FISTERRA,0.7362258957942696,dry-dry,304,36,86,20,10.975302774307,1.9638242894056848,1.8222731902047993,0.3733806546201107
CUENCA,FISTERRA,0.7362258957942696,wet-wet,118,47,41,18,17.855970936064477,1.1022314478463933,1.0080661569427525,0.09939095535067213
CUENCA,FISTERRA,0.7362258957942696,dry-wet,292,104,106,32,22.62749825346942,0.8476052249637155,1.4142084839225881,-0.07059938640968948
CUENCA,GETAFE,0.1423490767424703,dry-dry,1083,165,155,111,23.83336615453767,4.7004105571847505,4.657336243662188,0.8598193696273377
CUENCA,GETAFE,0.1423490767424703,wet-wet,397,145,205,134,82.61593814886157,1.789671993271657,1.6219630618798038,0.7947764985813364
CUENCA,GETAFE,0.1423490767424703,dry-wet,236,154,71,14,18.0895620369904,0.30217669654289375,0.7739269735426503,-0.591011324757155
CUENCA,GUARDA,0.44932456521916075,dry-dry,531,79,90,44,11.598756666369262,3.286075949367089,3.793510051605664,0.6748685967427449
CUENCA,GUARDA,0.44932456521916075,wet-wet,165,81,43,31,29.324693470975838,1.4685615848406546,1.0571295495614403,0.37540855767080356
CUENCA,GUARDA,0.44932456521916075,dry-wet,231,88,111,25,16.600348478299672,0.5912162162162162,1.5059924815843795,-0.2726608818894432
CUENCA,LORCA,0.33099917544519153,dry-dry,1249,216,96,50,17.366927583981944,3.011670524691358,2.8790354401037836,0.5163035599363915
CUENCA,LORCA,0.33099917544519153,wet-wet,191,81,131,63,54.88243297836533,1.1340118744698897,1.1479082938038592,0.27092333102822125
CUENCA,LORCA,0.33099917544519153,dry-wet,575,253,162,48,34.57243109537613,0.6734006734006734,1.3883894906777248,-0.19907949540739545
CUENCA,MONTSERRAT,0.404222775834902,dry-dry,1320,211,143,85,25.88604315277998,3.7185563251913964,3.2836227421212345,0.6827533655143779
CUENCA,MONTSERRAT,0.404222775834902,wet-wet,341,151,173,107,87.27368679452336,1.3967385062971327,1.226028187074532,0.5326891852227006
CUENCA,MONTSERRAT,0.404222775834902,dry-wet,459,188,206,38,34.62808197400619,0.4503718240033051,1.0973752467296618,-0.4334764471194182
CUENCA,OURENSE,0.5869958338954031,dry-dry,721,80,148,41,19.58030545406102,2.496706081081081,2.0939407761637585,0.43383680598902574
CUENCA,OURENSE,0.5869958338954031,wet-wet,349,132,87,45,50.95441728605462,1.3675548589341693,0.8831422749351262,0.31793824726450687
CUENCA,OURENSE,0.5869958338954031,dry-wet,514,235,176,52,35.567479629977,0.6462282398452611,1.4620096937139548,-0.24247368824245688
CUENCA,OVIEDO,0.5542196369555283,dry-dry,880,104,236,54,32.23276004817325,1.9361147327249022,1.6753141809542427,0.3789009264537139
CUENCA,OVIEDO,0.5542196369555283,wet-wet,370,169,119,56,63.823788173853366,1.0302819352593109,0.877415797499489,0.03884443625987296
CUENCA,OVIEDO,0.5542196369555283,dry-wet,683,223,301,60,54.36252866813304,0.6105209838654411,1.1037014184215388,-0.3156253272038148
CUENCA,PAMPLONA,0.37728295981940707,dry-dry,915,148,179,83,26.820118141302387,2.8667144798429716,3.094691811673336,0.6203358409052612
CUENCA,PAMPLONA,0.37728295981940707,wet-wet,378,163,135,83,67.00536822691971,1.4257668711656442,1.2387067215109246,0.4379134603041681
CUENCA,PAMPLONA,0.37728295981940707,dry-wet,483,160,220,38,37.722715671245815,0.5214204545454545,1.0073505929734943,-0.36555859469165725
CUENCA,PONFERRADA,0.5175157063337764,dry-dry,832,91,160,48,22.423065375227786,2.742857142857143,2.140652903462018,0.5202007847940491
CUENCA,PONFERRADA,0.5175157063337764,wet-wet,357,144,109,62,53.450258995477135,1.4101681957186545,1.1599569612047405,0.3674434419141967
CUENCA,PONFERRADA,0.5175157063337764,dry-wet,503,231,177,49,35.24583010827362,0.6028077384009587,1.390235379603039,-0.2706051486688296
CUENCA,PORTO,0.5930232469381617,dry-dry,939,90,207,41,24.78605945441074,2.0665056360708536,1.6541556383906741,0.30160275854132923
CUENCA,PORTO,0.5930232469381617,wet-wet,356,134,129,66,54.47101930735217,1.3592502603262755,1.2116534781109138,0.3138518093236854
CUENCA,PORTO,0.5930232469381617,dry-wet,640,285,207,70,44.93715363544674,0.7593863886770065,1.55773106075823,-0.1622748380580927
CUENCA,SORIA,0.23474329347633568,dry-dry,1026,151,174,110,27.108024629816057,4.29550125599452,4.057839016385253,0.8503401774707493
CUENCA,SORIA,0.23474329347633568,wet-wet,421,176,173,121,81.56308723780278,1.6730491329479769,1.4835142231340042,0.6830507038734525
CUENCA,SORIA,0.23474329347633568,dry-wet,282,134,126,22,23.292630373172855,0.3674484719260839,0.9445047488212566,-0.5116423746378778
CUENCA,TARIFA,0.6297168170047481,dry-dry,986,150,127,78,20.081269577990927,4.037165354330709,3.8842165679349283,0.7366299513818622
CUENCA,TARIFA,0.6297168170047481,wet-wet,330,126,142,83,65.57991292018956,1.5308517773306505,1.265631445729588,0.539511533522184
CUENCA,TARIFA,0.6297168170047481,dry-wet,348,165,124,28,25.419760588575883,0.47624633431085045,1.1015052601472464,-0.4033112229539547
CUENCA,TAVIRA,0.6273238365802263,dry-dry,535,74,63,21,8.485433839171373,2.40990990990991,2.474829266013193,0.4118561490814791
CUENCA,TAVIRA,0.6273238365802263,wet-wet,106,39,54,26,21.913634990849914,1.308641975308642,1.1864759092161732,0.3262635517203191
CUENCA,TAVIRA,0.6273238365802263,dry-wet,232,132,59,25,15.339657930579058,0.7447354904982023,1.6297625483657883,-0.21931673804842303
CUENCA,TORREVIEJA,0.31060899075764636,dry-dry,1263,213,99,43,16.75842946448944,2.5754730402617727,2.5658728994334217,0.4126874779586483
CUENCA,TORREVIEJA,0.31060899075764636,wet-wet,155,66,116,53,47.69310085132072,1.0730146290491118,1.1112718412925822,0.17072487344262413
CUENCA,TORREVIEJA,0.31060899075764636,dry-wet,531,240,143,34,30.739569896717057,0.526048951048951,1.1060662239009125,-0.3186638014948447
CUENCA,VALENCIA,0.17354668280987262,dry-dry,1100,170,117,64,19.435157066884457,3.5394670688788334,3.29300142930409,0.6533855347863862
CUENCA,VALENCIA,0.17354668280987262,wet-wet,300,130,162,96,70.37238647961382,1.3675213675213675,1.3641714428401577,0.5243040786900531
CUENCA,VALENCIA,0.17354668280987262,dry-wet,418,181,154,34,28.202707276020256,0.5098658247829518,1.2055580220452444,-0.36621459988062505
CUENCA,VANDELLOS,0.2888441389351466,dry-dry,1144,193,108,64,18.301443246763128,3.512569564383036,3.49699196599259,0.6448672828761646
CUENCA,VANDELLOS,0.2888441389351466,wet-wet,253,108,145,82,67.30208544389649,1.3247765006385697,1.2183872083481841,0.5022898292542216
CUENCA,VANDELLOS,0.2888441389351466,dry-wet,434,201,162,43,28.627308180992983,0.5731220441004852,1.5020622871049303,-0.30073734494948295
CUENCA,VIMIANZO,0.7281760300774118,dry-dry,877,86,235,39,28.247567860855874,1.692380009896091,1.3806498383191543,0.254706037603843
CUENCA,VIMIANZO,0.7281760300774118,wet-wet,490,207,76,39,51.11948105652682,1.2147215865751335,0.762918542871643,0.19266246843122892
CUENCA,VIMIANZO,0.7281760300774118,dry-wet,933,302,265,59,50.00762384303498,0.6878295639135324,1.1798201047342398,-0.18927539119518863
CUENCA,ZAMORA,0.3713052010065315,dry-dry,1218,163,186,91,26.23827214947691,3.6558480110825253,3.468216179845295,0.6684997468382761
CUENCA,ZAMORA,0.3713052010065315,wet-wet,368,140,183,97,75.72567368048041,1.3932864949258392,1.2809394130884226,0.4393773205147541
CUENCA,ZAMORA,0.3713052010065315,dry-wet,445,250,163,53,34.928381116852904,0.5787730061349693,1.5173906807386375,-0.3264402919535801
DAROCA,ENCISO,0.1598784095397237,dry-dry,271,25,40,18,4.270983273512545,4.878,4.214486184394824,0.7291825475215179
DAROCA,EXTREMO,0.6268314023676244,dry-dry,517,62,99,28,12.99383350872806,2.3584229390681,2.1548683058923435,0.43926797986487065
DAROCA,EXTREMO,0.6268314023676244,wet-wet,203,105,55,31,30.478959573798768,1.0896969696969696,1.0170950857078844,0.09822027335617535
DAROCA,EXTREMO,0.6268314023676244,dry-wet,409,120,128,24,23.442303755336106,0.6390625,1.0237901637349507,-0.2679644101094319
DAROCA,FISTERRA,0.7307199253440032,dry-dry,296,32,70,18,8.54928197793647,2.3785714285714286,2.1054399710353966,0.4834260015538253
DAROCA,FISTERRA,0.7307199253440032,wet-wet,101,42,41,13,17.62022412822185,0.7624854819976771,0.7377885721202742,-0.2908099950874525
DAROCA,FISTERRA,0.7307199253440032,dry-wet,276,98,96,34,23.345102189729023,0.9974489795918368,1.456408274578414,0.05237081648827195
DAROCA,GETAFE,0.23030995544445876,dry-dry,977,113,128,74,17.527745473418854,4.998478982300885,4.221877828624471,0.8230647603026544
DAROCA,GETAFE,0.23030995544445876,wet-wet,307,139,166,106,73.32372728659118,1.4103319753835486,1.4456439125863203,0.5359608276627204
DAROCA,GETAFE,0.23030995544445876,dry-wet,257,148,84,20,19.912551898365578,0.41344916344916344,1.0043916069663377,-0.4989775002085673
DAROCA,GUARDA,0.5140542061979136,dry-dry,459,59,68,31,9.01442851317951,3.5466101694915255,3.4389312594444084,0.6668244036206141
DAROCA,GUARDA,0.5140542061979136,wet-wet,127,64,42,32,25.872958097799913,1.5119047619047619,1.2368125777902874,0.565650114257169
DAROCA,GUARDA,0.5140542061979136,dry-wet,190,68,77,14,12.517589570686368,0.5080213903743316,1.1184261890791765,-0.3763168048377046
DAROCA,LORCA,0.47202452416507534,dry-dry,1122,158,90,33,13.432128456328503,2.6037974683544305,2.4567960399792157,0.4199497697984083
DAROCA,LORCA,0.47202452416507534,wet-wet,153,65,103,52,50.43479069183638,1.188349514563107,1.0310343175156067,0.3446441938670364
DAROCA,LORCA,0.47202452416507534,dry-wet,481,222,149,44,29.755932019606256,0.639821029082774,1.4786967509876112,-0.22895377835522285
DAROCA,MONTSERRAT,0.2910082912643215,dry-dry,1264,171,127,79,21.893733693990015,4.598056821844638,3.6083383996620944,0.758093797885458
DAROCA,MONTSERRAT,0.2910082912643215,wet-wet,307,154,151,103,90.1376451737425,1.3598090651070784,1.1426968144271463,0.5273238631900052
DAROCA,MONTSERRAT,0.2910082912643215,dry-wet,369,150,172,25,27.476196009720518,0.35755813953488375,0.9098784995985437,-0.5261714339716025
DAROCA,OURENSE,0.5865524225928678,dry-dry,661,58,131,29,15.629717086845089,2.5229007633587788,1.8554398546604627,0.4485906478896688
DAROCA,OURENSE,0.5865524225928678,wet-wet,251,119,76,40,42.2239500449419,1.1101282618310482,0.9473296543176374,0.12299317304851787
DAROCA,OURENSE,0.5865524225928678,dry-wet,493,180,152,37,32.01832117963435,0.666703216374269,1.1555883830515858,-0.23682742642723467
DAROCA,OVIEDO,0.4948231891479282,dry-dry,816,85,209,54,27.04520733689155,2.480382775119617,1.9966569058740486,0.5600431511233459
DAROCA,OVIEDO,0.4948231891479282,wet-wet,327,164,107,69,64.2970778085407,1.2857875541372237,1.0731436381209007,0.3387221680108684
DAROCA,OVIEDO,0.4948231891479282,dry-wet,553,189,234,54,41.69074866191029,0.6752136752136753,1.2952513862946229,-0.26521186096687926
DAROCA,PAMPLONA,0.23297766440506235,dry-dry,890,115,174,75,23.264160558270024,3.335832083958021,3.223842949851837,0.716607624452058
DAROCA,PAMPLONA,0.23297766440506235,wet-wet,336,160,128,96,67.98529798280278,1.575,1.4120700040806422,0.6306860669375854
DAROCA,PAMPLONA,0.23297766440506235,dry-wet,368,137,163,28,26.686269224180947,0.46142134252832384,1.0492287162653915,-0.4215079105640708
DAROCA,PONFERRADA,0.49414429158363443,dry-dry,825,80,138,42,18.98177081625384,3.1385869565217392,2.2126491994116773,0.5956527345296214
DAROCA,PONFERRADA,0.49414429158363443,wet-wet,262,127,105,54,45.25126506276045,1.0609673790776153,1.1933368034044052,0.060305562377178094
DAROCA,PONFERRADA,0.49414429158363443,dry-wet,466,186,139,29,32.211517770865996,0.5227044171114721,0.9002990857583655,-0.37021678324600443
DAROCA,PORTO,0.6345777506699349,dry-dry,811,77,166,33,18.612119874508267,2.093803786574871,1.7730382257637303,0.3273400452765078
DAROCA,PORTO,0.6345777506699349,wet-wet,253,120,95,44,45.684457712509584,0.9764912280701754,0.9631284292984321,-0.019310014065674078
DAROCA,PORTO,0.6345777506699349,dry-wet,580,225,173,55,40.24054637672336,0.8195247270391779,1.3667806466915684,-0.11263897963221452
DAROCA,SORIA,0.12991382777012786,dry-dry,973,99,138,77,21.82480861667412,5.4838969404186795,3.5280950844706203,0.8764349577792252
DAROCA,SORIA,0.12991382777012786,wet-wet,335,164,149,109,74.58008353401861,1.4943116713046325,1.4615161962145196,0.6220293568124265
DAROCA,SORIA,0.12991382777012786,dry-wet,256,114,108,23,19.741898137168818,0.47823261858349575,1.1650348836871482,-0.4387653324561964
DAROCA,TARIFA,0.7852303647677609,dry-dry,811,112,98,46,14.492007686911554,3.3988702623906706,3.1741633729289878,0.6054528015939467
DAROCA,TARIFA,0.7852303647677609,wet-wet,233,100,100,57,53.14249074328377,1.3281,1.0725880402435548,0.3736638436846437
DAROCA,TARIFA,0.7852303647677609,dry-wet,317,157,113,27,22.545445361515114,0.48244180147680515,1.1975811329985422,-0.3768565193646234
DAROCA,TAVIRA,0.7702246814132265,dry-dry,385,47,48,10,5.356932843328455,1.7065602836879432,1.8667398476824364,0.22510040535513756
DAROCA,TAVIRA,0.7702246814132265,dry-wet,205,109,61,27,13.879084790727749,0.8324560084223191,1.9453732293672554,-0.07020177274373147
DAROCA,TORREVIEJA,0.43179948635673937,dry-dry,1050,159,80,35,12.31948227132333,2.8891509433962264,2.841028480674974,0.47302999098196663
DAROCA,TORREVIEJA,0.43179948635673937,wet-wet,117,54,85,42,41.2998543166346,1.0705882352941176,1.0169527397844451,0.15871124066809789
DAROCA,TORREVIEJA,0.43179948635673937,dry-wet,440,204,125,41,26.31203173899103,0.7074509803921568,1.5582225046970926,-0.13617152943916902
DAROCA,VALENCIA,0.24050115313657328,dry-dry,1076,135,105,49,16.19754298620883,3.7195061728395062,3.0251501750432372,0.6239562651693941
DAROCA,VALENCIA,0.24050115313657328,wet-wet,239,109,126,80,64.315815413413,1.3921654288626766,1.2438620187860678,0.5512397917034021
DAROCA,VALENCIA,0.24050115313657328,dry-wet,357,153,136,27,24.00107388978371,0.4632352941176471,1.1249496636687082,-0.39629826784041167
DAROCA,VANDELLOS,0.20023603661720857,dry-dry,1076,145,105,54,15.101499012046048,3.8163546798029557,3.5758039620388473,0.6443165994949156
DAROCA,VANDELLOS,0.20023603661720857,wet-wet,225,107,127,81,68.67113634592312,1.341158289793215,1.179534871710461,0.55566550173554
DAROCA,VANDELLOS,0.20023603661720857,dry-wet,306,139,121,21,20.16409503323987,0.38206789939948865,1.0414551193783885,-0.4737813307078169
DAROCA,VIMIANZO,0.7171466431423673,dry-dry,848,69,202,37,24.498185872147847,2.251112067728512,1.5103159145373923,0.4059326704341873
DAROCA,VIMIANZO,0.7171466431423673,wet-wet,394,191,85,50,48.616043533903195,1.213427779488759,1.0284670731202485,0.2102591344532665
DAROCA,VIMIANZO,0.7171466431423673,dry-wet,804,240,207,43,42.06856931585838,0.6958937198067633,1.0221407739623438,-0.21008826651576432
DAROCA,ZAMORA,0.3814202123743496,dry-dry,1110,126,168,65,20.339908131890613,3.4084467120181405,3.1956879833733147,0.609519596166102
DAROCA,ZAMORA,0.3814202123743496,wet-wet,262,120,148,80,62.01146854128488,1.1801801801801801,1.2900839454679105,0.2350785418717775
DAROCA,ZAMORA,0.3814202123743496,dry-wet,427,215,141,36,32.94774024630483,0.5070757050964869,1.0926394262816699,-0.39252637923666966
ENCISO,FISTERRA,0.6215515110803007,dry-dry,186,20,37,8,4.662439751311369,2.0108108108108107,1.715839866402542,0.2956751068340024
ENCISO,FISTERRA,0.6215515110803007,dry-wet,147,53,54,19,10.976666658468194,0.9758909853249476,1.7309444288664835,-0.041740489976191265
ENCISO,GETAFE,0.2820099662038675,dry-dry,296,34,39,17,4.5092154352834894,3.7948717948717947,3.7700571737999535,0.6356266035810573
ENCISO,LORCA,0.6145619401983802,dry-dry,323,53,23,13,3.3775406389314355,3.4446267432321576,3.8489544286024806,0.5730793880495839
ENCISO,LORCA,0.6145619401983802,dry-wet,128,53,32,10,7.260447982855322,0.7547169811320755,1.3773254795866319,-0.2052035796272064
ENCISO,MONTSERRAT,0.366765552671727,dry-dry,401,55,38,15,5.716324316980342,2.8779904306220097,2.6240638508634824,0.4733342858220114
ENCISO,MONTSERRAT,0.366765552671727,dry-wet,138,62,56,13,9.932710310169279,0.5167050691244239,1.3088069211774331,-0.3743939925035047
ENCISO,OURENSE,0.48812956447819267,dry-dry,164,13,27,5,3.430198792693665,2.336182336182336,1.457641466917316,0.36339802969864193
ENCISO,OURENSE,0.48812956447819267,dry-wet,137,55,37,13,8.702241926528849,0.8751842751842752,1.4938679147001652,-0.14804117277780435
ENCISO,OVIEDO,0.35451237771760474,dry-dry,165,13,42,10,4.824720554242589,3.021978021978022,2.0726589006707465,0.7156228250981015
ENCISO,OVIEDO,0.35451237771760474,dry-wet,117,48,56,15,8.970736279561631,0.6529017857142857,1.6721035523221286,-0.25163046008307827
ENCISO,PAMPLONA,0.10663352335441122,dry-dry,362,45,59,30,7.774932492333307,4.090395480225989,3.8585544028301664,0.7888220514826485
ENCISO,PAMPLONA,0.10663352335441122,wet-wet,108,47,39,28,22.370866203555938,1.6497545008183305,1.2516278871467788,0.5799491226997132
ENCISO,PAMPLONA,0.10663352335441122,dry-wet,104,45,50,9,8.050992765798965,0.416,1.1178745605427032,-0.43033537881723344
ENCISO,PONFERRADA,0.3818287988747486,dry-dry,221,18,31,8,4.170372259503967,3.1684587813620073,1.91829398005624,0.602251164108703
ENCISO,PONFERRADA,0.3818287988747486,dry-wet,122,53,31,6,7.970108181137472,0.4455264759586123,0.7528128682368395,-0.43871547621075785
ENCISO,SORIA,0.05417629478914893,dry-dry,210,24,27,16,4.309943253080751,5.185185185185185,3.7123458617612166,0.8274008997761221
ENCISO,TARIFA,0.8849198855961101,dry-dry,242,35,29,16,3.6284018697642786,3.814778325123153,4.409654876801023,0.6198981043561694
ENCISO,VALENCIA,0.3998785425524565,dry-dry,326,48,28,11,4.093164963489248,2.668154761904762,2.6874069572370645,0.41557240596866635
ENCISO,VALENCIA,0.3998785425524565,dry-wet,128,45,45,7,8.068212843439197,0.44246913580246916,0.8676022975388122,-0.40598219803052255
ENCISO,VANDELLOS,0.3188234285630828,dry-dry,258,43,27,12,3.2204757264280075,2.6666666666666665,3.7261575678167915,0.46244967973571766
ENCISO,VIMIANZO,0.6039684886858109,dry-dry,222,22,58,9,5.986775690929065,1.5658307210031348,1.5033133801282146,0.14644688761060362
ENCISO,VIMIANZO,0.6039684886858109,wet-wet,102,41,27,16,12.592407585850948,1.4742547425474255,1.2706069026845894,0.2983757007703904
ENCISO,VIMIANZO,0.6039684886858109,dry-wet,211,61,58,9,10.421477566731365,0.536743923120407,0.8636011489129748,-0.3013810499385191
ENCISO,ZAMORA,0.3142492005951789,dry-dry,291,34,28,7,4.397014664617391,2.139705882352941,1.5919892322235658,0.291954961699392
ENCISO,ZAMORA,0.3142492005951789,dry-wet,119,57,33,5,8.63247627183278,0.31632110579479,0.5792080791828738,-0.5780485784816107
EXTREMO,FISTERRA,0.1496912443678917,dry-wet,120,78,52,32,10.195374090726634,0.9467455621301775,3.1386783569919334,0.08827434090705216
EXTREMO,GETAFE,0.4721416312425127,dry-dry,426,100,54,30,10.481027000399433,2.3666666666666667,2.862314923800568,0.5424863908591081
EXTREMO,GETAFE,0.4721416312425127,wet-wet,190,31,92,16,24.80038683445241,1.0659186535764376,0.6451512271483195,-0.00723317946299514
EXTREMO,GETAFE,0.4721416312425127,dry-wet,388,145,95,25,20.055576060857035,0.7041742286751361,1.2465361216321837,-0.20068033428312443
EXTREMO,GUARDA,0.22291590068408076,dry-dry,557,103,51,32,14.606387907731605,3.393108699790596,2.1908222759893587,0.6340963015629689
EXTREMO,GUARDA,0.22291590068408076,wet-wet,271,65,100,46,29.287424874324053,1.9178461538461538,1.5706399656983046,0.6174543236671358
EXTREMO,GUARDA,0.22291590068408076,dry-wet,269,104,106,22,15.320899553055042,0.5368287373004355,1.4359470162842443,-0.29408174770348394
EXTREMO,LORCA,0.8334259802548611,dry-dry,608,132,49,13,9.740466125658603,1.2220160791589363,1.3346383871460774,0.06330681363707288
EXTREMO,LORCA,0.8334259802548611,dry-wet,598,144,105,20,25.003078039819094,0.791005291005291,0.7999015148514373,-0.05439770752187287
EXTREMO,MONTSERRAT,0.9010888652322929,dry-dry,633,128,67,31,15.128599670659186,2.2881296641791047,2.049099102022128,0.41724666427384577
EXTREMO,MONTSERRAT,0.9010888652322929,wet-wet,181,56,115,38,29.601532068150355,1.0680124223602485,1.2837173397820831,0.13320456172899925
EXTREMO,MONTSERRAT,0.9010888652322929,dry-wet,528,146,138,29,28.002560912242295,0.7599761762954139,1.0356195667561834,-0.18516719618630997
EXTREMO,OURENSE,0.07291384683292099,dry-dry,392,37,69,22,12.38504671685537,3.3779866823345084,1.776335649187274,0.5349530375977848
EXTREMO,OURENSE,0.07291384683292099,wet-wet,320,36,95,23,29.011964890170614,2.152046783625731,0.7927763626858829,0.45278132398870824
EXTREMO,OURENSE,0.07291384683292099,dry-wet,248,171,82,39,16.922964556220872,0.6897732135216089,2.304560756505492,-0.1998398825504619
EXTREMO,OVIEDO,0.2955522119293002,dry-dry,471,65,126,34,21.5370292671215,1.9553113553113552,1.5786764078880884,0.3901281007468148
EXTREMO,OVIEDO,0.2955522119293002,wet-wet,360,86,123,38,38.50540885867771,1.2932501418037436,0.9868743411988519,0.2287427020048559
EXTREMO,OVIEDO,0.2955522119293002,dry-wet,427,175,184,46,33.33839328862186,0.61,1.379790549645338,-0.2906541304136949
EXTREMO,PAMPLONA,0.6075896623089745,dry-dry,341,65,61,33,12.965379155314235,2.8380832282471626,2.5452398734111834,0.643596698174974
EXTREMO,PAMPLONA,0.6075896623089745,wet-wet,273,64,100,39,29.9272651246324,1.66359375,1.3031595048055378,0.4556084868470921
EXTREMO,PAMPLONA,0.6075896623089745,dry-wet,265,95,100,20,18.017884491620315,0.5578947368421052,1.1100082259546906,-0.3272597834579089
EXTREMO,PONFERRADA,0.18276962938879174,dry-dry,421,51,77,28,13.126850999323038,3.001782531194296,2.133032514914962,0.5237652970798773
EXTREMO,PONFERRADA,0.18276962938879174,wet-wet,316,31,116,24,29.276065693599186,2.1090100111234706,0.8197822839715541,0.3438407544299542
EXTREMO,PONFERRADA,0.18276962938879174,dry-wet,286,168,98,30,18.697762126937615,0.5211370262390671,1.6044700855820282,-0.3378114972753861
EXTREMO,PORTO,0.10089980676165669,dry-dry,743,69,141,40,22.091038695756282,3.054784664405386,1.8106889653714677,0.4417499512373154
EXTREMO,PORTO,0.10089980676165669,wet-wet,491,34,170,24,46.55107482158584,2.0387543252595157,0.5155627467675815,0.26037869755682086
EXTREMO,PORTO,0.10089980676165669,dry-wet,431,317,147,88,31.781222322820074,0.8139230455589176,2.7689306316205715,-0.11806634719466028
EXTREMO,SORIA,0.5231046619556113,dry-dry,511,87,69,36,15.229531979331986,3.0644677661169415,2.3638283861155838,0.6192929907088095
EXTREMO,SORIA,0.5231046619556113,wet-wet,274,47,119,34,33.001323849680794,1.6656534954407294,1.0302616996478118,0.4580106935742475
EXTREMO,SORIA,0.5231046619556113,dry-wet,321,126,122,28,20.429282963009587,0.5846994535519126,1.3705816327816487,-0.26890412620016924
EXTREMO,TARIFA,0.8480513957754545,dry-dry,445,96,40,17,10.725730421691374,1.9700520833333333,1.5849736411069724,0.31568227092925194
EXTREMO,TARIFA,0.8480513957754545,wet-wet,177,36,84,18,21.24305905058863,1.0535714285714286,0.8473355912222648,0.034371953921244564
EXTREMO,TARIFA,0.8480513957754545,dry-wet,400,117,96,13,19.461208114318715,0.46296296296296297,0.6679955285219504,-0.3200489213124216
EXTREMO,TAVIRA,0.6637984881905168,dry-dry,436,83,43,12,8.028815497807654,1.4659568506584477,1.4946164852432735,0.14939376176362065
EXTREMO,TAVIRA,0.6637984881905168,wet-wet,136,27,64,13,17.602106139500975,1.0231481481481481,0.7385479838021561,0.03220757709286542
EXTREMO,TAVIRA,0.6637984881905168,dry-wet,387,136,83,26,17.369697796160565,0.8913890857547838,1.4968596636003129,-0.14942665697321306
EXTREMO,TORREVIEJA,0.8678248641291544,dry-dry,727,175,64,18,11.802860691192663,1.1683928571428572,1.5250540077484491,0.06551957611032543
EXTREMO,TORREVIEJA,0.8678248641291544,dry-wet,742,180,135,22,29.95199054826736,0.6717695473251029,0.7345087787920873,-0.08701294650205915
EXTREMO,VALENCIA,0.7837730463347262,dry-dry,395,90,47,16,8.553274981369889,1.4940898345153664,1.870628506022549,0.17335716864396183
EXTREMO,VALENCIA,0.7837730463347262,wet-wet,120,46,71,23,17.643749764130952,0.8450704225352113,1.303577771589013,-0.1485543079838409
EXTREMO,VALENCIA,0.7837730463347262,dry-wet,442,104,109,17,22.46889646190757,0.6628440366972477,0.7566014658895593,-0.19586436178328553
EXTREMO,VANDELLOS,0.82660017840885,dry-dry,694,146,77,36,13.288795464632296,2.2223803593666607,2.709049145636476,0.4320137112950303
EXTREMO,VANDELLOS,0.82660017840885,wet-wet,160,47,98,29,27.181542517489817,1.0073816760746852,1.0669004520747896,0.03872962430412965
EXTREMO,VANDELLOS,0.82660017840885,dry-wet,619,166,139,29,28.626546987358388,0.7779752101932912,1.0130456884236345,-0.14064004201086594
EXTREMO,VIMIANZO,0.15778177147754419,dry-dry,570,41,130,23,22.526052439582493,2.4596622889305815,1.0210399741227936,0.31884748394709894
EXTREMO,VIMIANZO,0.15778177147754419,wet-wet,544,93,101,35,34.82000972535302,2.027041413818801,1.0051691621015237,0.4688387628785419
EXTREMO,VIMIANZO,0.15778177147754419,dry-wet,408,249,131,59,26.6260363336795,0.7379747999632116,2.2158761920327734,-0.15246082490558305
EXTREMO,ZAMORA,0.2462296403064465,dry-dry,552,101,76,38,13.385453219387589,2.732673267326733,2.8389027533980338,0.5370282894130568
EXTREMO,ZAMORA,0.2462296403064465,wet-wet,256,28,129,17,32.13611995252234,1.204872646733112,0.5289997680216426,-0.00032977394675401487
EXTREMO,ZAMORA,0.2462296403064465,dry-wet,383,169,108,25,21.429313012203206,0.524600043830813,1.166626292955048,-0.33735051121174475
FISTERRA,GETAFE,0.6034980057581694,dry-dry,290,85,34,19,9.265412560268812,1.9065743944636677,2.050637235677368,0.37462767181073653
FISTERRA,GETAFE,0.6034980057581694,wet-wet,100,32,47,17,15.379199528446646,1.1303191489361701,1.1053891308553079,0.14053036014910442
FISTERRA,GETAFE,0.6034980057581694,dry-wet,262,87,84,21,17.219100456098886,0.7528735632183908,1.2195759037204494,-0.13431732884682443
FISTERRA,LORCA,0.9777847391936972,dry-dry,429,118,35,6,8.694986188092683,0.6232445520581114,0.6900528500225427,-0.19663819575969585
FISTERRA,LORCA,0.9777847391936972,dry-wet,404,150,87,34,21.12975209472011,1.0525670498084292,1.6091054853642082,0.20272397474159184
FISTERRA,MONTSERRAT,0.9881601116840856,dry-dry,433,102,41,13,12.301443415583378,1.3460066953610712,1.056786554294246,0.11598889134646835
FISTERRA,MONTSERRAT,0.9881601116840856,dry-wet,409,157,112,48,29.222985166595855,1.1164695177434032,1.6425426672312633,0.0921194680886029
FISTERRA,OURENSE,0.14927307273033968,dry-dry,306,76,43,36,13.844038858969475,3.3708690330477356,2.600397208266705,0.8230578015883074
FISTERRA,OURENSE,0.14927307273033968,wet-wet,196,62,53,35,21.020689799565016,2.0876445526475957,1.6650262352819774,0.6712815249804978
FISTERRA,OURENSE,0.14927307273033968,dry-wet,141,60,72,15,11.330399551765808,0.4895833333333333,1.3238721133768223,-0.395764381783355
FISTERRA,OVIEDO,0.3038946096390723,dry-dry,271,70,50,32,15.098182063608938,2.4777142857142858,2.1194604665106946,0.5538478191450649
FISTERRA,OVIEDO,0.3038946096390723,wet-wet,206,82,59,23,26.302518431941486,0.9793303017775941,0.8744409802245041,-0.05861653183648573
FISTERRA,OVIEDO,0.3038946096390723,dry-wet,280,89,134,28,27.33308156946607,0.6573872211973839,1.0243996795179855,-0.3151863400293583
FISTERRA,PAMPLONA,0.6680853805562444,dry-dry,397,89,51,22,16.292966574331448,1.9242123815818462,1.3502758935662231,0.34529651073978684
FISTERRA,PAMPLONA,0.6680853805562444,wet-wet,172,70,57,26,22.206921068718245,1.1208020050125314,1.1708061608155518,0.08817512260373891
FISTERRA,PAMPLONA,0.6680853805562444,dry-wet,332,119,144,41,28.21865353249762,0.7943510737628384,1.452939629198924,-0.1382022136121406
FISTERRA,PONFERRADA,0.2399675226795752,dry-dry,387,97,49,44,16.87496784106386,3.5825794235219863,2.6074123763915913,0.7919373557861067
FISTERRA,PONFERRADA,0.2399675226795752,wet-wet,214,78,76,51,23.673192725667036,1.841093117408907,2.1543355216596787,0.6890774418746888
FISTERRA,PONFERRADA,0.2399675226795752,dry-wet,160,56,78,8,12.384338045342457,0.29304029304029305,0.6459771988385496,-0.5838773308830956
FISTERRA,PORTO,0.23676306131287303,dry-dry,250,67,49,36,12.488146893448162,2.741395065488882,2.882733547832241,0.7810224903202876
FISTERRA,PORTO,0.23676306131287303,wet-wet,163,57,56,38,19.339665432738098,1.9404761904761905,1.964873701262369,0.7122067343885788
FISTERRA,PORTO,0.23676306131287303,dry-wet,107,49,45,4,8.270584118048621,0.19410430839002268,0.48364177703856887,-0.6446205562700651
FISTERRA,SORIA,0.6144763473473223,dry-dry,350,80,33,16,12.633174307961879,2.121212121212121,1.2665067076543246,0.3516873810975984
FISTERRA,SORIA,0.6144763473473223,wet-wet,113,40,39,17,15.855172755385748,1.2314102564102565,1.072205283554881,0.1853170825623211
FISTERRA,SORIA,0.6144763473473223,dry-wet,259,95,113,35,20.547811122116677,0.8444340940847694,1.703344448320711,-0.09875750188318513
FISTERRA,TARIFA,0.9952173545030902,dry-dry,304,68,33,11,9.01024080902597,1.4901960784313726,1.2208330757354229,0.21478439483822856
FISTERRA,TARIFA,0.9952173545030902,dry-wet,247,84,79,23,16.0066505501405,0.8560880048221821,1.4369027378934138,-0.03862100381132624
FISTERRA,TORREVIEJA,1.0075971356340516,dry-dry,255,75,32,5,5.501634743104141,0.53125,0.9088207839073832,-0.20497244043604784
FISTERRA,TORREVIEJA,1.0075971356340516,dry-wet,250,89,53,18,13.654770831134256,0.953996184015264,1.31822058550834,0.14048125368274259
FISTERRA,VALENCIA,0.909336575417206,dry-dry,354,95,39,4,9.01064886251182,0.3821862348178138,0.44391919616818304,-0.3616220876768097
FISTERRA,VALENCIA,0.909336575417206,dry-wet,383,129,105,36,24.64445146106598,1.0179401993355481,1.4607750574961607,0.18558206000406693
FISTERRA,VANDELLOS,0.9265191083427609,dry-dry,345,90,30,7,8.113165075360918,0.8944444444444445,0.8627952143188214,-0.11017689667527909
FISTERRA,VANDELLOS,0.9265191083427609,dry-wet,301,110,77,25,19.312482369524957,0.8884297520661157,1.2944995636319612,-0.00046821632538762936
FISTERRA,VIMIANZO,0.028014736691742353,dry-dry,437,95,107,84,24.01061545038751,3.611214953271028,3.4984525979172396,0.9342709016300209
FISTERRA,VIMIANZO,0.028014736691742353,wet-wet,383,149,77,73,32.40509985729207,2.4369389000261483,2.2527318329979753,0.8608341769403535
FISTERRA,VIMIANZO,0.028014736691742353,dry-wet,172,65,75,5,12.47954663326731,0.1764102564102564,0.4006555804416217,-0.6227624961705969
FISTERRA,ZAMORA,0.3649246110487485,dry-dry,469,118,36,29,15.195160408358518,3.2017419962335216,1.908502392909768,0.676250221243788
FISTERRA,ZAMORA,0.3649246110487485,wet-wet,137,51,66,36,20.640471560368262,1.46524064171123,1.7441461981480861,0.5379700743434845
FISTERRA,ZAMORA,0.3649246110487485,dry-wet,262,100,89,18,15.966542161741186,0.5298876404494383,1.1273574339177432,-0.3420642412550867
GETAFE,GUARDA,0.3076965692800096,dry-dry,355,45,51,23,6.738041115563951,3.5577342047930283,3.4134549797971925,0.666813276974995
GETAFE,GUARDA,0.3076965692800096,wet-wet,119,58,21,15,21.11576064263998,1.4655172413793103,0.7103698632437537,0.241992981356065
GETAFE,GUARDA,0.3076965692800096,dry-wet,159,55,95,20,11.010031365796845,0.6086124401913876,1.816525251883559,-0.26449118541556765
GETAFE,LORCA,0.4017451151813673,dry-dry,1138,165,79,27,13.61581256858052,2.3571921749136937,1.982988518974216,0.3486451864169801
GETAFE,LORCA,0.4017451151813673,wet-wet,150,69,95,54,43.27192618601929,1.2356979405034325,1.2479222618346681,0.4502854187529608
GETAFE,LORCA,0.4017451151813673,dry-wet,453,182,156,35,26.513067153326674,0.5584319526627219,1.3201037736446288,-0.22706587575894924
GETAFE,MONTSERRAT,0.5164138275512969,dry-dry,1179,159,108,51,19.367017574073373,3.501572327044025,2.633342991761091,0.5896067363934813
GETAFE,MONTSERRAT,0.5164138275512969,wet-wet,243,136,124,82,62.452256685727406,1.1815702087286528,1.313002993833207,0.2768005834875987
GETAFE,MONTSERRAT,0.5164138275512969,dry-wet,431,150,229,42,31.718658922858683,0.5269868995633188,1.3241417331718228,-0.397186175188603
GETAFE,OURENSE,0.4545331003452077,dry-dry,666,69,125,40,15.4641696991603,3.088695652173913,2.586624486031862,0.6262637080053506
GETAFE,OURENSE,0.4545331003452077,wet-wet,299,130,65,37,43.97872966501339,1.3092307692307692,0.8413157970189118,0.26382000644732284
GETAFE,OURENSE,0.4545331003452077,dry-wet,426,156,144,33,25.602960666155838,0.625801282051282,1.2889134358442458,-0.25019343357468155
GETAFE,OVIEDO,0.4565374268781008,dry-dry,705,89,193,46,22.59856617134598,1.8879897537404668,2.035527371569531,0.3828783226056365
GETAFE,OVIEDO,0.4565374268781008,wet-wet,267,139,88,47,46.35703640042486,1.0259156311314586,1.0138698167419788,0.011442491107365354
GETAFE,OVIEDO,0.4565374268781008,dry-wet,612,163,257,49,42.167760225026626,0.7158578214891027,1.1620251997856512,-0.2543213527373208
GETAFE,PAMPLONA,0.3883862409022667,dry-dry,839,127,159,68,21.451124969181258,2.825335512306245,3.1699969161382127,0.5802609257179683
GETAFE,PAMPLONA,0.3883862409022667,wet-wet,285,155,107,79,50.63620845060458,1.3575520048236358,1.560148407973006,0.4585972008595209
GETAFE,PAMPLONA,0.3883862409022667,dry-wet,434,110,211,29,29.545697008433237,0.542266264541146,0.9815304066687789,-0.3719761215088822
GETAFE,PONFERRADA,0.39788322439984053,dry-dry,775,72,149,48,17.855766304668713,3.4675615212527964,2.68820722566522,0.6689819051390916
GETAFE,PONFERRADA,0.39788322439984053,wet-wet,305,136,89,53,46.04514698027806,1.3355089226701917,1.1510442136866414,0.32077838177090284
GETAFE,PONFERRADA,0.39788322439984053,dry-wet,407,153,151,30,25.403270294109646,0.5285027918452149,1.1809503128011127,-0.32653491444454485
GETAFE,PORTO,0.450878858048085,dry-dry,802,67,172,43,18.8401755515978,2.9925373134328357,2.282356652263426,0.5427916774274596
GETAFE,PORTO,0.450878858048085,wet-wet,281,124,99,60,43.8739546275544,1.3734115347018572,1.367553951070503,0.3818125891082583
GETAFE,PORTO,0.450878858048085,dry-wet,463,174,150,39,28.267210956728427,0.6918390804597702,1.379690414441714,-0.22414318102092895
GETAFE,SORIA,0.22831426041086986,dry-dry,889,115,167,92,20.602532271925448,4.258682634730539,4.46547049584609,0.8553861972487435
GETAFE,SORIA,0.22831426041086986,wet-wet,335,167,118,105,65.28212394121228,1.784989343347204,1.6084035515534756,0.7843746516233737
GETAFE,SORIA,0.22831426041086986,dry-wet,236,79,132,19,16.89393687581491,0.4299961641733794,1.1246638447667043,-0.40548372435440405
GETAFE,TARIFA,0.6064336960053273,dry-dry,906,127,99,56,16.231561838972958,4.035313767597232,3.450068487281404,0.6842281292629533
GETAFE,TARIFA,0.6064336960053273,wet-wet,259,117,96,67,51.59487473061033,1.5449608262108263,1.2985785962234362,0.5667433174488081
GETAFE,TARIFA,0.6064336960053273,dry-wet,263,108,121,20,17.849853841657108,0.4025099479644934,1.1204573537361402,-0.4060917266359605
GETAFE,TAVIRA,0.5527722450827903,dry-dry,395,46,40,19,5.721024142422302,4.078804347826087,3.321083695332097,0.6413090513490689
GETAFE,TAVIRA,0.5527722450827903,dry-wet,126,78,35,13,8.461532436727392,0.6,1.536364730290855,-0.3195371469834016
GETAFE,TORREVIEJA,0.4113254747222588,dry-dry,950,141,71,26,11.04989293496914,2.4672859854160425,2.352963974675164,0.369519094202806
GETAFE,TORREVIEJA,0.4113254747222588,wet-wet,101,42,63,31,31.19324564373078,1.1832955404383976,0.9938048882140093,0.32595354974470564
GETAFE,TORREVIEJA,0.4113254747222588,dry-wet,390,165,125,30,22.805350995607782,0.5672727272727273,1.3154807398394297,-0.1773526614465387
GETAFE,VALENCIA,0.3133710591198686,dry-dry,948,131,94,37,14.229696732449026,2.8484651616046777,2.6001959631104556,0.48852150942531397
GETAFE,VALENCIA,0.3133710591198686,wet-wet,196,100,97,62,46.18697942470595,1.2527835051546392,1.3423696628845894,0.3773690372642765
GETAFE,VALENCIA,0.3133710591198686,dry-wet,370,144,164,31,24.277503079884923,0.4856876693766938,1.2769023197317597,-0.3599090330769522
GETAFE,VANDELLOS,0.4108027093346946,dry-dry,933,132,74,37,12.787225706749712,3.534090909090909,2.893512701544763,0.5784347231201307
GETAFE,VANDELLOS,0.4108027093346946,wet-wet,177,89,99,61,47.31045001509105,1.2254000680966972,1.2893557338926658,0.3791572226333621
GETAFE,VANDELLOS,0.4108027093346946,dry-wet,333,142,146,37,21.846388018842525,0.5942986687246768,1.6936438173709756,-0.26773472898592227
GETAFE,VIMIANZO,0.5976643365342653,dry-dry,722,70,201,41,20.38851996493301,2.103909026297086,2.0109355691593827,0.4398670123772283
GETAFE,VIMIANZO,0.5976643365342653,wet-wet,374,178,63,28,40.2860262976902,0.9338327091136079,0.6950300780001571,-0.06476393122100675
GETAFE,VIMIANZO,0.5976643365342653,dry-wet,816,220,218,37,37.54658993779604,0.6295246038365304,0.9854423547197871,-0.25479859119674775
GETAFE,ZAMORA,0.2415434220100298,dry-dry,1141,127,168,80,21.915441057306698,4.278215223097113,3.6503942490049806,0.7388963637438886
GETAFE,ZAMORA,0.2415434220100298,wet-wet,315,149,152,107,65.10488964743932,1.488210879547863,1.6435017489382762,0.6483602281376106
GETAFE,ZAMORA,0.2415434220100298,dry-wet,298,146,139,23,21.796520168076952,0.3377352912190795,1.0552143104790488,-0.5178000170397363
GUARDA,LORCA,0.6224674710775063,dry-dry,493,80,35,10,6.135283793685009,1.7607142857142857,1.6299164531383061,0.22266945000411947
GUARDA,LORCA,0.6224674710775063,dry-wet,271,95,69,15,14.251267038918492,0.620137299771167,1.0525379925193183,-0.17874643675904742
GUARDA,MONTSERRAT,0.804591352544887,dry-dry,499,77,60,24,9.145196667894233,2.5922077922077924,2.6243284722630493,0.4709595648703846
GUARDA,MONTSERRAT,0.804591352544887,wet-wet,100,30,64,22,21.92651233454632,1.1458333333333333,1.0033515437536273,0.15507451719830895
GUARDA,MONTSERRAT,0.804591352544887,dry-wet,259,101,77,13,16.21042087905946,0.43294329432943296,0.8019532680236166,-0.41746134274571395
GUARDA,OURENSE,0.25072428373522965,dry-dry,294,20,57,12,7.476452840481313,3.094736842105263,1.6050392152580573,0.43284224748622385
GUARDA,OURENSE,0.25072428373522965,wet-wet,158,33,45,13,19.71060560910612,1.3831649831649833,0.6595434081433864,0.24592926606789867
GUARDA,OURENSE,0.25072428373522965,dry-wet,190,123,59,32,13.634124441563937,0.8378117679481879,2.347052070497998,-0.11431082147871698
GUARDA,OVIEDO,0.40242326871316664,dry-dry,359,37,85,16,12.371734462772872,1.8263910969793322,1.2932705634884702,0.3115570936122019
GUARDA,OVIEDO,0.40242326871316664,wet-wet,155,47,53,19,22.762477685197833,1.1822561220393417,0.8347070236714816,0.20436121872155982
GUARDA,OVIEDO,0.40242326871316664,dry-wet,286,102,118,32,21.089424808149687,0.7603855101362579,1.5173481634090886,-0.1779803895971265
GUARDA,PAMPLONA,0.5790225575430248,dry-dry,210,29,40,13,6.237996565718481,2.353448275862069,2.0840024297933684,0.43850703705028865
GUARDA,PAMPLONA,0.5790225575430248,wet-wet,108,39,41,16,16.61577078241842,1.0806754221388368,0.9629405827462436,0.07702971319606029
GUARDA,PAMPLONA,0.5790225575430248,dry-wet,160,68,57,13,11.962401906659052,0.5366357069143447,1.086738273921674,-0.36437511195099376
GUARDA,PONFERRADA,0.2825154154658514,dry-dry,302,21,50,10,7.5570037952958575,2.876190476190476,1.3232757678677993,0.3971059334595697
GUARDA,PONFERRADA,0.2825154154658514,wet-wet,136,30,44,17,17.585987664829666,1.7515151515151515,0.9666787173971703,0.41566452001238974
GUARDA,PONFERRADA,0.2825154154658514,dry-wet,164,102,53,26,11.508992019139914,0.7887532371439142,2.2591031392463354,-0.15257743960945555
GUARDA,PORTO,0.15858146177301197,dry-dry,553,24,97,9,12.611523698771865,2.1378865979381443,0.7136330403023734,0.16355444693988216
GUARDA,PORTO,0.15858146177301197,wet-wet,213,43,75,16,27.65429163187614,1.0567441860465117,0.5785720427406412,0.002481225581080369
GUARDA,PORTO,0.15858146177301197,dry-wet,323,191,118,60,23.878790069248144,0.8598810897151478,2.5126901248346702,-0.05130091309982299
GUARDA,SORIA,0.4475976315867676,dry-dry,380,46,61,27,9.04302387191222,3.6564504632929435,2.9857269407263693,0.674576421899505
GUARDA,SORIA,0.4475976315867676,wet-wet,153,38,64,27,25.375022432488365,1.6986019736842106,1.0640384682155446,0.5086136774197445
GUARDA,SORIA,0.4475976315867676,dry-wet,167,86,66,21,12.4496298230844,0.6178646934460887,1.686797141635593,-0.26467744286892336
GUARDA,TARIFA,0.631578430358949,dry-dry,374,54,39,18,7.036619347668993,3.1965811965811968,2.5580465718900687,0.603935453580483
GUARDA,TARIFA,0.631578430358949,wet-wet,110,27,45,15,18.404835929583857,1.3580246913580247,0.815003190323966,0.2799818592217732
GUARDA,TARIFA,0.631578430358949,dry-wet,177,83,50,13,11.045985361489123,0.5544578313253012,1.176898173821901,-0.3443210381001005
GUARDA,TAVIRA,0.46653249628894405,dry-dry,530,72,56,19,7.3722984740600435,2.4975198412698414,2.577215242553303,0.3620421097212413
GUARDA,TAVIRA,0.46653249628894405,wet-wet,135,19,60,10,23.693104937724918,1.1842105263157894,0.4220637196468784,0.09935724312327318
GUARDA,TAVIRA,0.46653249628894405,dry-wet,251,141,64,27,15.344030756320782,0.7509973404255319,1.7596419369061604,-0.21540204294637855
GUARDA,TORREVIEJA,0.6668248417919078,dry-dry,612,99,49,9,7.60811169474098,1.1354359925788498,1.1829479325627075,0.0471533153227092
GUARDA,TORREVIEJA,0.6668248417919078,dry-wet,333,120,85,15,16.893340222107454,0.48970588235294116,0.8879238683875119,-0.3140885539949345
GUARDA,VALENCIA,0.6157661410130396,dry-dry,331,55,41,14,5.299332962357018,2.054988913525499,2.6418419260399015,0.3274316648973505
GUARDA,VALENCIA,0.6157661410130396,dry-wet,229,82,65,16,13.737669740329942,0.6874296435272045,1.1646807866568878,-0.19539492130548075
GUARDA,VANDELLOS,0.7093594281064094,dry-dry,634,100,70,20,9.324088192138829,1.8114285714285714,2.1449818564416914,0.2503556633260085
GUARDA,VANDELLOS,0.7093594281064094,wet-wet,100,30,62,20,22.865013199730395,1.075268817204301,0.8746988171533538,0.08005138594381887
GUARDA,VANDELLOS,0.7093594281064094,dry-wet,322,120,101,15,18.360222126379128,0.39851485148514854,0.8169835798690412,-0.39408676396791403
GUARDA,VIMIANZO,0.37915809089165337,dry-dry,406,32,83,13,12.434178079790987,1.9871987951807228,1.0455053737028772,0.3074052892368733
GUARDA,VIMIANZO,0.37915809089165337,wet-wet,216,70,50,22,19.48219418463156,1.3577142857142857,1.1292362549878803,0.24163324586207774
GUARDA,VIMIANZO,0.37915809089165337,dry-wet,341,129,101,30,19.140370778050894,0.7851715404098549,1.567367756240246,-0.10730467526633687
GUARDA,ZAMORA,0.18716535145842778,dry-dry,414,39,64,23,7.891463823152665,3.8149038461538463,2.914541651007839,0.5742604355768135
GUARDA,ZAMORA,0.18716535145842778,wet-wet,118,18,61,12,20.925337358790664,1.289617486338798,0.5734674569038114,0.03250564657356581
GUARDA,ZAMORA,0.18716535145842778,dry-wet,189,126,62,31,14.148585422682459,0.75,2.191031758574395,-0.19001163570242796
HUELVA,TAVIRA,0.06404614871405145,dry-dry,124,14,13,11,1.746693602715117,7.4945054945054945,6.297612805646763,0.9373872477638309
HUELVA,TORREVIEJA,0.553259007809491,dry-dry,117,12,3,1,1.1300140048591947,3.25,0.8849447844892904,0.36686869672559186
HUELVA,VANDELLOS,0.8486582069491901,dry-dry,111,12,6,2,1.3110575918194842,3.0833333333333335,1.5254859988449496,0.4433615151396563
LORCA,MONTSERRAT,0.6187588091833509,dry-dry,1533,124,199,48,17.28823349927462,2.982006808234722,2.7764548646346072,0.47042058551887983
LORCA,MONTSERRAT,0.6187588091833509,wet-wet,165,114,67,51,58.532920067871615,1.1017282010997644,0.8713045571767674,0.13061105891727595
LORCA,MONTSERRAT,0.6187588091833509,dry-wet,524,159,258,41,33.443249058814054,0.5237189800594803,1.225957439957358,-0.268933075299499
LORCA,OURENSE,0.8338017764499513,dry-dry,767,66,165,16,12.354611524344458,1.1269054178145088,1.2950629785867724,0.033392965458908415
LORCA,OURENSE,0.8338017764499513,wet-wet,105,75,32,22,21.39800777805065,0.9625,1.0281330966972941,-0.07666414876969382
LORCA,OURENSE,0.8338017764499513,dry-wet,715,158,195,40,33.52432404188646,0.9282700421940928,1.1931635056988057,0.07085161657185648
LORCA,OVIEDO,0.8581598186731159,dry-dry,911,69,261,16,20.00169885744787,0.8093730912321617,0.7999320514738282,-0.10813990037453221
LORCA,OVIEDO,0.8581598186731159,wet-wet,128,88,37,26,30.410509711320284,1.0221130221130221,0.854967583470708,0.001682880506610422
LORCA,OVIEDO,0.8581598186731159,dry-wet,941,193,351,74,52.591281273659995,1.0279143232511108,1.4070773369247123,0.06675618011085625
LORCA,PAMPLONA,0.7035442197227552,dry-dry,1037,101,220,33,17.709103108997652,1.5400990099009901,1.8634484082501805,0.20590735950381986
LORCA,PAMPLONA,0.7035442197227552,wet-wet,114,80,47,34,27.973482978148148,1.0308510638297872,1.2154367772708012,0.0840472342066314
LORCA,PAMPLONA,0.7035442197227552,dry-wet,751,171,297,66,41.86524939092793,0.9759584145549057,1.5764864884407448,0.09140692157802122
LORCA,PONFERRADA,0.7945603477952629,dry-dry,886,81,188,22,13.77715216479091,1.2800105069608616,1.5968467021960837,0.08889658428167084
LORCA,PONFERRADA,0.7945603477952629,wet-wet,102,72,39,25,21.314085649180285,0.9081196581196581,1.1729332616696824,-0.14744411470359509
LORCA,PONFERRADA,0.7945603477952629,dry-wet,775,170,230,49,37.6610276448795,0.9712276214833759,1.3010797385042194,0.10209770172823718
LORCA,PORTO,0.7809770318703814,dry-dry,997,89,209,12,15.428834690444601,0.6431912262781571,0.7777645065723499,-0.16225738920183658
LORCA,PORTO,0.7809770318703814,dry-wet,838,187,259,52,41.54305871048601,0.8997171350112526,1.251713321409204,0.02551588411670653
LORCA,SORIA,0.5657299800498605,dry-dry,998,66,183,26,14.978207584857893,2.1483689352541813,1.7358552318559468,0.3171087563598323
LORCA,SORIA,0.5657299800498605,wet-wet,134,95,56,43,36.097643054871796,1.0830827067669173,1.1912135076142223,0.18088971807705853
LORCA,SORIA,0.5657299800498605,dry-wet,553,149,220,46,31.86779908053373,0.7760219646125687,1.4434633494378608,-0.052040418885422
LORCA,TARIFA,0.4080755884507332,dry-dry,1095,81,150,38,12.969921490505287,3.4246913580246914,2.9298558227833635,0.5588619087260615
LORCA,TARIFA,0.4080755884507332,wet-wet,161,104,72,57,44.3426748873026,1.2255608974358974,1.2854434276882514,0.43682731324804663
LORCA,TARIFA,0.4080755884507332,dry-wet,393,132,168,30,21.691936820552147,0.5316558441558441,1.3830023684918873,-0.28751063995261583
LORCA,TAVIRA,0.5255454388768291,dry-dry,504,36,54,6,4.760173553949807,1.5555555555555556,1.2604582442212497,0.1417299340583867
LORCA,TAVIRA,0.5255454388768291,dry-wet,194,78,62,18,11.039596340055152,0.7220843672456576,1.630494399028912,-0.09177096366430938
LORCA,TORREVIEJA,0.09587509043703292,dry-dry,1509,139,130,81,11.993912646380405,6.764194798007748,6.753425874286709,0.8396375371884637
LORCA,TORREVIEJA,0.09587509043703292,wet-wet,197,116,121,99,84.0190076550208,1.3894984326018809,1.1783047998673186,0.7981848775983058
LORCA,TORREVIEJA,0.09587509043703292,dry-wet,184,90,92,15,11.656074824581207,0.3333333333333333,1.286882610633802,-0.5370725702361833
LORCA,VALENCIA,0.27421201025404085,dry-dry,1327,111,156,66,13.531787079659233,5.057865557865558,4.87740455946208,0.7418949842559728
LORCA,VALENCIA,0.27421201025404085,wet-wet,215,116,105,75,69.90479983651494,1.3238916256157636,1.0728877012079443,0.5048789205612207
LORCA,VALENCIA,0.27421201025404085,dry-wet,318,132,163,29,19.680531484365986,0.42861126603457894,1.4735374409495652,-0.39687012786179915
LORCA,VANDELLOS,0.5024655762665521,dry-dry,1323,100,156,45,11.950090173852047,3.816346153846154,3.765661961151084,0.5618281430982383
LORCA,VANDELLOS,0.5024655762665521,wet-wet,141,86,64,45,51.95529714600862,1.152797965116279,0.8661292009078049,0.27562556103810837
LORCA,VANDELLOS,0.5024655762665521,dry-wet,357,116,183,28,21.860281764077044,0.4708875070661391,1.2808618069146913,-0.3236218509006271
LORCA,VIMIANZO,0.9770034849698492,dry-dry,922,80,253,20,18.094497936938353,0.9110671936758893,1.105308368859007,-0.051544593949022784
LORCA,VIMIANZO,0.9770034849698492,wet-wet,161,113,36,21,24.411460955583642,0.8311209439528023,0.8602516677805251,-0.2639414048354093
LORCA,VIMIANZO,0.9770034849698492,dry-wet,1293,218,301,57,50.66384258541635,1.1231826632936084,1.1250627092467622,0.08916682098863915
LORCA,ZAMORA,0.6337231376571801,dry-dry,1300,104,213,23,16.066841957387638,1.3497652582159625,1.431519651528311,0.10718180199791777
LORCA,ZAMORA,0.6337231376571801,wet-wet,109,76,55,43,30.9641384738383,1.1212918660287081,1.3887032586529362,0.31927898633174895
LORCA,ZAMORA,0.6337231376571801,dry-wet,631,204,248,53,37.275792601663795,0.6610333649588868,1.4218342871033776,-0.13091994477484165
MONTSERRAT,OURENSE,0.8522662083876855,dry-dry,792,63,165,25,17.932207169318232,1.9047619047619047,1.394139592742084,0.26237813334729837
MONTSERRAT,OURENSE,0.8522662083876855,wet-wet,211,120,57,28,38.169643100878076,0.8637426900584795,0.7335672467777377,-0.15966188429191472
MONTSERRAT,OURENSE,0.8522662083876855,dry-wet,656,220,190,44,39.60500288152434,0.6905263157894737,1.1109707561850959,-0.20027463150482366
MONTSERRAT,OVIEDO,0.7145524231250477,dry-dry,987,90,268,48,30.975752422223117,1.964179104477612,1.5495991621357057,0.37178989730310724
MONTSERRAT,OVIEDO,0.7145524231250477,wet-wet,306,169,102,75,64.8705415785854,1.331360946745562,1.1561488184763122,0.4334027551918286
MONTSERRAT,OVIEDO,0.7145524231250477,dry-wet,804,250,304,77,56.42646606253891,0.8145789473684211,1.3646078759328808,-0.14289192156297154
MONTSERRAT,PAMPLONA,0.3462495099191019,dry-dry,1103,122,229,67,26.818758225003712,2.645178609778796,2.498251389489557,0.5398298127773703
MONTSERRAT,PAMPLONA,0.3462495099191019,wet-wet,297,157,113,68,64.96072625810956,1.1383800236739756,1.046786326399961,0.19040139143759932
MONTSERRAT,PAMPLONA,0.3462495099191019,dry-wet,590,194,244,39,41.186077469516775,0.4860993746831164,0.9469219308118194,-0.3614306734830782
MONTSERRAT,PONFERRADA,0.7482672721555206,dry-dry,945,87,187,40,20.6939651264402,2.323437211875346,1.932930675953103,0.3893828091760723
MONTSERRAT,PONFERRADA,0.7482672721555206,wet-wet,250,145,95,55,46.272209141322016,0.9981851179673321,1.1886184174181538,0.007171276315247892
MONTSERRAT,PONFERRADA,0.7482672721555206,dry-wet,669,252,198,55,42.719241393538155,0.7374338624338624,1.2874760460591763,-0.18408079317422826
MONTSERRAT,PORTO,0.9192672912892503,dry-dry,983,75,197,25,21.262543866390082,1.6632825719120135,1.17577652782731,0.17953867558074027
MONTSERRAT,PORTO,0.9192672912892503,wet-wet,223,124,86,47,42.8485461949804,0.9828394598649662,1.0968866898337366,-0.007191563250429008
MONTSERRAT,PORTO,0.9192672912892503,dry-wet,754,267,228,76,49.34838497270329,0.9413233458177278,1.5400706637519923,-0.05266033744729288
MONTSERRAT,SORIA,0.3780159902987535,dry-dry,1098,96,181,55,23.11508709034979,3.4754834254143647,2.3793983464142645,0.6195687717756446
MONTSERRAT,SORIA,0.3780159902987535,wet-wet,279,142,124,76,66.8140909304995,1.204225352112676,1.137484607536691,0.28181544358485566
MONTSERRAT,SORIA,0.3780159902987535,dry-wet,442,196,176,36,32.4466367763182,0.4612708719851577,1.1095140691523162,-0.4433423455639703
MONTSERRAT,TARIFA,0.9997510395031189,dry-dry,1032,121,134,50,17.274947624212224,3.1824349327741457,2.8943647811655877,0.5622920458730666
MONTSERRAT,TARIFA,0.9997510395031189,wet-wet,207,110,89,55,50.8255769025868,1.1629213483146068,1.0821323308422839,0.24093136742282847
MONTSERRAT,TARIFA,0.9997510395031189,dry-wet,438,188,163,39,30.011932058717424,0.5574337553844145,1.2994831496918524,-0.2558851499695638
MONTSERRAT,TAVIRA,1.0286039203020003,dry-dry,474,53,51,10,6.258894677987265,1.753607103218646,1.597726198392557,0.21385017605920567
MONTSERRAT,TAVIRA,1.0286039203020003,dry-wet,213,103,64,23,14.295897588227389,0.7431735436893204,1.6088531593105706,-0.12865896664652815
MONTSERRAT,TORREVIEJA,0.5407699272642434,dry-dry,1342,177,110,43,14.900135146527534,2.9638418079096045,2.88587986465486,0.46831579247917837
MONTSERRAT,TORREVIEJA,0.5407699272642434,wet-wet,133,61,95,50,50.52331393315534,1.1475409836065573,0.9896421296938733,0.3198689436412653
MONTSERRAT,TORREVIEJA,0.5407699272642434,dry-wet,430,219,127,31,27.099166316596815,0.47927228274547873,1.1439466306022164,-0.3641987195586553
MONTSERRAT,VALENCIA,0.3463942989946013,dry-dry,1313,161,151,74,18.716820654107586,3.996627041257044,3.953662930662318,0.6822009688741615
MONTSERRAT,VALENCIA,0.3463942989946013,wet-wet,258,115,145,86,74.71660618918548,1.3306146926536733,1.151015877009249,0.4482510656124847
MONTSERRAT,VALENCIA,0.3463942989946013,dry-wet,401,202,155,32,28.408262905185364,0.4098371127435324,1.1264328307155675,-0.4294685411183127
MONTSERRAT,VANDELLOS,0.12102018845009273,dry-dry,1414,173,161,109,18.93377299895277,5.533551143503392,5.756908567881785,0.8473701942932731
MONTSERRAT,VANDELLOS,0.12102018845009273,wet-wet,291,144,165,124,95.54338750057525,1.5186868686868686,1.2978396856533208,0.8000049523748916
MONTSERRAT,VANDELLOS,0.12102018845009273,dry-wet,224,126,94,15,15.390896863279046,0.28368794326241137,0.9746020737614269,-0.5741210706675274
MONTSERRAT,VIMIANZO,0.97073385061506,dry-dry,1013,92,253,38,27.977368818547586,1.6538064959615053,1.3582406639615057,0.23033748691604883
MONTSERRAT,VIMIANZO,0.97073385061506,wet-wet,365,206,73,43,48.79361120658425,1.0436893203883495,0.881262914071782,0.07217680064105658
MONTSERRAT,VIMIANZO,0.97073385061506,dry-wet,1178,298,308,74,59.04134777424661,0.949751590691188,1.2533589220041186,-0.06300773535320257
MONTSERRAT,ZAMORA,0.6611291976270082,dry-dry,1331,128,200,52,22.823031222080463,2.70359375,2.2784002481533596,0.43134122909337674
MONTSERRAT,ZAMORA,0.6611291976270082,wet-wet,224,112,122,64,56.946604191998055,1.0491803278688525,1.1238598140851577,0.05293742001637923
MONTSERRAT,ZAMORA,0.6611291976270082,dry-wet,601,283,219,70,45.14536791889411,0.678800200074221,1.5505466723797328,-0.21042036867506672
OURENSE,OVIEDO,0.22277897726352877,dry-dry,634,129,137,77,28.5774737666627,2.762292762971765,2.69442990758074,0.6805722988015289
OURENSE,OVIEDO,0.22277897726352877,wet-wet,475,155,167,77,58.396240154255246,1.4129804906316399,1.3185780419527424,0.3401762545383431
OURENSE,OVIEDO,0.22277897726352877,dry-wet,429,112,223,24,35.20510939264388,0.4122357463164638,0.6817192280906479,-0.5166714770524573
OURENSE,PAMPLONA,0.5470887547468645,dry-dry,605,107,68,34,20.55396532312535,2.8271028037383177,1.6541820259736675,0.5138710097330594
OURENSE,PAMPLONA,0.5470887547468645,wet-wet,346,113,128,51,43.32149444258446,1.2199944690265487,1.1772447062645113,0.19026099674958724
OURENSE,PAMPLONA,0.5470887547468645,dry-wet,484,146,242,56,36.39191843562798,0.7671232876712328,1.5388031850823107,-0.20727293849597136
OURENSE,PONFERRADA,0.11462273674607268,dry-dry,765,134,117,103,26.11060082152963,5.025832376578645,3.9447579434890225,0.9395301541491817
OURENSE,PONFERRADA,0.11462273674607268,wet-wet,566,147,159,109,60.07070872905662,2.6395413511316477,1.814528283520583,0.8421423844730292
OURENSE,PONFERRADA,0.11462273674607268,dry-wet,179,85,94,18,13.443547856433145,0.4032540675844806,1.3389322664096037,-0.4184865405225181
OURENSE,PORTO,0.16528301057646214,dry-dry,718,116,133,95,24.18337739544525,4.421182266009852,3.92831813549304,0.890608697486473
OURENSE,PORTO,0.16528301057646214,wet-wet,529,127,162,97,58.224170873597835,2.4940701856712355,1.6659747755031638,0.797659543647273
OURENSE,PORTO,0.16528301057646214,dry-wet,196,120,71,15,14.76906949349021,0.34507042253521125,1.0156360904531987,-0.5110855119605053
OURENSE,SORIA,0.47516497210681685,dry-dry,702,118,75,48,20.375258597503606,3.807457627118644,2.3557983212974287,0.685669320032297
OURENSE,SORIA,0.47516497210681685,wet-wet,357,90,128,58,48.722159312033654,1.7973958333333333,1.1904234298925018,0.5658982848570071
OURENSE,SORIA,0.47516497210681685,dry-wet,348,115,180,39,24.8172709377874,0.6556521739130434,1.5714862483375487,-0.24588130870497465
OURENSE,TARIFA,0.882299443123547,dry-dry,547,122,52,21,13.27765000348792,1.810687263556116,1.5816051782117684,0.25202552408292644
OURENSE,TARIFA,0.882299443123547,wet-wet,241,56,100,29,33.63545676894826,1.2480357142857144,0.8621854074766827,0.21491562161645286
OURENSE,TARIFA,0.882299443123547,dry-wet,449,144,146,30,25.255991164161887,0.6406963470319634,1.187836969256223,-0.22292473584291783
OURENSE,TAVIRA,0.7099359687761335,dry-dry,250,60,26,14,5.007961644108516,2.2435897435897436,2.7955485674435887,0.4224837814171502
OURENSE,TAVIRA,0.7099359687761335,wet-wet,109,22,51,12,16.23415558144698,1.1657754010695187,0.7391822715875696,0.10988205023014574
OURENSE,TAVIRA,0.7099359687761335,dry-wet,194,67,60,10,10.40988626638509,0.48258706467661694,0.9606252887018883,-0.3955775190908034
OURENSE,TORREVIEJA,0.8604018799798282,dry-dry,638,153,69,15,10.295878182955779,0.9065075305484512,1.4568936941029098,-0.03834384372713295
OURENSE,TORREVIEJA,0.8604018799798282,dry-wet,641,168,146,34,30.011774745943995,0.8885355512067841,1.1328886841187225,0.10519035530201175
OURENSE,VALENCIA,0.7601821871215972,dry-dry,586,134,63,11,11.802927261872204,0.763563136697465,0.9319721926554648,-0.13172454113192777
OURENSE,VALENCIA,0.7601821871215972,wet-wet,129,39,75,20,21.396497498124074,0.882051282051282,0.9347324253305238,-0.15499862395719907
OURENSE,VALENCIA,0.7601821871215972,dry-wet,658,181,192,53,36.203790760493234,1.0035105893186003,1.463935098692354,0.0866033575781378
OURENSE,VANDELLOS,0.7844061430317679,dry-dry,676,144,72,22,12.600240605143744,1.4344135802469136,1.745998405063712,0.15401686056299102
OURENSE,VANDELLOS,0.7844061430317679,wet-wet,155,47,93,27,29.162031988355757,0.9574468085106383,0.9258614081069849,-0.056294806214072894
OURENSE,VANDELLOS,0.7844061430317679,dry-wet,566,156,177,31,30.286892549225303,0.6354483557873388,1.023545084713319,-0.23021237645197848
OURENSE,VIMIANZO,0.14383792815337507,dry-dry,751,86,177,73,30.469397883049055,3.601563526474839,2.3958464909676427,0.7902702021418074
OURENSE,VIMIANZO,0.14383792815337507,wet-wet,695,189,121,80,52.822893594641684,2.4312387948751586,1.5144948441089403,0.6697855260709074
OURENSE,VIMIANZO,0.14383792815337507,dry-wet,388,171,135,17,22.7847889124722,0.28572666233484945,0.7461118057887446,-0.5098903804785792
OURENSE,ZAMORA,0.21572873197422135,dry-dry,878,172,89,72,22.6959591577188,4.129605435066632,3.172370883277392,0.8109475834582224
OURENSE,ZAMORA,0.21572873197422135,wet-wet,421,114,183,87,60.968295027281336,1.7556801840667242,1.4269711816784498,0.6350475308236913
OURENSE,ZAMORA,0.21572873197422135,dry-wet,353,132,158,24,22.60785997246486,0.4062140391254315,1.06157770037636,-0.44071642907227765
OVIEDO,PAMPLONA,0.376822607214375,dry-dry,832,211,122,90,40.053863964470054,2.908864890062932,2.2469742265024637,0.7122176622066027
OVIEDO,PAMPLONA,0.376822607214375,wet-wet,513,168,195,106,74.77306048106402,1.65989010989011,1.4176228620044793,0.5474990751738583
OVIEDO,PAMPLONA,0.376822607214375,dry-wet,477,215,223,58,43.03369324554788,0.5770361872979456,1.3477811367259416,-0.35007066287839095
OVIEDO,PONFERRADA,0.12479959723548,dry-dry,776,195,159,115,35.352812892896935,2.87824544428318,3.2529236173765885,0.778709057175932
OVIEDO,PONFERRADA,0.12479959723548,wet-wet,527,181,195,108,66.3975927980446,1.6125796855078622,1.626564992024539,0.5069214396050924
OVIEDO,PONFERRADA,0.12479959723548,dry-wet,413,207,99,19,32.88582879217691,0.38291123798370175,0.5777564591748967,-0.527152423396799
OVIEDO,PORTO,0.3787681239309033,dry-dry,789,178,173,92,34.13399946678483,2.357212443982594,2.6952599003091775,0.5678603046882489
OVIEDO,PORTO,0.3787681239309033,wet-wet,503,164,187,80,65.84156071439206,1.3121168644841528,1.215038026620063,0.2567600658562208
OVIEDO,PORTO,0.3787681239309033,dry-wet,588,294,135,40,47.27292424078344,0.5925925925925926,0.8461503205568798,-0.3887633502756162
OVIEDO,SORIA,0.3658144242643526,dry-dry,777,196,101,66,31.709733314423477,2.5905233380480905,2.081379850961385,0.5985844097904308
OVIEDO,SORIA,0.3658144242643526,wet-wet,380,129,172,76,61.20229883739533,1.301604470885163,1.2417834206182317,0.31734466138482825
OVIEDO,SORIA,0.3658144242643526,dry-wet,495,226,179,44,41.11781643956883,0.5383892816532357,1.0700957348906681,-0.3761336600007808
OVIEDO,TARIFA,1.0002885404842239,dry-dry,651,180,74,32,20.847609839668642,1.563963963963964,1.534948142549689,0.221824876326826
OVIEDO,TARIFA,1.0002885404842239,wet-wet,239,82,117,40,39.28024201729265,0.9964561184073379,1.0183236646655711,-0.011440362953405897
OVIEDO,TARIFA,1.0002885404842239,dry-wet,618,258,156,48,41.63515940768528,0.7370304114490162,1.152871771907756,-0.23563573602550197
OVIEDO,TAVIRA,0.8637584635154376,dry-dry,299,83,30,12,7.474201783128059,1.4409638554216868,1.605522616085678,0.17704681207720985
OVIEDO,TAVIRA,0.8637584635154376,dry-wet,308,126,56,21,18.206263820169532,0.9166666666666666,1.1534491759223806,-0.133526840515318
OVIEDO,TORREVIEJA,0.8600401644164368,dry-dry,845,264,64,18,18.35475443330655,0.9002130681818182,0.9806723410767724,-0.05054916525150331
OVIEDO,TORREVIEJA,0.8600401644164368,wet-wet,102,36,75,27,25.908769262843155,1.02,1.0421182004473606,0.02723890921246331
OVIEDO,TORREVIEJA,0.8600401644164368,dry-wet,838,301,180,58,46.810600534270435,0.8970837947582133,1.2390355889055025,0.009773100159870438
OVIEDO,VALENCIA,0.7137681668359505,dry-dry,783,216,80,29,21.533406731210018,1.3140625,1.3467446355326618,0.13102887259419158
OVIEDO,VALENCIA,0.7137681668359505,wet-wet,185,69,97,34,36.000543522151986,0.939787838039743,0.9444301855909202,-0.07776231269969082
OVIEDO,VALENCIA,0.7137681668359505,dry-wet,724,264,190,50,47.61763360235776,0.7216905901116427,1.050031179993881,-0.15784493444251702
OVIEDO,VANDELLOS,0.673099838879864,dry-dry,750,215,72,27,19.659194883203163,1.308139534883721,1.3734031408920429,0.12522686023766583
OVIEDO,VANDELLOS,0.673099838879864,wet-wet,195,72,111,43,43.18064009002066,1.0491741741741742,0.9958166416791397,0.07228785883181776
OVIEDO,VANDELLOS,0.673099838879864,dry-wet,704,268,192,58,44.494836083103564,0.7935323383084577,1.3035220512257348,-0.16203265655618904
OVIEDO,VIMIANZO,0.2797860973512317,dry-dry,812,133,202,80,44.21106866683144,2.4179260031266283,1.8095016115278517,0.5298439615254436
OVIEDO,VIMIANZO,0.2797860973512317,wet-wet,786,250,176,83,70.60165891680516,1.4826818181818182,1.1756097699886154,0.30506198132128604
OVIEDO,VIMIANZO,0.2797860973512317,dry-wet,686,366,173,56,52.41790695506946,0.6067153100224265,1.0683372010256145,-0.3488496320146899
OVIEDO,ZAMORA,0.25066226736830066,dry-dry,995,262,146,103,33.61565363661022,2.6792063160096204,3.0640487052087098,0.6777462223235065
OVIEDO,ZAMORA,0.25066226736830066,wet-wet,393,128,201,89,67.93311618494434,1.359491604477612,1.3101121367331683,0.392351128445068
OVIEDO,ZAMORA,0.25066226736830066,dry-wet,634,279,143,35,43.457564203693764,0.5561821690853949,0.8053833812670316,-0.3964446721181866
PAMPLONA,PONFERRADA,0.4344219894142916,dry-dry,802,116,141,64,26.5738683917126,3.1381755930545365,2.408381010118919,0.6495743605757407
PAMPLONA,PONFERRADA,0.4344219894142916,wet-wet,413,148,157,77,52.6621225409414,1.3686090549147873,1.4621514721541555,0.3190264486608721
PAMPLONA,PONFERRADA,0.4344219894142916,dry-wet,482,266,137,49,36.85205534151868,0.6480983480599308,1.3296408991548179,-0.30447847528328875
PAMPLONA,PORTO,0.6513699750076883,dry-dry,665,89,131,44,21.97316354452984,2.5096491980444293,2.0024426574185163,0.4586681347131661
PAMPLONA,PORTO,0.6513699750076883,wet-wet,353,119,128,49,46.63095535228881,1.1355698529411764,1.0508041199202005,0.10872841704809467
PAMPLONA,PORTO,0.6513699750076883,dry-wet,534,271,147,67,41.93821262890562,0.8981097974245048,1.59758835200861,-0.1090358318809909
PAMPLONA,SORIA,0.16008198040933486,dry-dry,884,163,148,111,29.285315100079785,4.067484662576687,3.7902955669306624,0.8681034954257733
PAMPLONA,SORIA,0.16008198040933486,wet-wet,406,169,172,116,67.24928062284943,1.6202009082152196,1.7249255148253058,0.6486000503182112
PAMPLONA,SORIA,0.16008198040933486,dry-wet,283,132,110,23,23.59284777945999,0.44827823691460056,0.9748717159962298,-0.4508691758241753
PAMPLONA,TARIFA,0.9894140921844281,dry-dry,780,163,103,54,19.289080387298174,2.5087855143248556,2.7995113772017306,0.5071407311004527
PAMPLONA,TARIFA,0.9894140921844281,wet-wet,233,73,109,43,39.2967641111256,1.2591428930501445,1.0942376801917375,0.2495768120343162
PAMPLONA,TARIFA,0.9894140921844281,dry-wet,480,214,133,37,31.755118641299976,0.623989881245169,1.1651664860064057,-0.23162412997222695
PAMPLONA,TAVIRA,0.9373984756420505,dry-dry,190,41,20,9,3.9437041579002723,2.0853658536585367,2.2821184449068377,0.3917250096611134
PAMPLONA,TAVIRA,0.9373984756420505,dry-wet,163,65,35,10,10.026759779658331,0.7164835164835165,0.9973311637810831,-0.21594924824708633
PAMPLONA,TORREVIEJA,0.6645372579105153,dry-dry,796,184,76,21,13.453306115151895,1.1953661327231122,1.5609545951198256,0.0808699556082684
PAMPLONA,TORREVIEJA,0.6645372579105153,dry-wet,616,243,129,41,32.886193498324815,0.8056911347178358,1.2467237961756958,-0.030472171015920677
PAMPLONA,VALENCIA,0.468061784552402,dry-dry,945,197,121,44,20.22584345790402,1.7443470235348408,2.1754346161917573,0.29182668511877796
PAMPLONA,VALENCIA,0.468061784552402,wet-wet,188,80,104,52,37.72057833379529,1.175,1.3785578667390483,0.2710183184396683
PAMPLONA,VALENCIA,0.468061784552402,dry-wet,592,222,173,37,36.946795671159734,0.5703275529865125,1.001440025525185,-0.19391869837834236
PAMPLONA,VANDELLOS,0.3349233542175873,dry-dry,779,172,93,50,15.81997858631523,2.434983745936484,3.1605605359827442,0.49965153230647885
PAMPLONA,VANDELLOS,0.3349233542175873,wet-wet,196,73,115,50,44.57546187393669,1.1673615247170934,1.1216933689078619,0.24903864369561432
PAMPLONA,VANDELLOS,0.3349233542175873,dry-wet,487,183,138,33,28.606796756710956,0.6363744357329532,1.1535720088009653,-0.21818808370284878
PAMPLONA,VIMIANZO,0.6473942164570747,dry-dry,782,82,207,39,32.953627749321456,1.7967479674796747,1.183481232982097,0.24622607485436682
PAMPLONA,VIMIANZO,0.6473942164570747,wet-wet,614,230,122,67,54.32976158829577,1.466072701354241,1.2332099026628855,0.3037929776499523
PAMPLONA,VIMIANZO,0.6473942164570747,dry-wet,754,341,198,57,47.20943470118513,0.6365413667466453,1.207385777033443,-0.2682480740893868
PAMPLONA,ZAMORA,0.39917848827833396,dry-dry,1083,180,167,89,28.063377650001993,3.2064870259481038,3.171393020112591,0.627497909806525
PAMPLONA,ZAMORA,0.39917848827833396,wet-wet,350,134,186,86,61.49081292948303,1.2076713208152785,1.39858290861472,0.27302176209584944
PAMPLONA,ZAMORA,0.39917848827833396,dry-wet,558,282,154,55,40.87001244158452,0.7066869300911854,1.3457299549054813,-0.2665287636696386
PONFERRADA,PORTO,0.25664623667062253,dry-dry,812,124,165,97,27.107283936399575,3.8496578690127077,3.578373998206021,0.8134077953989659
PONFERRADA,PORTO,0.25664623667062253,wet-wet,535,159,177,122,60.221775745968024,2.3192268059553,2.0258452775392986,0.821719042483764
PONFERRADA,PORTO,0.25664623667062253,dry-wet,244,149,76,15,17.789900722634492,0.32320734722712824,0.843175025755774,-0.5640727076370706
PONFERRADA,SORIA,0.3750312882024775,dry-dry,811,138,93,61,23.64961864121974,3.854682873616955,2.579322775788062,0.7187780748779158
PONFERRADA,SORIA,0.3750312882024775,wet-wet,382,119,136,72,53.5211839504708,1.699456253089471,1.3452617204176525,0.5360580361392931
PONFERRADA,SORIA,0.3750312882024775,dry-wet,328,115,176,32,24.038138471680362,0.5185770750988142,1.3312178910068102,-0.3447799709592609
PONFERRADA,TARIFA,0.8967382848500989,dry-dry,688,137,74,31,15.911185323013418,2.1037680015782207,1.9483149351018252,0.34467503958811235
PONFERRADA,TARIFA,0.8967382848500989,wet-wet,243,67,112,43,34.770994103468844,1.392457356076759,1.236662945903816,0.3581523988042959
PONFERRADA,TARIFA,0.8967382848500989,dry-wet,451,142,163,27,25.930302978307765,0.5260952216365679,1.0412527775933471,-0.32158850317453946
PONFERRADA,TAVIRA,0.7478481243180282,dry-dry,257,55,26,12,4.901620345595684,2.1566433566433565,2.4481700241803743,0.35586487312624826
PONFERRADA,TAVIRA,0.7478481243180282,dry-wet,171,64,41,8,8.574771828817088,0.5213414634146342,0.9329694316896617,-0.3372232243652484
PONFERRADA,TORREVIEJA,0.8091987553789503,dry-dry,769,174,73,15,11.984084660083859,0.9081247047709022,1.2516600495957309,-0.0484444586575206
PONFERRADA,TORREVIEJA,0.8091987553789503,dry-wet,656,197,143,36,30.41402307531422,0.8383088992226048,1.183664519187522,0.02601750457863665
PONFERRADA,VALENCIA,0.6873597982338859,dry-dry,756,150,84,19,14.600467163941168,1.14,1.3013282237245378,0.06438930304601696
PONFERRADA,VALENCIA,0.6873597982338859,wet-wet,148,58,93,31,25.189726287375457,0.8505747126436781,1.2306604544383846,-0.18327708885263913
PONFERRADA,VALENCIA,0.6873597982338859,dry-wet,681,194,206,50,38.615533240141524,0.8520168151336203,1.2948157335821566,-0.017861657915481638
PONFERRADA,VANDELLOS,0.6877805447493095,dry-dry,781,154,76,35,13.994959138863216,2.335526315789474,2.5009004780018946,0.4105569809571163
PONFERRADA,VANDELLOS,0.6877805447493095,wet-wet,163,60,98,36,31.481818352718335,0.9979591836734694,1.1435171754267979,0.0011459073607546317
PONFERRADA,VANDELLOS,0.6877805447493095,dry-wet,590,176,187,52,32.89740224420379,0.9321827904715605,1.5806719209618416,-0.011712928168016721
PONFERRADA,VIMIANZO,0.2238691906402687,dry-dry,828,92,200,69,31.81565648946777,3.105,2.1687435562689616,0.6558419718513123
PONFERRADA,VIMIANZO,0.2238691906402687,wet-wet,715,226,116,82,54.56443135839923,2.236420506560879,1.5028104931836248,0.618968945900862
PONFERRADA,VIMIANZO,0.2238691906402687,dry-wet,508,206,166,19,27.917156816977695,0.28225523453035445,0.6805850654693186,-0.5102385990762073
PONFERRADA,ZAMORA,0.16155106552986837,dry-dry,998,189,138,116,25.792958119802524,4.438616670500728,4.497351543053183,0.8818195729076622
PONFERRADA,ZAMORA,0.16155106552986837,wet-wet,462,141,212,111,68.82556686568701,1.7155760738659174,1.6127727682449218,0.6730197188645599
PONFERRADA,ZAMORA,0.16155106552986837,dry-wet,328,132,146,23,21.672595811550146,0.3914487339144873,1.0612480479953597,-0.4545984891600043
PORTO,SORIA,0.5457716770353707,dry-dry,807,161,80,45,22.91523410237806,2.8194875776397517,1.9637591219428154,0.4901710346559288
PORTO,SORIA,0.5457716770353707,wet-wet,363,122,130,62,51.584952810460436,1.4190416141235813,1.2019008765561494,0.35384079876385943
PORTO,SORIA,0.5457716770353707,dry-wet,440,122,241,43,33.04683141781582,0.643493639888443,1.301183749096694,-0.30827828069497576
PORTO,TARIFA,0.7600676331883891,dry-dry,697,147,56,21,15.704194314670533,1.778061224489796,1.3372223737948934,0.18432004635074464
PORTO,TARIFA,0.7600676331883891,wet-wet,233,69,100,33,33.76723714109234,1.1143478260869566,0.9772786521477452,0.1173629007053752
PORTO,TARIFA,0.7600676331883891,dry-wet,542,174,181,45,32.605099072752424,0.7744332253762621,1.3801522240306825,-0.1359196407424528
PORTO,TAVIRA,0.5678350387943679,dry-dry,499,109,41,26,9.269656595335594,2.903110315506825,2.80485039899784,0.5356808888846061
PORTO,TAVIRA,0.5678350387943679,wet-wet,150,45,65,25,24.034020228544396,1.2820512820512822,1.0401921843399442,0.2759354916969065
PORTO,TAVIRA,0.5678350387943679,dry-wet,303,114,84,19,15.896948768334388,0.6011904761904762,1.19519791356733,-0.27964069156021076
PORTO,TORREVIEJA,0.8247876968453945,dry-dry,1118,245,105,13,17.05581324705517,0.5649757045675413,0.762203467620904,-0.19870721520119172
PORTO,TORREVIEJA,0.8247876968453945,dry-wet,980,306,219,65,47.94270113105081,0.9505476467603784,1.3557851031864738,0.09070922254644256
PORTO,VALENCIA,0.7636840600784899,dry-dry,705,150,72,15,13.705236290705741,0.9791666666666666,1.0944721916376083,-0.005907626504960183
PORTO,VALENCIA,0.7636840600784899,wet-wet,132,51,81,27,23.40064176932644,0.8627450980392157,1.153814509283741,-0.15196744897173875
PORTO,VALENCIA,0.7636840600784899,dry-wet,699,194,203,55,40.295653056173734,0.9762074043979483,1.3649114936374855,0.03364393426909197
PORTO,VANDELLOS,0.8343121473006241,dry-dry,885,186,76,25,15.875861495863884,1.5651528013582343,1.5747176936831564,0.1856867502293929
PORTO,VANDELLOS,0.8343121473006241,wet-wet,172,62,97,35,34.51025148926589,1.000997672098437,1.0141913921110208,-0.0014608796557004902
PORTO,VANDELLOS,0.8343121473006241,dry-wet,686,220,205,56,38.80315434810892,0.8517960088691796,1.4431816418226107,-0.07892243117550454
PORTO,VIMIANZO,0.25084137496856607,dry-dry,927,125,211,88,35.656961291174994,3.0929289099526067,2.4679612847934904,0.7102027265601661
PORTO,VIMIANZO,0.25084137496856607,wet-wet,786,255,124,96,64.00438877274374,2.386337760910816,1.4998971451920433,0.7029481591179977
PORTO,VIMIANZO,0.25084137496856607,dry-wet,533,213,199,33,30.962116667125258,0.4149621346167457,1.0658186051936982,-0.4236720142158808
PORTO,ZAMORA,0.259792802110727,dry-dry,1021,215,106,83,25.766806208447893,3.718429135585783,3.2211985966963828,0.7179441757427983
PORTO,ZAMORA,0.259792802110727,wet-wet,412,138,187,105,62.757385434125354,1.6763543362008835,1.6731098543009812,0.6526472532659083
PORTO,ZAMORA,0.259792802110727,dry-wet,434,138,200,37,27.973017937810596,0.5818115942028985,1.322703187845449,-0.3247965679158383
SORIA,TARIFA,0.8307470265440196,dry-dry,738,134,89,47,16.454291409968967,2.9084353513332215,2.8563976915787856,0.5631456388830529
SORIA,TARIFA,0.8307470265440196,wet-wet,277,96,113,58,51.365231569908545,1.4810103244837758,1.1291684711099077,0.4588443632704391
SORIA,TARIFA,0.8307470265440196,dry-wet,342,162,120,26,24.06098634584377,0.45740740740740743,1.0805874549898147,-0.40384115271224374
SORIA,TAVIRA,0.7785970528385282,dry-dry,294,52,41,13,5.406996327697691,1.7926829268292683,2.404292367170041,0.2835475505930968
SORIA,TAVIRA,0.7785970528385282,dry-wet,185,99,46,19,12.312073875142488,0.7718489240228371,1.543200616945625,-0.22037316054254585
SORIA,TORREVIEJA,0.5401302785939772,dry-dry,893,178,72,23,13.138240685808794,1.6026061173533084,1.750614907279278,0.18033773596740157
SORIA,TORREVIEJA,0.5401302785939772,dry-wet,517,212,133,36,28.617726875627152,0.6600936303021705,1.25796154797536,-0.1287203028490758
SORIA,VALENCIA,0.3631277292387,dry-dry,906,155,92,38,17.066998282474188,2.414305750350631,2.226519237364754,0.448799502275209
SORIA,VALENCIA,0.3631277292387,wet-wet,206,95,119,61,45.23597400171248,1.1115435647943388,1.3484842837183244,0.20153446586425078
SORIA,VALENCIA,0.3631277292387,dry-wet,471,178,175,37,30.9730990341496,0.559454253611557,1.1945850158295557,-0.2878961849898085
SORIA,VANDELLOS,0.31319966008783096,dry-dry,896,159,80,43,15.518610635880059,3.028930817610063,2.770866607129194,0.5464294133460207
SORIA,VANDELLOS,0.31319966008783096,wet-wet,197,85,116,57,49.08258899332601,1.138843813387424,1.1613079336086072,0.23204127930682455
SORIA,VANDELLOS,0.31319966008783096,dry-wet,411,156,153,30,26.197045756574468,0.5165912518853696,1.1451672940057043,-0.36159020228399835
SORIA,VIMIANZO,0.5988858426736478,dry-dry,823,68,196,35,28.808254715203365,2.1612394957983194,1.2149295521720371,0.3547491018444445
SORIA,VIMIANZO,0.5988858426736478,wet-wet,485,197,82,49,46.868274985947195,1.4711526556889933,1.0454833256545493,0.32601756342854127
SORIA,VIMIANZO,0.5988858426736478,dry-wet,682,274,189,39,39.10043263428486,0.51361371799328,0.9974314188483737,-0.3272038129007797
SORIA,ZAMORA,0.28602326941769207,dry-dry,1069,156,150,96,25.013540994485766,4.385641025641026,3.8379212291919482,0.7976443963735428
SORIA,ZAMORA,0.28602326941769207,wet-wet,374,139,177,108,71.8910100649885,1.6417510059748812,1.502274066011445,0.6739824361272756
SORIA,ZAMORA,0.28602326941769207,dry-wet,320,181,110,32,24.663807487864094,0.5143144148669011,1.2974476879024337,-0.3870209946919831
TARIFA,TAVIRA,0.23371139465298946,dry-dry,467,41,47,19,6.2241283486158325,4.604566683964712,3.0526362786566508,0.6343212337566173
TARIFA,TAVIRA,0.23371139465298946,dry-wet,128,81,36,18,8.95670628685626,0.7901234567901234,2.0096673289839306,-0.1676220572787162
TARIFA,TORREVIEJA,0.5035343283423817,dry-dry,993,140,83,38,11.44429946548194,3.247332185886403,3.320430412941816,0.5400190801012825
TARIFA,TORREVIEJA,0.5035343283423817,wet-wet,129,55,85,45,38.05085691478125,1.241711229946524,1.1826277684306048,0.46495051868972603
TARIFA,TORREVIEJA,0.5035343283423817,dry-wet,356,144,113,20,19.171497331612613,0.43756145526057033,1.0432153344131987,-0.334146501143015
TARIFA,VALENCIA,0.6570002662509301,dry-dry,907,131,90,45,13.290085129788128,3.4618320610687023,3.385982825583104,0.602955712490732
TARIFA,VALENCIA,0.6570002662509301,wet-wet,208,89,105,55,46.77317171650984,1.2241840556447299,1.1758877574809894,0.305643919327267
TARIFA,VALENCIA,0.6570002662509301,dry-wet,359,134,138,20,22.184592995794333,0.3882760112481073,0.9015265686321818,-0.4144275780138041
TARIFA,VANDELLOS,0.879028790191711,dry-dry,890,123,92,37,12.223986091810065,2.9100388829975254,3.026835904598222,0.4981774268436167
TARIFA,VANDELLOS,0.879028790191711,wet-wet,161,61,94,49,41.029356976297386,1.3758283920474363,1.194266827732817,0.547526702181998
TARIFA,VANDELLOS,0.879028790191711,dry-wet,352,134,144,33,21.02690238621742,0.6019900497512438,1.5694180433172427,-0.19704457065610534
TARIFA,VIMIANZO,1.0057925961274885,dry-dry,685,61,174,24,19.156653158044055,1.5488976823063878,1.2528284456579086,0.19463419510904242
TARIFA,VIMIANZO,1.0057925961274885,wet-wet,349,158,57,27,34.47429381305022,1.0463024650233177,0.7831922575823488,0.044090964062513095
TARIFA,VIMIANZO,1.0057925961274885,dry-wet,816,204,216,40,36.52545154597413,0.7407407407407407,1.0951267761783177,-0.1532805091818573
TARIFA,ZAMORA,0.7497254706559883,dry-dry,994,102,153,47,18.396285773457937,2.9935922081250803,2.55486355119637,0.4888605366763815
TARIFA,ZAMORA,0.7497254706559883,wet-wet,238,97,115,67,46.80776645641566,1.4294935006723442,1.431386393161614,0.5116356818674768
TARIFA,ZAMORA,0.7497254706559883,dry-wet,403,185,143,40,26.832858751272113,0.6093366093366094,1.4907095949328786,-0.25193093022561863
TAVIRA,TORREVIEJA,0.6168635454163104,dry-dry,650,76,49,11,5.886200056888583,1.9199785177228785,1.8687778012449252,0.23502401186849217
TAVIRA,TORREVIEJA,0.6168635454163104,dry-wet,236,83,97,24,13.661379755390254,0.703515091293007,1.7567771652442739,-0.06589816424440927
TAVIRA,VALENCIA,0.7126063708431614,dry-dry,313,38,33,10,3.848323978593614,2.496012759170654,2.5985338177412345,0.3990279226452922
TAVIRA,VALENCIA,0.7126063708431614,dry-wet,164,44,70,13,9.996872316993478,0.6922077922077922,1.3004067260018481,-0.22978146029413
TAVIRA,VANDELLOS,0.909408908844793,dry-dry,613,70,62,14,6.449917798744432,1.9774193548387098,2.1705702982331494,0.2700310566274221
TAVIRA,VANDELLOS,0.909408908844793,dry-wet,240,80,116,27,15.010279387111144,0.6982758620689655,1.7987673182941586,-0.09218393571366436
TAVIRA,VIMIANZO,0.8185955372841867,dry-dry,327,30,80,11,7.503949833407405,1.49875,1.4658946613726365,0.19813271746971195
TAVIRA,VIMIANZO,0.8185955372841867,wet-wet,124,58,22,10,13.697664342892597,0.9717868338557993,0.7300514707960974,-0.027714941983906748
TAVIRA,VIMIANZO,0.8185955372841867,dry-wet,376,80,100,16,15.220789637238807,0.752,1.051193819856415,-0.157319551144851
TAVIRA,ZAMORA,0.6222297580133931,dry-dry,424,42,64,22,6.436586613049457,3.4702380952380953,3.4179606867089256,0.6057359810238342
TAVIRA,ZAMORA,0.6222297580133931,dry-wet,161,46,91,18,10.835389120171193,0.6923076923076923,1.6612232196157262,-0.21774054915684776
TORREVIEJA,VALENCIA,0.20706499446507884,dry-dry,1064,87,138,56,10.86583129498115,4.962851907379643,5.153770427658489,0.7557503844772511
TORREVIEJA,VALENCIA,0.20706499446507884,wet-wet,183,109,92,78,63.715265750197965,1.4234144395692063,1.2241964163785608,0.7103045801910458
TORREVIEJA,VALENCIA,0.20706499446507884,dry-wet,251,92,121,17,14.535835920753534,0.3833093783686669,1.169523382946849,-0.44722135698135423
TORREVIEJA,VANDELLOS,0.4290136451479065,dry-dry,1235,103,146,43,11.133430945338574,3.5313871525468814,3.8622415867234126,0.5272747220334209
TORREVIEJA,VANDELLOS,0.4290136451479065,wet-wet,128,84,58,45,50.50556508084149,1.1822660098522169,0.8909909220493022,0.3616793924329558
TORREVIEJA,VANDELLOS,0.4290136451479065,dry-wet,319,115,159,24,19.615155571025486,0.41870385561936013,1.223543698804591,-0.40596843006322675
TORREVIEJA,VIMIANZO,1.0042368477524628,dry-dry,786,81,206,13,15.312526109959116,0.6123696512046026,0.848978144209983,-0.1774349569811296
TORREVIEJA,VIMIANZO,1.0042368477524628,wet-wet,115,86,25,16,18.652641278878345,0.8558139534883721,0.8577873643084473,-0.2170380018936456
TORREVIEJA,VIMIANZO,1.0042368477524628,dry-wet,1187,196,265,54,46.015178560278144,1.2340777820562188,1.1735258166881182,0.09586368291833534
TORREVIEJA,ZAMORA,0.6517466284800268,dry-dry,1154,101,201,21,14.029267303516544,1.1937342988030146,1.4968707592260493,0.079239748008605
TORREVIEJA,ZAMORA,0.6517466284800268,dry-wet,579,176,233,47,32.897749592691454,0.6636022239563012,1.4286691515957521,-0.06963059474229531
VALENCIA,VANDELLOS,0.22846843421513238,dry-dry,1045,130,115,61,12.422609189258758,4.263879598662207,4.910401596851635,0.7004364648567504
VALENCIA,VANDELLOS,0.22846843421513238,wet-wet,233,125,123,98,70.10819218354146,1.4851382113821139,1.39783949561042,0.7395047618549541
VALENCIA,VANDELLOS,0.22846843421513238,dry-wet,259,111,121,14,16.811573624154157,0.2699724517906336,0.8327596400544797,-0.574576396364734
VALENCIA,VIMIANZO,0.900789149244246,dry-dry,797,77,196,14,19.108401688865897,0.7393320964749536,0.7326620105624813,-0.1275772192127908
VALENCIA,VIMIANZO,0.900789149244246,wet-wet,214,125,56,26,26.226197627231407,0.7948571428571428,0.9913751268694574,-0.21091724196291503
VALENCIA,VIMIANZO,0.900789149244246,dry-wet,1084,259,260,73,52.48954133469678,1.175111375111375,1.390753246147063,0.109577799149548
VALENCIA,ZAMORA,0.5444539354972004,dry-dry,1119,118,185,31,17.25588180230291,1.5890517636280348,1.7964888931878782,0.1851370446949558
VALENCIA,ZAMORA,0.5444539354972004,wet-wet,159,91,85,51,37.00763120588543,1.0483516483516484,1.378094148103414,0.1260586791468062
VALENCIA,ZAMORA,0.5444539354972004,dry-wet,576,227,195,45,36.42628055286883,0.5855642155201627,1.2353718062069867,-0.23128807965935144
VANDELLOS,VIMIANZO,0.9116204829636099,dry-dry,810,73,209,27,18.668046880652952,1.4334403880186144,1.446321630356631,0.14738057255111506
VANDELLOS,VIMIANZO,0.9116204829636099,wet-wet,242,147,57,35,33.85683740343464,1.0108604845446951,1.0337646007198946,0.05204493824806324
VANDELLOS,VIMIANZO,0.9116204829636099,dry-wet,1007,229,237,48,44.33442924506418,0.8906085899065834,1.0826800032695563,-0.08820146289393985
VANDELLOS,ZAMORA,0.5815641533755557,dry-dry,1048,104,176,41,15.233333177168651,2.347465034965035,2.691466110742579,0.3750293765864297
VANDELLOS,ZAMORA,0.5815641533755557,wet-wet,167,88,88,52,44.16118067584119,1.1213842975206612,1.177504749741601,0.17738743522231418
VANDELLOS,ZAMORA,0.5815641533755557,dry-wet,473,195,190,51,31.210374148854207,0.6510931174089069,1.6340720478633644,-0.19816469508115012
VIMIANZO,ZAMORA,0.3572935465567434,dry-dry,1024,250,88,57,30.06269000154066,2.653090909090909,1.8960379126777693,0.5359172508414108
VIMIANZO,ZAMORA,0.3572935465567434,wet-wet,525,81,252,59,54.62265388328778,1.5174897119341564,1.0801379245700016,0.3859027881213571
VIMIANZO,ZAMORA,0.3572935465567434,dry-wet,817,240,257,29,36.48169690014461,0.3841277561608301,0.794919163968084,-0.4125630809202459
