station_j,station_k,dist,state_class,n_days,n_sw_j,n_sw_k,n_joint,expected_joint,ratio_emp,ratio,rho_hat
ALACANT/ALICANTE,ALMEIDINHA,0.6538393164492697,dry-dry,603,52,103,22,9.185112282537615,2.4768483943241226,2.3951803008250168,0.4015356615197499
ALACANT/ALICANTE,ALMEIDINHA,0.6538393164492697,dry-wet,323,74,121,16,16.882162468629836,0.5771722135358499,0.9477458844345885,-0.09941021020911893
ALACANT/ALICANTE,AMARANTE,0.7700675757933936,dry-dry,588,58,136,22,10.492512589245628,1.6399594320486814,2.096733247911377,0.2468076724444518
ALACANT/ALICANTE,AMARANTE,0.7700675757933936,wet-wet,115,75,36,22,18.709966519388985,0.937037037037037,1.1758438999450684,-0.04071017844850319
ALACANT/ALICANTE,AMARANTE,0.7700675757933936,dry-wet,513,93,151,16,21.86843791340418,0.5844904934842983,0.7316480520171429,-0.20760292255636764
ALACANT/ALICANTE,ARANJUEZ,0.35246898311497993,dry-dry,887,60,137,36,11.963598611897122,3.884671532846715,3.0091280364588657,0.6429403092615772
ALACANT/ALICANTE,ARANJUEZ,0.35246898311497993,wet-wet,133,78,80,58,42.63052119847946,1.2362179487179488,1.3605275837460027,0.5163208285759034
ALACANT/ALICANTE,ARANJUEZ,0.35246898311497993,dry-wet,258,113,106,20,17.250257315369304,0.4307897812656537,1.1594029952342093,-0.407834551465759
ALACANT/ALICANTE,BARCELOS,0.8294414107042047,dry-dry,531,56,118,18,9.891022849698027,1.4464285714285714,1.8198320106549486,0.18076828287270738
ALACANT/ALICANTE,BARCELOS,0.8294414107042047,wet-wet,104,72,33,22,16.283262745738526,0.9629629629629629,1.3510805754060313,-0.0023350257097847073
ALACANT/ALICANTE,BARCELOS,0.8294414107042047,dry-wet,545,94,136,17,23.310157534663155,0.7247340425531915,0.7292958005419014,-0.12415619802740788
ALACANT/ALICANTE,BEARIZ,0.8791399283682779,dry-dry,443,41,96,6,7.527242299347066,0.6753048780487805,0.7971046714572291,-0.16543140625123887
ALACANT/ALICANTE,BEARIZ,0.8791399283682779,dry-wet,496,102,100,17,20.19720857854514,0.8266666666666667,0.8417004723147022,-0.017242388379780673
ALACANT/ALICANTE,BEJA,0.6451766347937,dry-dry,1011,66,183,19,14.995295005536851,1.5904123199205167,1.2670641019722824,0.11718801397993588
ALACANT/ALICANTE,BEJA,0.6451766347937,wet-wet,150,86,70,42,33.98962374855978,1.0465116279069768,1.23567122456834,0.08280815603604808
ALACANT/ALICANTE,BEJA,0.6451766347937,dry-wet,483,173,199,51,31.015698310689384,0.7155139861155488,1.6443286070532592,-0.10753205734551347
ALACANT/ALICANTE,BRAGANCA,0.718272765242701,dry-dry,925,75,174,18,13.993442246765152,1.2758620689655173,1.2863168105875478,0.10717077880298778
ALACANT/ALICANTE,BRAGANCA,0.718272765242701,wet-wet,124,80,48,35,24.985546270588845,1.1302083333333333,1.4008098770767896,0.25496993955564
ALACANT/ALICANTE,BRAGANCA,0.718272765242701,dry-wet,613,171,187,45,33.62404195667358,0.8626512806079369,1.3383280944624374,0.013091177839303105
ALACANT/ALICANTE,CADIZ,0.564047078811086,dry-dry,1102,68,155,35,13.89745688835809,3.659392789373814,2.5184463805978434,0.5386794890451198
ALACANT/ALICANTE,CADIZ,0.564047078811086,wet-wet,170,103,78,55,39.906349575124416,1.1638038337067462,1.3782267881070283,0.29888512434991527
ALACANT/ALICANTE,CADIZ,0.564047078811086,dry-wet,379,145,141,28,22.577364085889496,0.5190511127415016,1.2401802040965255,-0.25412595812045613
ALACANT/ALICANTE,CAMPDEVANOL,0.5737275336859148,dry-dry,1073,90,101,33,11.08212767055458,3.8953795379537954,2.977767535351683,0.5525079858345434
ALACANT/ALICANTE,CAMPDEVANOL,0.5737275336859148,wet-wet,132,83,68,51,41.49113262552814,1.1927710843373494,1.2291783032363248,0.3896339095019545
ALACANT/ALICANTE,CAMPDEVANOL,0.5737275336859148,dry-wet,321,121,143,29,20.089247046256858,0.5379991908917529,1.443558334128976,-0.2556754009244412
ALACANT/ALICANTE,CAMPI,0.7439571270234114,dry-dry,445,41,92,15,8.10333198318039,1.7696182396606575,1.851090394807299,0.2357549955588812
ALACANT/ALICANTE,CAMPI,0.7439571270234114,dry-wet,374,61,103,11,15.86393998964006,0.6547827470953366,0.6933964706865725,-0.1498884208216018
ALACANT/ALICANTE,CUENCA,0.2715274868668432,dry-dry,1098,78,157,43,15.224515509400376,3.8554630083292505,2.824392012570098,0.6176060590606317
ALACANT/ALICANTE,CUENCA,0.2715274868668432,wet-wet,195,122,98,71,44.89926745923513,1.1579959852793575,1.5813175585651191,0.3355953379121001
ALACANT/ALICANTE,CUENCA,0.2715274868668432,dry-wet,418,131,146,19,24.03650551268406,0.41524626163337863,0.7904643206132316,-0.4219162071915929
ALACANT/ALICANTE,DAROCA,0.38202131459886346,dry-dry,931,69,155,46,13.969400188676659,4.004301075268817,3.2929116052732716,0.6701231275411206
ALACANT/ALICANTE,DAROCA,0.38202131459886346,wet-wet,141,87,85,63,44.31951740986108,1.2012170385395537,1.421495622738494,0.49118631420554915
ALACANT/ALICANTE,DAROCA,0.38202131459886346,dry-wet,267,82,133,13,18.518903928028088,0.3182651751329543,0.7019853902003721,-0.45819308656164154
ALACANT/ALICANTE,ENCISO,0.5374994382437821,dry-dry,212,6,41,3,2.312735103108305,2.5853658536585367,1.2971654194066646,0.11553101678873627
ALACANT/ALICANTE,ENCISO,0.5374994382437821,dry-wet,105,26,46,8,6.305238960087758,0.7023411371237458,1.2687861714108064,-0.19749757414856517
ALACANT/ALICANTE,EXTREMO,0.8505633689862772,dry-dry,499,54,114,20,9.224901225105235,1.6211825860948668,2.1680448941361803,0.25008551725109923
ALACANT/ALICANTE,EXTREMO,0.8505633689862772,wet-wet,105,72,34,22,14.663240052995052,0.9436274509803921,1.5003505310210326,-0.009273060319019559
ALACANT/ALICANTE,EXTREMO,0.8505633689862772,dry-wet,550,86,120,13,20.61713459309997,0.6928294573643411,0.6305434899935498,-0.1392305283671705
ALACANT/ALICANTE,FISTERRA,0.9869814597548859,dry-dry,314,26,96,8,7.16585243727514,1.0064102564102564,1.1164059084423528,-0.00205203221606843
ALACANT/ALICANTE,FISTERRA,0.9869814597548859,dry-wet,318,62,85,12,16.570762467359152,0.7240986717267552,0.7241670396058978,-0.00753091082988837
ALACANT/ALICANTE,GETAFE,0.3850572944039493,dry-dry,1009,65,131,36,12.69794337870136,4.2658837345860245,2.8351047824314506,0.6493760119774504
ALACANT/ALICANTE,GETAFE,0.3850572944039493,wet-wet,167,97,90,65,41.199950815974674,1.243413516609393,1.5776717863167256,0.43895912756894545
ALACANT/ALICANTE,GETAFE,0.3850572944039493,dry-wet,301,125,116,22,18.606566048102945,0.4566896551724138,1.182378303611968,-0.33232742675539834
ALACANT/ALICANTE,GUARDA,0.6571957404414749,dry-dry,444,33,79,18,6.7020330935437284,3.065592635212888,2.6857521812806247,0.5320462061091664
ALACANT/ALICANTE,GUARDA,0.6571957404414749,dry-wet,212,42,88,13,11.126345098163277,0.7456709956709957,1.1683980575207957,-0.009296979022437039
ALACANT/ALICANTE,LORCA,0.14285873363064877,dry-dry,1385,108,90,56,9.683073935628208,7.979423868312757,5.783287453166275,0.826366831069782
ALACANT/ALICANTE,LORCA,0.14285873363064877,wet-wet,179,103,105,84,65.474967256416,1.3902912621359222,1.2829330585387764,0.7235786990909471
ALACANT/ALICANTE,LORCA,0.14285873363064877,dry-wet,192,113,62,9,11.139911586537327,0.24664573222951755,0.8079058734071618,-0.5915424335010878
ALACANT/ALICANTE,MONTSERRAT,0.4839024212077362,dry-dry,1221,89,109,37,11.332377763705674,4.656942583238841,3.2649811691329504,0.6335015933270527
ALACANT/ALICANTE,MONTSERRAT,0.4839024212077362,wet-wet,156,97,81,56,50.65688767868984,1.1118747613592974,1.1054765218740013,0.2219050230575889
ALACANT/ALICANTE,MONTSERRAT,0.4839024212077362,dry-wet,316,121,147,25,19.745906457063278,0.44414459998875583,1.2660852037540817,-0.37769431263645353
ALACANT/ALICANTE,OURENSE,0.8386011704741688,dry-dry,674,47,153,12,12.179456792992196,1.1247392574050896,0.9852656160252194,0.0071148497967681735
ALACANT/ALICANTE,OURENSE,0.8386011704741688,wet-wet,122,79,38,24,21.422916996442083,0.9753497668221186,1.1202956163246078,-0.006791519409233976
ALACANT/ALICANTE,OURENSE,0.8386011704741688,dry-wet,583,135,169,32,29.074496276481725,0.8177076484768793,1.1006209598852004,-0.02862393666527094
ALACANT/ALICANTE,OVIEDO,0.8252213407188747,dry-dry,752,58,217,19,17.144547375537506,1.135229620212935,1.108224065868891,0.04593978244396829
ALACANT/ALICANTE,OVIEDO,0.8252213407188747,wet-wet,146,92,52,32,28.190841546999664,0.9765886287625418,1.1351204236542467,-0.0264897273814523
ALACANT/ALICANTE,OVIEDO,0.8252213407188747,dry-wet,702,142,245,36,38.43779685327793,0.7264156366772061,0.9365781326493993,-0.10279569144957336
ALACANT/ALICANTE,PAMPLONA,0.6138643361825086,dry-dry,799,68,157,26,14.446482459666978,1.9458598726114649,1.799746067777343,0.2973502186351951
ALACANT/ALICANTE,PAMPLONA,0.6138643361825086,wet-wet,121,91,43,30,23.51087709357688,0.9276769741886021,1.2760051392636447,-0.11934126627916285
ALACANT/ALICANTE,PAMPLONA,0.6138643361825086,dry-wet,625,117,203,30,32.053403648735916,0.7894404446128584,0.9359380466661644,-0.04594352310579538
ALACANT/ALICANTE,PONFERRADA,0.7810935427555226,dry-dry,716,56,130,12,11.522839369868954,1.1802197802197802,1.0414099871407365,0.06689384178061049
ALACANT/ALICANTE,PONFERRADA,0.7810935427555226,dry-wet,533,144,146,32,27.644798793814672,0.8112633181126332,1.157541432609731,-0.03037793187703733
ALACANT/ALICANTE,PORTO,0.813632993196391,dry-dry,814,63,178,14,14.168755937493373,1.0162297128589264,0.9880895727022292,0.03715491807573647
ALACANT/ALICANTE,PORTO,0.813632993196391,wet-wet,133,89,37,23,21.67136083702482,0.9289401761311874,1.0613085247837895,-0.08794735031608805
ALACANT/ALICANTE,PORTO,0.813632993196391,dry-wet,702,166,198,41,33.93391557105682,0.875684556407448,1.2082307423128629,-0.01910950452707989
ALACANT/ALICANTE,SORIA,0.49503674472303477,dry-dry,675,55,120,28,11.106573497576363,2.8636363636363638,2.5210295512031733,0.5282730565635828
ALACANT/ALICANTE,SORIA,0.49503674472303477,wet-wet,149,90,69,53,32.436346256108536,1.271658615136876,1.6339694853892133,0.47564110426774303
ALACANT/ALICANTE,SORIA,0.49503674472303477,dry-wet,359,92,126,16,19.99960218654577,0.49551414768806074,0.8000159128546867,-0.3111959631041644
ALACANT/ALICANTE,TARIFA,0.5493210824679542,dry-dry,992,51,152,29,14.518720045433199,3.7110423116615068,1.9974212540258895,0.568593243411781
ALACANT/ALICANTE,TARIFA,0.5493210824679542,wet-wet,176,110,75,57,36.61454452372639,1.216,1.5567584068419518,0.38651573875219986
ALACANT/ALICANTE,TARIFA,0.5493210824679542,dry-wet,376,129,152,28,20.337801460243824,0.5369237046103631,1.3767466485860913,-0.27032197061497865
ALACANT/ALICANTE,TAVIRA,0.6475272711192898,dry-dry,459,26,54,5,5.506710091550715,1.6346153846153846,0.9079831545284741,0.19532252974823966
ALACANT/ALICANTE,TAVIRA,0.6475272711192898,dry-wet,176,79,68,22,12.252894774203721,0.7207743857036486,1.795494077556029,-0.10232995065115005
ALACANT/ALICANTE,TORREVIEJA,0.05710930357064892,dry-dry,1277,122,102,76,10.517887349966673,7.7990999678559945,7.225785699277414,0.8832138049584107
ALACANT/ALICANTE,TORREVIEJA,0.05710930357064892,wet-wet,205,117,133,103,81.08156037389898,1.3569179358653043,1.2703258240841255,0.7708281973938292
ALACANT/ALICANTE,TORREVIEJA,0.05710930357064892,dry-wet,146,85,58,5,9.328796110492803,0.14807302231237324,0.5359748397090726,-0.753471923970971
ALACANT/ALICANTE,VALENCIA,0.1513896629727109,dry-dry,1131,93,103,61,11.317747942224559,7.202317569683683,5.389764846451436,0.8527820872015315
ALACANT/ALICANTE,VALENCIA,0.1513896629727109,wet-wet,220,123,110,91,64.82916256917552,1.4796747967479675,1.403689271828848,0.7542148167867374
ALACANT/ALICANTE,VALENCIA,0.1513896629727109,dry-wet,190,89,84,13,11.966893293925198,0.330390583199572,1.0863304017759765,-0.48802243174128906
ALACANT/ALICANTE,VANDELLOS,0.37190724161817185,dry-dry,901,85,75,34,9.182734136869321,4.8053333333333335,3.7026009348879674,0.6693187593494079
ALACANT/ALICANTE,VANDELLOS,0.37190724161817185,wet-wet,130,73,73,51,43.96269296014865,1.244135860386564,1.1600745215091928,0.47381689450318515
ALACANT/ALICANTE,VANDELLOS,0.37190724161817185,dry-wet,213,97,95,18,14.205036306191108,0.4160607704829083,1.2671562122058708,-0.4226287726443823
ALACANT/ALICANTE,VIMIANZO,0.982146198608166,dry-dry,703,65,195,12,15.596281987891189,0.6655621301775148,0.7694141468663295,-0.14439003700559377
ALACANT/ALICANTE,VIMIANZO,0.982146198608166,wet-wet,152,104,37,22,19.22430784070262,0.8690228690228691,1.1443845043627814,-0.13473479684874892
ALACANT/ALICANTE,VIMIANZO,0.982146198608166,dry-wet,1021,170,226,39,40.33867352873038,1.036413326392504,0.9668141410803471,0.02801330220713706
ALACANT/ALICANTE,ZAMORA,0.6265980123945956,dry-dry,950,63,141,19,12.799659872907288,2.0319711809073513,1.4844144444976084,0.28985507282216044
ALACANT/ALICANTE,ZAMORA,0.6265980123945956,wet-wet,117,68,64,40,28.005903974440493,1.0753676470588236,1.4282702688870847,0.15005697947930619
ALACANT/ALICANTE,ZAMORA,0.6265980123945956,dry-wet,450,172,158,43,29.01152849180172,0.7120253164556962,1.4821694076598289,-0.10158307333188188
ALMEIDINHA,AMARANTE,0.12273554912455735,dry-dry,823,110,172,93,28.605244358883496,4.045401691331924,3.251152090617202,0.838613998384865
ALMEIDINHA,AMARANTE,0.12273554912455735,wet-wet,469,169,124,105,44.64305981506929,2.349923649551441,2.3519893223035124,0.8471006456481622
ALMEIDINHA,AMARANTE,0.12273554912455735,dry-wet,260,107,90,11,15.667378608859677,0.29698857736240913,0.7020957541537713,-0.5409308759831807
ALMEIDINHA,ARANJUEZ,0.3211217713699551,dry-dry,404,71,45,18,9.34110647248591,2.276056338028169,1.926966580781274,0.385242617386499
ALMEIDINHA,ARANJUEZ,0.3211217713699551,wet-wet,118,18,60,12,22.759960050060926,1.3111111111111111,0.5272416987378621,0.2877265480337339
ALMEIDINHA,ARANJUEZ,0.3211217713699551,dry-wet,195,102,53,11,13.09510854056152,0.39678135405105436,0.8400083104258346,-0.4914608222996507
ALMEIDINHA,BARCELOS,0.18155012267780263,dry-dry,768,88,170,74,27.074993917118906,3.7989304812834224,2.7331492751771767,0.7542396574874758
ALMEIDINHA,BARCELOS,0.18155012267780263,wet-wet,465,164,107,87,42.11341349019117,2.305390927741053,2.0658501125838105,0.7846082201226173
ALMEIDINHA,BARCELOS,0.18155012267780263,dry-wet,316,133,96,12,18.445237419886773,0.29699248120300753,0.6505744397229701,-0.5465909525333787
ALMEIDINHA,BEJA,0.3566288718791259,dry-dry,806,84,128,34,20.866246849854747,2.548735119047619,1.6294257536897048,0.34361373198920214
ALMEIDINHA,BEJA,0.3566288718791259,wet-wet,287,57,124,39,39.55213496746417,1.583616298811545,0.986040324550916,0.3416176810148546
ALMEIDINHA,BEJA,0.3566288718791259,dry-wet,395,235,144,62,32.685486770337825,0.7236997635933806,1.8968663503664012,-0.19281898323138988
ALMEIDINHA,BRAGANCA,0.1674069033869147,dry-dry,798,40,128,18,19.804690710640195,2.80546875,0.9088755923024532,0.25908325883544975
ALMEIDINHA,BRAGANCA,0.1674069033869147,wet-wet,334,46,110,25,39.82140142076775,1.650197628458498,0.6278031186256027,0.28340028483416574
ALMEIDINHA,BRAGANCA,0.1674069033869147,dry-wet,403,300,156,104,35.53345204395549,0.8955555555555555,2.926819490303115,-0.003629360240100802
ALMEIDINHA,CADIZ,0.5638838245496208,dry-dry,608,92,82,35,14.510725255758596,2.820784729586426,2.4120090059668255,0.49360066381040285
ALMEIDINHA,CADIZ,0.5638838245496208,wet-wet,226,49,86,30,31.720099210562697,1.6089226388229712,0.9457725778490028,0.43568283907269434
ALMEIDINHA,CADIZ,0.5638838245496208,dry-wet,292,154,79,27,20.0686561561347,0.6480355087950025,1.3453815636652127,-0.2367300682316333
ALMEIDINHA,CAMPDEVANOL,0.8409585597165793,dry-dry,714,113,62,33,13.177565783712355,3.3631173280045674,2.504256138169952,0.5616221593229818
ALMEIDINHA,CAMPDEVANOL,0.8409585597165793,wet-wet,158,47,85,34,30.05201902268404,1.3446808510638297,1.131371571884602,0.40452831851123017
ALMEIDINHA,CAMPDEVANOL,0.8409585597165793,dry-wet,322,114,93,12,18.7238292759481,0.36445953593661573,0.640894542625142,-0.4225249340918717
ALMEIDINHA,CAMPI,0.09574976331735373,dry-dry,751,95,147,83,26.53437607678609,4.463515932688865,3.1280177743698117,0.882724911142593
ALMEIDINHA,CAMPI,0.09574976331735373,wet-wet,429,151,108,90,39.1857082232702,2.3675496688741724,2.29675573265648,0.8305080107999084
ALMEIDINHA,CAMPI,0.09574976331735373,dry-wet,228,105,88,21,14.945887622144884,0.5181818181818182,1.4050687741613228,-0.35321455455149314
ALMEIDINHA,CUENCA,0.442223534195703,dry-dry,724,107,98,49,17.800031906144454,3.383177570093458,2.7528040544177634,0.6091321144133671
ALMEIDINHA,CUENCA,0.442223534195703,wet-wet,274,50,108,38,37.57829515887855,1.9281481481481482,1.0112220322752405,0.5507997188268725
ALMEIDINHA,CUENCA,0.442223534195703,dry-wet,296,166,91,29,20.563761705865133,0.5682510260823513,1.4102478143251733,-0.306822698637466
ALMEIDINHA,DAROCA,0.5040920060275275,dry-dry,533,75,73,28,14.118593940132435,2.7258447488584476,1.9832003185819618,0.4888668487802489
ALMEIDINHA,DAROCA,0.5040920060275275,wet-wet,143,34,79,26,27.159407246537363,1.3842144452717795,0.9573110253838408,0.41742201486139197
ALMEIDINHA,DAROCA,0.5040920060275275,dry-wet,256,120,98,29,19.536983387208046,0.6312925170068027,1.4843642657232292,-0.25037377223494794
ALMEIDINHA,EXTREMO,0.21912319875388883,dry-dry,743,83,152,65,24.303712832924298,3.8280754597336717,2.6744884802927866,0.7678927348486632
ALMEIDINHA,EXTREMO,0.21912319875388883,wet-wet,445,151,95,65,35.69624844485368,2.0163820146392473,1.8209196437103752,0.6228353037161246
ALMEIDINHA,EXTREMO,0.21912319875388883,dry-wet,357,151,105,18,19.801692979868054,0.4052980132450331,0.909013184796886,-0.43086954724008386
ALMEIDINHA,GETAFE,0.3002415281416156,dry-dry,551,69,60,28,11.937223726395201,3.7265700483091786,2.34560402332808,0.5966266605398867
ALMEIDINHA,GETAFE,0.3002415281416156,wet-wet,200,30,79,19,29.604275913180494,1.6033755274261603,0.6417991798117504,0.38410904963510417
ALMEIDINHA,GETAFE,0.3002415281416156,dry-wet,236,141,69,21,16.690519347379496,0.5094048720320691,1.2581993144088184,-0.38376234990668245
ALMEIDINHA,GUARDA,0.012879133335799167,dry-dry,712,116,127,97,22.726836598588072,4.688026065707303,4.268081903049641,0.8936446377923769
ALMEIDINHA,GUARDA,0.012879133335799167,wet-wet,317,113,114,95,40.64433747143438,2.337758112094395,2.337348961999142,0.9265087488180459
ALMEIDINHA,LORCA,0.62187903546678,dry-dry,610,130,50,20,8.165214079725182,1.876923076923077,2.4494152639134654,0.22504279559425636
ALMEIDINHA,LORCA,0.62187903546678,dry-wet,417,143,66,12,17.952926865027337,0.5301970756516211,0.6684146874889934,-0.20915502054150859
ALMEIDINHA,MONTSERRAT,0.7943981610586509,dry-dry,683,115,61,28,11.979805301078493,2.7261582323592304,2.337266699775102,0.44956410645418077
ALMEIDINHA,MONTSERRAT,0.7943981610586509,wet-wet,136,36,77,27,27.161554137691006,1.3246753246753247,0.994052102583231,0.4055422362575312
ALMEIDINHA,MONTSERRAT,0.7943981610586509,dry-wet,333,133,79,18,17.864829075497013,0.570476824973827,1.0075663150166034,-0.2211893725549548
ALMEIDINHA,OURENSE,0.2435455048033554,dry-dry,360,18,74,9,12.16556213377203,2.4324324324324325,0.739793188431111,0.10946895961452076
ALMEIDINHA,OURENSE,0.2435455048033554,wet-wet,230,35,60,15,23.71562293112848,1.6428571428571428,0.6324944549658618,0.3180848463484543
ALMEIDINHA,OURENSE,0.2435455048033554,dry-wet,297,205,110,68,24.49036462015131,0.895609756097561,2.7766021884397682,-0.018160408095650154
ALMEIDINHA,OVIEDO,0.3908015888344242,dry-dry,488,59,105,28,20.02592390999106,2.2056497175141243,1.3981876754275802,0.4346526160010858
ALMEIDINHA,OVIEDO,0.3908015888344242,wet-wet,231,68,93,34,27.104947900014235,1.2419354838709677,1.2543835216145958,0.16981454098516896
ALMEIDINHA,OVIEDO,0.3908015888344242,dry-wet,382,149,139,43,29.88524467397387,0.7931051132248563,1.4388371408398528,-0.13520531610779252
ALMEIDINHA,PAMPLONA,0.5666045144360723,dry-dry,347,43,66,21,12.311474436259845,2.5676532769556024,1.7057258339545949,0.44033478777737667
ALMEIDINHA,PAMPLONA,0.5666045144360723,wet-wet,188,56,52,26,22.040210982098884,1.6785714285714286,1.1796620286946105,0.4547697542952803
ALMEIDINHA,PAMPLONA,0.5666045144360723,dry-wet,220,86,83,18,16.33313791682496,0.5547772485289997,1.102054001604798,-0.30526648004306783
ALMEIDINHA,PONFERRADA,0.27155843653758494,dry-dry,391,30,62,14,11.1647718731844,2.943010752688172,1.2539441162810738,0.4057468465607795
ALMEIDINHA,PONFERRADA,0.27155843653758494,wet-wet,200,38,63,19,20.387261105891504,1.5873015873015872,0.9319545132283309,0.2631673627991729
ALMEIDINHA,PONFERRADA,0.27155843653758494,dry-wet,234,166,85,50,17.912871314720423,0.8291991495393338,2.791288963199945,-0.03458284626036417
ALMEIDINHA,PORTO,0.16025033210091358,dry-dry,713,23,137,7,21.178403157323135,1.583941605839416,0.33052539173991113,-0.008979399869388442
ALMEIDINHA,PORTO,0.16025033210091358,wet-wet,359,70,100,29,34.1311674621917,1.4872857142857143,0.8496632889022717,0.21114206968175822
ALMEIDINHA,PORTO,0.16025033210091358,dry-wet,474,294,150,88,34.11418305196082,0.9458503401360544,2.57957225198573,-0.0072149550604850244
ALMEIDINHA,SORIA,0.43600919255387915,dry-dry,344,48,61,26,10.676174840590562,3.0546448087431695,2.435329168753271,0.5714011351095014
ALMEIDINHA,SORIA,0.43600919255387915,wet-wet,215,30,73,19,28.11971293635636,1.865296803652968,0.6756825733962113,0.4476908531866635
ALMEIDINHA,SORIA,0.43600919255387915,dry-wet,209,129,85,35,16.917124741440105,0.6671226630186958,2.068909494665141,-0.18369464193880505
ALMEIDINHA,TARIFA,0.6390090811114342,dry-dry,573,88,75,34,15.0418348449805,2.9518181818181817,2.2603625389056767,0.561602860839544
ALMEIDINHA,TARIFA,0.6390090811114342,wet-wet,195,49,65,25,24.502160243811,1.530612244897959,1.0203181985276073,0.38783464862876493
ALMEIDINHA,TARIFA,0.6390090811114342,dry-wet,285,121,78,16,18.52337715301508,0.4831532104259377,0.8637733750076807,-0.35001811351850665
ALMEIDINHA,TAVIRA,0.4767871520870836,dry-dry,629,85,70,19,13.223419107095284,2.0085714285714285,1.436844725718871,0.255800756523886
ALMEIDINHA,TAVIRA,0.4767871520870836,wet-wet,144,24,79,18,22.48919015819019,1.3670886075949367,0.8003845346758606,0.12452074773820945
ALMEIDINHA,TAVIRA,0.4767871520870836,dry-wet,342,177,102,46,23.905459789908978,0.8713858424725822,1.9242466116220704,-0.06561077683130057
ALMEIDINHA,TORREVIEJA,0.664537414633144,dry-dry,890,164,76,26,12.434153367775501,1.8565468549422337,2.091014903144263,0.2591130537696834
ALMEIDINHA,TORREVIEJA,0.664537414633144,dry-wet,510,178,100,19,23.512583319771004,0.5443820224719101,0.8080779445456973,-0.19115735377727608
ALMEIDINHA,VALENCIA,0.6096675360795282,dry-dry,428,87,47,23,8.047352059762112,2.4074345805820494,2.858082985458437,0.45677997339550863
ALMEIDINHA,VALENCIA,0.6096675360795282,dry-wet,309,102,68,16,16.98018539719049,0.71280276816609,0.9422747529392307,-0.08727281596047165
ALMEIDINHA,VANDELLOS,0.7000052061225858,dry-dry,631,102,54,22,11.033404706307097,2.5203340595497457,1.9939448053984639,0.380983494995693
ALMEIDINHA,VANDELLOS,0.7000052061225858,dry-wet,323,119,74,18,17.53344496911327,0.6602316602316602,1.026609433098208,-0.19729014925343624
ALMEIDINHA,VIMIANZO,0.3743031747072173,dry-dry,498,32,121,17,18.86289294017852,2.18646694214876,0.9012403375194639,0.352413945283129
ALMEIDINHA,VIMIANZO,0.3743031747072173,wet-wet,360,102,62,23,25.63291451809442,1.3092979127134725,0.8972838412020673,0.17870958646791735
ALMEIDINHA,VIMIANZO,0.3743031747072173,dry-wet,514,213,130,52,29.20248936435769,0.9652582159624413,1.7806701117565409,-0.02923904889796082
ALMEIDINHA,ZAMORA,0.1742940890469591,dry-dry,459,45,65,18,11.523791464176883,2.8246153846153845,1.5619859189534282,0.39673587790760945
ALMEIDINHA,ZAMORA,0.1742940890469591,wet-wet,180,19,89,14,26.254675423618206,1.4902424600827913,0.5332383575157766,0.03527708587618139
ALMEIDINHA,ZAMORA,0.1742940890469591,dry-wet,269,179,94,43,21.505792838599703,0.6874479971472721,1.9994612764436839,-0.21884679359246823
AMARANTE,ARANJUEZ,0.42751185371600214,dry-dry,469,107,60,35,12.553501437583872,2.5568535825545173,2.788066753648003,0.5546147682646319
AMARANTE,ARANJUEZ,0.42751185371600214,wet-wet,190,29,100,19,29.059490683115115,1.2448275862068965,0.6538311427130368,0.2699800768676003
AMARANTE,ARANJUEZ,0.42751185371600214,dry-wet,341,132,91,20,18.32052628890677,0.5677655677655677,1.0916716957039692,-0.3454458182110767
AMARANTE,BARCELOS,0.05963808078565448,dry-dry,947,165,207,153,39.25967819165544,4.242160737812911,3.897128225379082,0.9514024519423832
AMARANTE,BARCELOS,0.05963808078565448,wet-wet,742,200,184,153,53.94386799923268,3.084945652173913,2.836281595568496,0.915549715953043
AMARANTE,BARCELOS,0.05963808078565448,dry-wet,166,94,64,6,11.25853415544451,0.16555851063829788,0.5329290578292968,-0.6286415202863184
AMARANTE,BEARIZ,0.16424810352365138,wet-wet,102,14,24,7,5.801404641060862,2.125,1.2066043368972723,0.32563661695611384
AMARANTE,BEJA,0.44242764326121664,dry-dry,880,126,121,38,24.15727060014237,2.1933621933621934,1.5730253897050792,0.39511763283354384
AMARANTE,BEJA,0.44242764326121664,wet-wet,397,56,167,31,42.630906771860566,1.3159751924721985,0.7271719592054797,0.17218988221311188
AMARANTE,BEJA,0.44242764326121664,dry-wet,586,287,197,73,39.44426028858215,0.7566104812607227,1.8507128658496141,-0.20344257841845337
AMARANTE,BRAGANCA,0.13673884086947732,dry-dry,910,84,138,39,24.246745105327626,3.0615942028985508,1.608463314584468,0.44039183545035615
AMARANTE,BRAGANCA,0.13673884086947732,wet-wet,514,30,176,15,48.21512679737294,1.4602272727272727,0.31110568397006255,0.13004777268460843
AMARANTE,BRAGANCA,0.13673884086947732,dry-wet,497,370,164,106,38.75963826952834,0.8681938035596573,2.7348036445255994,-0.09893900096258929
AMARANTE,CADIZ,0.6689776080668476,dry-dry,643,123,82,41,16.92006102738341,2.613821138211382,2.4231591088026003,0.5061808109056009
AMARANTE,CADIZ,0.6689776080668476,wet-wet,293,52,120,29,32.495518976119456,1.3616987179487179,0.8924307385677309,0.266517632546009
AMARANTE,CADIZ,0.6689776080668476,dry-wet,455,185,110,27,25.392986214779256,0.6036855036855037,1.0632857345578925,-0.30622654783625586
AMARANTE,CAMPDEVANOL,0.9027889425937078,dry-dry,717,144,62,36,15.447728275204806,2.8911290322580645,2.330439748722387,0.5471179704865958
AMARANTE,CAMPDEVANOL,0.9027889425937078,wet-wet,187,56,104,41,27.64551053075638,1.3164491758241759,1.4830617779471422,0.3741557789350711
AMARANTE,CAMPDEVANOL,0.9027889425937078,dry-wet,478,137,101,12,22.19887768327468,0.41454072414540727,0.5405678688450619,-0.3721859939406037
AMARANTE,CAMPI,0.08144949484159086,dry-dry,738,145,141,117,30.5631517430601,4.223330887747616,3.8281392241088783,0.933577962144702
AMARANTE,CAMPI,0.08144949484159086,wet-wet,557,142,139,114,40.25015952477339,3.217043266795015,2.832286911306144,0.9246178728871559
AMARANTE,CAMPI,0.08144949484159086,dry-wet,123,61,67,12,8.824923417532425,0.3611450942011255,1.3597851711845645,-0.4295536633177502
AMARANTE,CUENCA,0.5435608566686928,dry-dry,787,154,93,55,20.963112104192227,3.022273425499232,2.623656245629724,0.5882920681962314
AMARANTE,CUENCA,0.5435608566686928,wet-wet,378,58,156,39,40.80633453919133,1.6293103448275863,0.9557339672972468,0.3760264997255075
AMARANTE,CUENCA,0.5435608566686928,dry-wet,479,203,120,27,26.615430604224787,0.530911330049261,1.0144491141809355,-0.3416381212835098
AMARANTE,DAROCA,0.5816240670524255,dry-dry,598,127,75,48,17.977560375385693,3.013543307086614,2.6699952050067974,0.6495331464729962
AMARANTE,DAROCA,0.5816240670524255,wet-wet,213,50,118,40,32.10416466369072,1.4440677966101696,1.2459442698174092,0.4947155029131893
AMARANTE,DAROCA,0.5816240670524255,dry-wet,370,132,110,21,21.958980946109378,0.5351239669421488,0.9563285314349121,-0.3590651570633858
AMARANTE,EXTREMO,0.10028796594422176,dry-dry,870,138,180,122,33.97749755061456,4.2729468599033815,3.590611692878876,0.9049860379377188
AMARANTE,EXTREMO,0.10028796594422176,wet-wet,692,182,148,117,43.99873140271053,3.005791505791506,2.6591675775632075,0.8525587369743176
AMARANTE,EXTREMO,0.10028796594422176,dry-wet,226,119,77,13,13.958202500715176,0.32063734584742987,0.9313520132218973,-0.47379850718614763
AMARANTE,FISTERRA,0.2493581455877165,dry-dry,134,6,30,4,5.610142781064113,2.977777777777778,0.7129943311783757,0.30856021572939935
AMARANTE,FISTERRA,0.2493581455877165,dry-wet,100,52,42,13,7.47615500586105,0.5952380952380952,1.7388617531081745,-0.2599922114497639
AMARANTE,GETAFE,0.40186222901811963,dry-dry,654,110,71,41,15.576674688397604,3.433290653008963,2.632140737364127,0.6543772900932622
AMARANTE,GETAFE,0.40186222901811963,wet-wet,277,39,123,25,32.203198180883874,1.4436105899520533,0.776320409531257,0.2763345360562557
AMARANTE,GETAFE,0.40186222901811963,dry-wet,388,175,91,25,21.340693275364252,0.609105180533752,1.1714708457414578,-0.31114817270937145
AMARANTE,GUARDA,0.1247050741330204,dry-dry,612,124,85,72,20.91580545563952,4.180645161290323,3.44237281001228,0.8885690355433746
AMARANTE,GUARDA,0.1247050741330204,wet-wet,327,96,121,79,32.85169834028187,2.2239152892561984,2.4047462990104327,0.8273941921641023
AMARANTE,GUARDA,0.1247050741330204,dry-wet,180,59,84,8,10.963242101882168,0.29055690072639223,0.7297111498273454,-0.5437797348850205
AMARANTE,LORCA,0.743650385162144,dry-dry,689,166,57,20,10.233449813431323,1.4563517226801945,1.9543751486180307,0.1498485629537698
AMARANTE,LORCA,0.743650385162144,dry-wet,660,175,89,17,24.27307675926702,0.7203852327447833,0.7003644477624662,-0.09322836530001367
AMARANTE,MONTSERRAT,0.8659272353040036,dry-dry,720,150,61,31,14.139514602623382,2.439344262295082,2.192437355257471,0.45125663258057785
AMARANTE,MONTSERRAT,0.8659272353040036,wet-wet,176,45,94,30,27.734321940258695,1.24822695035461,1.0816922102736712,0.297792828774466
AMARANTE,MONTSERRAT,0.8659272353040036,dry-wet,504,150,105,16,21.644739091358744,0.512,0.7392096496274099,-0.3074997183093096
AMARANTE,OURENSE,0.1449565790625715,dry-dry,444,29,83,19,15.160616319951384,3.5047777316161195,1.253247203083425,0.3679398841331592
AMARANTE,OURENSE,0.1449565790625715,wet-wet,383,27,119,17,31.573642306533344,2.0264550264550265,0.5384237850975556,0.23348867940899848
AMARANTE,OURENSE,0.1449565790625715,dry-wet,344,268,125,78,27.977947234293715,0.800955223880597,2.7879100402474206,-0.12079673535009905
AMARANTE,OVIEDO,0.34246519327302993,dry-dry,558,81,121,40,25.586423817740584,2.277318640955005,1.5633290640744264,0.4705725783704991
AMARANTE,OVIEDO,0.34246519327302993,wet-wet,368,83,141,41,33.89231937802258,1.2892420746817055,1.2097136092310752,0.18662777087037535
AMARANTE,OVIEDO,0.34246519327302993,dry-wet,479,195,176,53,35.966466524101236,0.7397144522144522,1.4735948543759378,-0.15390805296652876
AMARANTE,PAMPLONA,0.5996423145961836,dry-dry,452,73,85,36,18.008766174031216,2.6224012892828363,1.9990264547891285,0.5291648938285545
AMARANTE,PAMPLONA,0.5996423145961836,wet-wet,308,70,108,42,28.489214828065833,1.711111111111111,1.474242103668795,0.453929974585011
AMARANTE,PAMPLONA,0.5996423145961836,dry-wet,312,120,121,23,21.7962682164531,0.49421487603305786,1.055226508115653,-0.3402452586407896
AMARANTE,PONFERRADA,0.21803657893266967,dry-dry,497,43,73,22,15.032153195589157,3.4832749283211215,1.4635295232658618,0.5130534707244627
AMARANTE,PONFERRADA,0.21803657893266967,wet-wet,315,28,104,17,25.387688700069226,1.8389423076923077,0.6696158992982155,0.17972296364352935
AMARANTE,PONFERRADA,0.21803657893266967,dry-wet,288,213,95,53,20.744797816719394,0.7543365455893254,2.5548573897058824,-0.1282044635613507
AMARANTE,PORTO,0.053395469373533455,dry-dry,841,24,163,9,27.018163225374877,1.9348159509202454,0.33310924672878556,-0.036370157788357185
AMARANTE,PORTO,0.053395469373533455,wet-wet,578,37,166,15,43.197374800094934,1.411592315206773,0.34724332368380484,0.03003909463571712
AMARANTE,PORTO,0.053395469373533455,dry-wet,514,428,163,120,38.67032917961901,0.8841236167650938,3.1031543445781,-0.07259140667777222
AMARANTE,SORIA,0.49241913502285073,dry-dry,418,66,64,33,13.852214294114965,3.265625,2.382290607070659,0.6805116842454518
AMARANTE,SORIA,0.49241913502285073,wet-wet,303,43,120,27,31.113254444831735,1.5854651162790698,0.8677973578069397,0.3225874463861532
AMARANTE,SORIA,0.49241913502285073,dry-wet,278,139,102,27,19.182945651286918,0.5294117647058824,1.4075002083003172,-0.3194906775939471
AMARANTE,TARIFA,0.7479390967867101,dry-dry,588,115,82,42,17.251776097739302,2.6188759278897136,2.434531943960468,0.5609550091810397
AMARANTE,TARIFA,0.7479390967867101,wet-wet,261,55,97,29,25.72208989389039,1.4187441424554827,1.1274356057237864,0.2859077694794915
AMARANTE,TARIFA,0.7479390967867101,dry-wet,445,146,101,17,24.40562331606973,0.5130204801302048,0.6965607794498105,-0.3533775243691708
AMARANTE,TAVIRA,0.5670993036397277,dry-dry,543,87,56,18,12.466081200540536,2.0061576354679804,1.4439180774163023,0.29726678992352273
AMARANTE,TAVIRA,0.5670993036397277,wet-wet,157,24,85,12,19.157929174101866,0.9235294117647059,0.6263725004381935,-0.16550062622744946
AMARANTE,TAVIRA,0.5670993036397277,dry-wet,412,164,107,40,23.068534936096523,0.9391383633462503,1.7339636050059661,-0.09996739981234376
AMARANTE,TORREVIEJA,0.7834859559219466,dry-dry,938,205,84,27,14.872134176833963,1.4707317073170731,1.815475820683314,0.1831954054435798
AMARANTE,TORREVIEJA,0.7834859559219466,wet-wet,101,29,73,19,19.877604021336715,0.906471421823335,0.955849607407679,-0.13034378169682143
AMARANTE,TORREVIEJA,0.7834859559219466,dry-wet,808,219,135,27,31.47609809905036,0.7378995433789954,0.857793742891359,-0.09228352232776656
AMARANTE,VALENCIA,0.7151618291735352,dry-dry,481,118,55,25,9.606379441628349,1.8528505392912173,2.602437281590693,0.353778184298556
AMARANTE,VALENCIA,0.7151618291735352,wet-wet,126,41,69,19,18.145183922522605,0.8462354188759279,1.0471098050660352,-0.14335037412415993
AMARANTE,VALENCIA,0.7151618291735352,dry-wet,510,131,93,17,22.610914200836703,0.7116473774932283,0.7518492993693694,-0.13694263424600117
AMARANTE,VANDELLOS,0.7814961072152424,dry-dry,613,130,54,25,12.559089141506497,2.183048433048433,1.9905902186311881,0.36178655801237586
AMARANTE,VANDELLOS,0.7814961072152424,wet-wet,121,30,73,22,19.609303964566752,1.2155251141552512,1.1219164147668446,0.2908919242509868
AMARANTE,VANDELLOS,0.7814961072152424,dry-wet,482,143,93,21,21.71415310186527,0.7611098578840514,0.9671111694517838,-0.14044412767791298
AMARANTE,VIMIANZO,0.2580404822439067,dry-dry,569,37,150,19,24.886005744780647,1.947927927927928,0.7634812992834288,0.21771331259164933
AMARANTE,VIMIANZO,0.2580404822439067,wet-wet,587,108,98,23,32.68875703352158,1.275604686318972,0.7036058292584824,0.1543382287843512
AMARANTE,VIMIANZO,0.2580404822439067,dry-wet,562,289,152,64,33.48978447291044,0.818794390821344,1.9110305129544494,-0.13692461749877052
AMARANTE,ZAMORA,0.20648632666523262,dry-dry,569,79,70,38,15.017953825845442,3.9099457504520796,2.5303047566042687,0.6848377271931123
AMARANTE,ZAMORA,0.20648632666523262,wet-wet,276,28,136,18,31.97084503400154,1.3046218487394958,0.5630129569880524,-0.008242571986979278
AMARANTE,ZAMORA,0.20648632666523262,dry-wet,357,206,108,48,24.009057280759063,0.7702265372168284,1.9992455113373968,-0.20008580740372048
ARANJUEZ,BARCELOS,0.48561569122587256,dry-dry,407,44,98,20,11.25126019855984,1.8877551020408163,1.777578657594284,0.32821936874106955
ARANJUEZ,BARCELOS,0.48561569122587256,wet-wet,166,85,28,18,24.110895748885355,1.2554621848739496,0.7465504470455909,0.2831051011467984
ARANJUEZ,BARCELOS,0.48561569122587256,dry-wet,348,87,111,12,17.435325510296956,0.43243243243243246,0.6882578700875438,-0.4374103863190715
ARANJUEZ,BEARIZ,0.5268778566066761,dry-dry,435,35,97,16,11.610741877477121,2.0500736377025035,1.3780342521469104,0.3297807467698287
ARANJUEZ,BEARIZ,0.5268778566066761,wet-wet,206,123,38,27,24.803949572965344,1.1899871630295251,1.0885363204184306,0.21917629126096616
ARANJUEZ,BEARIZ,0.5268778566066761,dry-wet,422,144,100,19,20.018425084306827,0.5568055555555556,0.949125614027189,-0.31635697716663896
ARANJUEZ,BEJA,0.46859709323553483,dry-dry,833,84,163,58,19.974985354354374,3.5286298568507157,2.903631665860346,0.6421192750384581
ARANJUEZ,BEJA,0.46859709323553483,wet-wet,232,112,95,64,51.92632365915634,1.3954887218045113,1.2325155237273315,0.46938212929007
ARANJUEZ,BEJA,0.46859709323553483,dry-wet,313,151,143,43,26.720745196264716,0.6233038484694113,1.609236556995834,-0.2659153512530427
ARANJUEZ,BRAGANCA,0.36581444188565804,dry-dry,770,64,158,38,18.958532311290977,2.8935917721518987,2.004374567400909,0.4994793559104493
ARANJUEZ,BRAGANCA,0.36581444188565804,wet-wet,242,119,86,63,47.259496935279486,1.4897400820793434,1.333065396067941,0.5405265600401726
ARANJUEZ,BRAGANCA,0.36581444188565804,dry-wet,371,163,130,34,26.319104812489464,0.5952807928268051,1.2918372506296507,-0.34048235753030615
ARANJUEZ,CADIZ,0.5406486192633485,dry-dry,1045,139,151,88,21.679043086538314,4.381342608032779,4.059219756551152,0.7954978265242868
ARANJUEZ,CADIZ,0.5406486192633485,wet-wet,275,138,127,89,63.822851794387766,1.3964966335729774,1.394484851393403,0.5099731968565134
ARANJUEZ,CADIZ,0.5406486192633485,dry-wet,298,142,129,31,23.922990249846407,0.5043126978927831,1.295824630459774,-0.3947910752657837
ARANJUEZ,CAMPDEVANOL,0.5786683445077687,dry-dry,886,143,69,31,14.5533204521902,2.783622174926523,2.130098083240836,0.43282354704311343
ARANJUEZ,CAMPDEVANOL,0.5786683445077687,wet-wet,142,89,61,46,43.159822705677875,1.2031681709338737,1.0658060463707253,0.2949483966410423
ARANJUEZ,CAMPDEVANOL,0.5786683445077687,dry-wet,323,124,159,30,24.353909714780563,0.4914790018259282,1.2318350667857154,-0.3802781345768306
ARANJUEZ,CAMPI,0.41639195640515503,dry-dry,299,27,66,13,7.792491815898535,2.181257014590348,1.6682725252886261,0.3881029237328764
ARANJUEZ,CAMPI,0.41639195640515503,wet-wet,115,58,16,10,16.59225902320504,1.2392241379310345,0.6026906876281607,0.27144371325727135
ARANJUEZ,CAMPI,0.41639195640515503,dry-wet,224,54,76,7,10.994053171182603,0.3820662768031189,0.636707853873971,-0.46585876189805997
ARANJUEZ,CUENCA,0.12341818181818187,dry-dry,1004,140,163,113,23.551945963000684,4.971603856266433,4.7979050299078985,0.9041019443224776
ARANJUEZ,CUENCA,0.12341818181818187,wet-wet,360,196,128,117,80.3525903634995,1.678890306122449,1.4560824918115862,0.8240828329956739
ARANJUEZ,CUENCA,0.12341818181818187,dry-wet,202,81,117,19,16.004974268300604,0.40498047905455314,1.1871309307651519,-0.4579843038294548
ARANJUEZ,DAROCA,0.23474509833546878,dry-dry,887,125,127,74,20.887972879981923,4.134677165354331,3.54270854453848,0.7641247969473637
ARANJUEZ,DAROCA,0.23474509833546878,wet-wet,213,136,121,100,64.97374023984543,1.2943607194944093,1.539083322444697,0.6595311612972328
ARANJUEZ,DAROCA,0.23474509833546878,dry-wet,224,64,141,17,20.68731734097502,0.4219858156028369,0.8217595215368204,-0.5340232891522411
ARANJUEZ,ENCISO,0.3046833894732552,dry-dry,289,44,55,28,5.254894286854045,3.343801652892562,5.328365990167768,0.6691823926552921
ARANJUEZ,ENCISO,0.3046833894732552,dry-wet,103,31,50,7,8.996182786773955,0.46516129032258063,0.7781078003763205,-0.45151935302387614
ARANJUEZ,EXTREMO,0.5012120908788555,dry-dry,365,38,92,17,9.763522412020725,1.7748855835240274,1.7411748836741354,0.27147299540989317
ARANJUEZ,EXTREMO,0.5012120908788555,wet-wet,158,79,21,15,20.232108369105177,1.4285714285714286,0.7413957915975427,0.3955580469512957
ARANJUEZ,EXTREMO,0.5012120908788555,dry-wet,338,84,100,12,15.35756183626441,0.4828571428571429,0.7813740311085013,-0.3234940921929819
ARANJUEZ,FISTERRA,0.6348427280970375,dry-dry,327,19,87,8,10.889930605592555,1.5825771324863884,0.7346235976831272,0.11717429336448147
ARANJUEZ,FISTERRA,0.6348427280970375,wet-wet,104,60,30,18,16.143354356661433,1.04,1.1150099045290693,0.04754778183198884
ARANJUEZ,FISTERRA,0.6348427280970375,dry-wet,297,107,90,25,20.05445464977067,0.7710280373831776,1.2466058258176511,-0.18399081076157656
ARANJUEZ,GETAFE,0.035176866488291186,dry-dry,1027,145,157,127,22.23641732218912,5.729365253678893,5.7113517056216665,0.9498197950373052
ARANJUEZ,GETAFE,0.035176866488291186,wet-wet,332,180,170,152,80.2543170147236,1.6491503267973857,1.8939791110815112,0.8692361821249694
ARANJUEZ,GETAFE,0.035176866488291186,dry-wet,115,64,49,9,9.761659901734149,0.33003826530612246,0.9219743456132046,-0.5442872343164172
ARANJUEZ,GUARDA,0.3275879213763869,dry-dry,307,33,57,18,7.213333023953719,2.937799043062201,2.495379034937995,0.5544556492486497
ARANJUEZ,GUARDA,0.3275879213763869,dry-wet,146,39,80,14,9.811065923875908,0.6551282051282051,1.4269601395634322,-0.2886391909249784
ARANJUEZ,LORCA,0.3665688811311133,dry-dry,1183,181,64,30,12.744846790297254,3.063708563535912,2.3538925570167875,0.452421065282861
ARANJUEZ,LORCA,0.3665688811311133,wet-wet,111,64,76,49,39.57807387265586,1.1182154605263157,1.238059238498053,0.32869612001923076
ARANJUEZ,LORCA,0.3665688811311133,dry-wet,366,183,107,26,21.25991023055939,0.48598130841121495,1.2229590679375077,-0.29067775526274797
ARANJUEZ,MONTSERRAT,0.513972878605175,dry-dry,1056,160,80,44,15.640715049232956,3.63,2.8131706166565467,0.5899771209905957
ARANJUEZ,MONTSERRAT,0.513972878605175,wet-wet,171,108,84,65,53.70636984505764,1.2251984126984128,1.2102847425272716,0.4023195107066616
ARANJUEZ,MONTSERRAT,0.513972878605175,dry-wet,333,134,154,30,24.473962570486034,0.48410544679201395,1.225792509635444,-0.39497921617135157
ARANJUEZ,OURENSE,0.48621794943719665,dry-dry,563,58,134,35,17.307959597314262,2.5353834276891405,2.0221909927170776,0.5051934798916354
ARANJUEZ,OURENSE,0.48621794943719665,wet-wet,263,140,66,50,44.0687419597879,1.423160173160173,1.1345910451817365,0.46816375582117603
ARANJUEZ,OURENSE,0.48621794943719665,dry-wet,379,153,119,24,24.05486240439838,0.49958807052232657,0.9977192800575592,-0.4021299295164409
ARANJUEZ,OVIEDO,0.4917013415610158,dry-dry,638,83,192,51,23.202107729841035,2.0417921686746987,2.1980761659169064,0.4344794391078096
ARANJUEZ,OVIEDO,0.4917013415610158,wet-wet,247,147,77,53,46.32624278781418,1.1565509320611362,1.1440599714238278,0.21227955201961343
ARANJUEZ,OVIEDO,0.4917013415610158,dry-wet,589,144,217,38,40.16738542621226,0.7162698412698413,0.9460411624203481,-0.2979796399704912
ARANJUEZ,PAMPLONA,0.4101315529476614,dry-dry,660,114,162,77,20.40818714608599,2.751786874593892,3.7729955849982266,0.6642311306822867
ARANJUEZ,PAMPLONA,0.4101315529476614,wet-wet,252,150,81,53,47.53636288705175,1.0992592592592592,1.1149359517876887,0.13842303906252532
ARANJUEZ,PAMPLONA,0.4101315529476614,dry-wet,463,109,183,26,32.717582118428254,0.6034992730736451,0.7946797506578409,-0.37181127658242574
ARANJUEZ,PONFERRADA,0.43220058763847147,dry-dry,652,65,141,38,17.02725358678084,2.703327877795963,2.2317163367732666,0.4953754001300342
ARANJUEZ,PONFERRADA,0.43220058763847147,wet-wet,240,128,73,47,38.9563283805874,1.207191780821918,1.20647920257857,0.2409258430422865
ARANJUEZ,PONFERRADA,0.43220058763847147,dry-wet,385,161,118,25,24.102061684819912,0.506632277081798,1.0372556641387085,-0.3973044486012411
ARANJUEZ,PORTO,0.47525552790949094,dry-dry,672,48,150,23,18.593076746164453,2.1466666666666665,1.2370195806750837,0.32563656376452366
ARANJUEZ,PORTO,0.47525552790949094,wet-wet,248,125,71,49,38.49529856009458,1.3692394366197183,1.2728827112096985,0.385797672479326
ARANJUEZ,PORTO,0.47525552790949094,dry-wet,452,169,140,31,26.832289141809746,0.5922231614539307,1.1553244613668157,-0.3232174110148054
ARANJUEZ,SORIA,0.25053305760033817,dry-dry,572,99,128,73,16.796213564563025,3.295138888888889,4.346217659081021,0.795047455301028
ARANJUEZ,SORIA,0.25053305760033817,wet-wet,285,149,104,89,60.1248853976543,1.6368740320082602,1.4802523017112017,0.7383899851201278
ARANJUEZ,SORIA,0.25053305760033817,dry-wet,206,76,94,10,15.631394425695213,0.2883538633818589,0.6397381914668976,-0.5796695853225603
ARANJUEZ,TARIFA,0.5805894673204941,dry-dry,894,116,144,67,21.414222886191357,3.5858477011494254,3.1287616812470906,0.6943835363639267
ARANJUEZ,TARIFA,0.5805894673204941,wet-wet,230,129,98,80,47.11315182212762,1.4554659072931497,1.698039653598943,0.6366815406784635
ARANJUEZ,TARIFA,0.5805894673204941,dry-wet,302,122,137,28,22.185270710810332,0.5059231781739859,1.2620986403540388,-0.38868247995689464
ARANJUEZ,TAVIRA,0.5384151287043925,dry-dry,419,43,48,18,7.346308025689182,3.6540697674418605,2.4502103556039443,0.5828973124587923
ARANJUEZ,TAVIRA,0.5384151287043925,dry-wet,122,61,53,15,10.165585426424387,0.5660377358490566,1.4755667648032402,-0.30741402922808175
ARANJUEZ,TORREVIEJA,0.37725811554629846,dry-dry,915,141,62,35,10.981132575777657,3.663349347975292,3.1872850781533693,0.6010496396320395
ARANJUEZ,TORREVIEJA,0.37725811554629846,wet-wet,104,59,74,51,39.76777947790342,1.2148419606046725,1.2824452526532857,0.6023995748704817
ARANJUEZ,TORREVIEJA,0.37725811554629846,dry-wet,272,127,86,16,16.634438255886234,0.3984618201794543,0.9618599530608295,-0.42475574256913784
ARANJUEZ,VALENCIA,0.28875293677680697,dry-dry,930,146,66,36,14.133253539725075,3.4744707347447075,2.547184192147471,0.5764659142496089
ARANJUEZ,VALENCIA,0.28875293677680697,wet-wet,165,99,88,67,47.0584051952809,1.268939393939394,1.4237626566809127,0.5340712070222378
ARANJUEZ,VALENCIA,0.28875293677680697,dry-wet,269,116,101,13,17.70607112963291,0.2984807101399795,0.7342114410826679,-0.5201534232884946
ARANJUEZ,VANDELLOS,0.40417206133610895,dry-dry,786,128,65,42,12.2692110944113,3.9677884615384613,3.4232029815781106,0.6587065600803659
ARANJUEZ,VANDELLOS,0.40417206133610895,wet-wet,145,78,72,53,47.39551043345632,1.3684116809116809,1.118249376687533,0.571672286431355
ARANJUEZ,VANDELLOS,0.40417206133610895,dry-wet,241,109,91,19,18.082628617847426,0.4616392781530396,1.0507321917371646,-0.3925774766960178
ARANJUEZ,VIMIANZO,0.629689508325335,dry-dry,663,51,179,23,22.41263229759214,1.670391061452514,1.0262069932085114,0.2601545389064847
ARANJUEZ,VIMIANZO,0.629689508325335,wet-wet,305,180,56,41,35.9536717785375,1.2405753968253967,1.1403564078947537,0.27965565694691147
ARANJUEZ,VIMIANZO,0.629689508325335,dry-wet,764,203,173,23,33.76387512468155,0.5003559326860104,0.6812014294883734,-0.37599165259202294
ARANJUEZ,ZAMORA,0.27471860425379063,dry-dry,974,124,164,90,22.65798255320722,4.310582218725413,3.9721100406293925,0.8198918458876742
ARANJUEZ,ZAMORA,0.27471860425379063,wet-wet,280,148,136,105,65.29291239560436,1.4606518282988872,1.6081377924117348,0.6426169917250035
ARANJUEZ,ZAMORA,0.27471860425379063,dry-wet,273,135,110,27,22.68895683262047,0.49636363636363634,1.190006230748407,-0.44391138861752344
BARCELOS,BEJA,0.4819972487758231,dry-dry,821,145,112,43,24.085622567631077,2.173830049261084,1.7852974270961197,0.4586333355733518
BARCELOS,BEJA,0.4819972487758231,wet-wet,393,54,169,33,40.89344370593835,1.421104536489152,0.8069753243894179,0.24590176687301732
BARCELOS,BEJA,0.4819972487758231,dry-wet,588,243,182,47,36.215972835568344,0.6248812915479582,1.2977699153187037,-0.2826733122689516
BARCELOS,BRAGANCA,0.16798652964943547,dry-dry,879,110,126,54,24.747057173067482,3.4246753246753245,2.182077635427652,0.5831791826911434
BARCELOS,BRAGANCA,0.16798652964943547,wet-wet,517,34,180,23,47.18980833043909,1.9429738562091503,0.4873933761066834,0.3039079758697371
BARCELOS,BRAGANCA,0.16798652964943547,dry-wet,471,310,154,82,34.49604748290958,0.8090071219103477,2.377083926517244,-0.14191536888868173
BARCELOS,CADIZ,0.7157642163440581,dry-dry,583,118,65,30,16.016595724115604,2.2803129074315516,1.8730572037121531,0.4452751614724353
BARCELOS,CADIZ,0.7157642163440581,wet-wet,276,49,110,28,29.311029825104043,1.4337662337662338,0.9552717924642421,0.3291715652753109
BARCELOS,CADIZ,0.7157642163440581,dry-wet,464,163,109,23,24.710116566471097,0.6006641526425396,0.9307928571736672,-0.2757974800847517
BARCELOS,CAMPDEVANOL,0.9461025684702606,dry-dry,651,139,48,28,14.60488246767816,2.7320143884892087,1.9171670886065924,0.4751427124566339
BARCELOS,CAMPDEVANOL,0.9461025684702606,wet-wet,181,52,101,35,25.87411503729302,1.2062071591774561,1.3527032692539864,0.23686161250823964
BARCELOS,CAMPDEVANOL,0.9461025684702606,dry-wet,500,128,106,12,22.58985038234438,0.44221698113207547,0.5312120176492571,-0.37448870596284745
BARCELOS,CAMPI,0.12095669370792832,dry-dry,706,149,119,104,30.087662090535833,4.1409959957137215,3.456566338955047,0.9042240199840484
BARCELOS,CAMPI,0.12095669370792832,wet-wet,565,132,142,104,39.060635614684315,3.13486982501067,2.662527077795493,0.8882416177947319
BARCELOS,CAMPI,0.12095669370792832,dry-wet,146,60,86,10,10.208568675253163,0.28294573643410853,0.9795692538407701,-0.532103724638271
BARCELOS,CUENCA,0.600297243823585,dry-dry,723,153,73,48,19.78388728393005,3.1071716357775987,2.4262168152863053,0.6266158600740088
BARCELOS,CUENCA,0.600297243823585,wet-wet,357,53,147,34,37.04971418579086,1.5579514824797844,0.9176858917049224,0.3462935784315343
BARCELOS,CUENCA,0.600297243823585,dry-wet,494,172,129,21,25.629862465338924,0.4675500270416441,0.8193567182968612,-0.3675781816008868
BARCELOS,DAROCA,0.6317580150934523,dry-dry,550,115,64,35,17.033572338581806,2.6154891304347827,2.054765688858081,0.5062564737307029
BARCELOS,DAROCA,0.6317580150934523,wet-wet,196,48,109,36,28.165036995842094,1.348623853211009,1.2781804620144668,0.39621973697218443
BARCELOS,DAROCA,0.6317580150934523,dry-wet,393,121,116,20,22.269676254938524,0.5599886007409518,0.8980822069905394,-0.3608498035978322
BARCELOS,EXTREMO,0.060029139070066184,dry-dry,866,173,178,149,36.000021198873746,4.190231863350003,4.1388864516741295,0.9497598016129004
BARCELOS,EXTREMO,0.060029139070066184,wet-wet,752,173,158,124,46.20492312481483,3.4114289895368404,2.6836967061937282,0.8958123569895802
BARCELOS,EXTREMO,0.060029139070066184,dry-wet,173,90,71,12,11.336855999483797,0.3248826291079812,1.0584945244560218,-0.469918163015784
BARCELOS,FISTERRA,0.1988372074456892,dry-dry,130,10,29,6,6.176705738000118,2.689655172413793,0.9713915887375053,0.38444536792403244
BARCELOS,GETAFE,0.4591653660801633,dry-dry,586,112,54,33,14.492430874070973,3.197420634920635,2.2770507092113657,0.6411276739182793
BARCELOS,GETAFE,0.4591653660801633,wet-wet,261,35,115,22,29.228452294461412,1.426583850931677,0.7526912399726634,0.2777945954805284
BARCELOS,GETAFE,0.4591653660801633,dry-wet,402,155,90,18,20.409313387963472,0.5187096774193548,0.8819502968000688,-0.3498115978606997
BARCELOS,GUARDA,0.18246411909278548,dry-dry,579,119,74,60,20.077710216603272,3.945037474449239,2.9883885837929354,0.8305542102852684
BARCELOS,GUARDA,0.18246411909278548,wet-wet,321,83,117,67,30.43020517300357,2.214704973741118,2.2017597193015197,0.7913228487335942
BARCELOS,GUARDA,0.18246411909278548,dry-wet,223,60,100,8,13.036160605427375,0.29733333333333334,0.6136776189048593,-0.5496795403597838
BARCELOS,LORCA,0.803074569951235,dry-dry,610,158,52,17,9.486071252327948,1.2621713729308666,1.7921012343047795,0.09392501666001071
BARCELOS,LORCA,0.803074569951235,dry-wet,689,163,87,14,24.320505224492813,0.680205909315281,0.5756459362489235,-0.05908795700949032
BARCELOS,MONTSERRAT,0.9128176293538601,dry-dry,662,142,50,22,13.376975849934787,2.051267605633803,1.6446168586083865,0.309767352696517
BARCELOS,MONTSERRAT,0.9128176293538601,wet-wet,161,41,88,24,24.16618930090936,1.0709534368070954,0.9931230655011419,0.10863114269981519
BARCELOS,MONTSERRAT,0.9128176293538601,dry-wet,526,147,103,15,21.91017956930542,0.5211016445413117,0.6846132845489736,-0.34807299797519003
BARCELOS,OURENSE,0.12706132701948344,dry-dry,414,46,78,28,15.416738465167034,3.230769230769231,1.8162077577734035,0.5039129891362645
BARCELOS,OURENSE,0.12706132701948344,wet-wet,388,33,118,25,31.048941877784394,2.4910118130457115,0.8051804180124917,0.4671042246135013
BARCELOS,OURENSE,0.12706132701948344,dry-wet,299,217,107,55,23.38835060930115,0.7082561695163444,2.351598063444775,-0.2049634075870523
BARCELOS,OVIEDO,0.34513326757742885,dry-dry,548,83,116,40,25.8710450492705,2.276692978811799,1.5461300432132294,0.4979202619522986
BARCELOS,OVIEDO,0.34513326757742885,wet-wet,380,83,141,40,33.60359203284416,1.2988122703580278,1.1903489353431023,0.1954036010922541
BARCELOS,OVIEDO,0.34513326757742885,dry-wet,442,172,163,34,32.80309258991847,0.5360251105721215,1.0364876392919544,-0.3424107861153872
BARCELOS,PAMPLONA,0.6340710178049938,dry-dry,407,78,74,37,17.094489431772846,2.608974358974359,2.1644401927108494,0.5773679278585647
BARCELOS,PAMPLONA,0.6340710178049938,wet-wet,301,65,100,40,26.598206565469233,1.8523076923076922,1.5038607923261063,0.5221788611329159
BARCELOS,PAMPLONA,0.6340710178049938,dry-wet,289,98,108,18,19.335030790592306,0.4914965986394558,0.9309527455605666,-0.342345409979445
BARCELOS,PONFERRADA,0.22564370344525275,dry-dry,477,57,67,27,15.411563128428401,3.372348782403771,1.751931311250018,0.5832606717626492
BARCELOS,PONFERRADA,0.22564370344525275,wet-wet,325,28,102,20,25.077226799171903,2.275910364145658,0.79753635280997,0.359324557841907
BARCELOS,PONFERRADA,0.22564370344525275,dry-wet,267,170,92,39,18.04294169608948,0.6657928388746803,2.1615100606600435,-0.1994012656091193
BARCELOS,PORTO,0.040976134985846215,dry-dry,795,48,151,25,26.979728500073403,2.7421357615894038,0.9266216300112873,0.2613157461099669
BARCELOS,PORTO,0.040976134985846215,wet-wet,597,27,178,21,43.261837824629794,2.608614232209738,0.4854162711516684,0.2243759991247271
BARCELOS,PORTO,0.040976134985846215,dry-wet,460,382,139,101,34.334333343480004,0.8749858751742062,2.9416618924735762,-0.10453261427014998
BARCELOS,SORIA,0.5366030211861776,dry-dry,394,64,59,29,13.547556499810531,3.0259533898305087,2.140607422482835,0.6177645324609004
BARCELOS,SORIA,0.5366030211861776,wet-wet,293,44,114,30,29.08754008403165,1.7523923444976077,1.0313694424943574,0.43303838624391056
BARCELOS,SORIA,0.5366030211861776,dry-wet,272,116,93,17,17.57243512612861,0.42862439747868003,0.9674242572517766,-0.4201038634687971
BARCELOS,TARIFA,0.7964956682434401,dry-dry,525,108,61,25,16.16531042445952,1.9922586520947176,1.5465214922302282,0.36051523238823857
BARCELOS,TARIFA,0.7964956682434401,wet-wet,234,48,90,27,22.003719301062333,1.4625,1.2270652806726383,0.31656595944839455
BARCELOS,TARIFA,0.7964956682434401,dry-wet,464,124,101,10,24.441515003256043,0.37048866176940276,0.40913994073885446,-0.4037255883541479
BARCELOS,TAVIRA,0.6072659181436411,dry-dry,518,94,52,16,12.575515985736375,1.6955810147299508,1.272313598753944,0.24932981228182188
BARCELOS,TAVIRA,0.6072659181436411,wet-wet,165,19,89,11,19.222876328269926,1.0733293908929626,0.5722348628869324,-0.08289008779020246
BARCELOS,TAVIRA,0.6072659181436411,dry-wet,432,156,108,33,22.624830856173126,0.8461538461538461,1.4585744401707221,-0.15448703861182164
BARCELOS,TORREVIEJA,0.8431049232133687,dry-dry,861,200,82,26,14.471019637535804,1.365,1.7966944037972026,0.15253905715802016
BARCELOS,TORREVIEJA,0.8431049232133687,dry-wet,834,204,133,24,31.681296800947962,0.7377266696152145,0.7575447479562099,-0.06147555586675843
BARCELOS,VALENCIA,0.7725271503818149,dry-dry,433,98,48,15,8.926610017775076,1.3807397959183674,1.6803691401474143,0.1498456240379782
BARCELOS,VALENCIA,0.7725271503818149,wet-wet,116,36,64,17,15.940304995668214,0.8559027777777778,1.066478966658402,-0.12760665619388137
BARCELOS,VALENCIA,0.7725271503818149,dry-wet,529,121,102,21,23.577525048218146,0.9000972289742343,0.8906787271799361,-0.038654009079137575
BARCELOS,VANDELLOS,0.8319730421067628,dry-dry,571,122,50,17,12.363417473450877,1.591311475409836,1.3750243439166954,0.17031828373393626
BARCELOS,VANDELLOS,0.8319730421067628,wet-wet,116,26,70,21,18.030382306616737,1.3384615384615384,1.1647007613528795,0.42219145221146365
BARCELOS,VANDELLOS,0.8319730421067628,dry-wet,491,139,92,20,21.03658501234254,0.7679074131998749,0.950724653657694,-0.17276986366379543
BARCELOS,VIMIANZO,0.21143889579062577,dry-dry,578,44,144,20,26.67917258015304,1.8244949494949494,0.7496484360567555,0.20419380165823825
BARCELOS,VIMIANZO,0.21143889579062577,wet-wet,608,100,106,29,32.9275975415957,1.6633962264150943,0.8807201911213177,0.28602416496994587
BARCELOS,VIMIANZO,0.21143889579062577,dry-wet,482,265,140,57,29.829730810653906,0.7405390835579515,1.910845269164884,-0.2038515146874005
BARCELOS,ZAMORA,0.25174102695500494,dry-dry,532,86,63,32,14.717856124104948,3.1421188630490957,2.1742297064305656,0.5848914389956342
BARCELOS,ZAMORA,0.25174102695500494,wet-wet,267,28,127,19,29.575836905979664,1.4266029246344207,0.6424163096516997,0.1212496590041606
BARCELOS,ZAMORA,0.25174102695500494,dry-wet,360,178,105,37,21.911466320734952,0.7126805778491172,1.6886135988528836,-0.2503606159116779
BEARIZ,BEJA,0.6063763446126246,dry-dry,375,71,48,23,10.283158844827135,2.5308098591549295,2.2366668012300495,0.5132657192939138
BEARIZ,BEJA,0.6063763446126246,wet-wet,179,30,72,16,15.968116806557358,1.325925925925926,1.0019966783703353,0.2486312425431998
BEARIZ,BEJA,0.6063763446126246,dry-wet,274,78,103,18,14.482479572566168,0.6138909634055265,1.242881090203434,-0.22134262426578125
BEARIZ,BRAGANCA,0.16172822748933469,dry-dry,444,74,53,42,12.758484208549847,4.754716981132075,3.2919271061882514,0.8597688694101373
BEARIZ,BRAGANCA,0.16172822748933469,wet-wet,259,42,84,33,20.665996021949535,2.4226190476190474,1.596826011432036,0.7409309107170649
BEARIZ,BRAGANCA,0.16172822748933469,dry-wet,157,67,54,7,8.556502506789275,0.3037589828634605,0.818091269703451,-0.4724616000976691
BEARIZ,CADIZ,0.832147877610787,dry-dry,489,101,43,16,12.273464744452117,1.8015196868524062,1.303625368478967,0.250821514140998
BEARIZ,CADIZ,0.832147877610787,wet-wet,210,39,112,24,19.34407659480043,1.1538461538461537,1.240689876427136,0.12025193403223573
BEARIZ,CADIZ,0.832147877610787,dry-wet,455,126,139,26,19.92755412913812,0.6754596322941646,1.3047261009309084,-0.23528005877580793
BEARIZ,CAMPDEVANOL,0.912176071432521,dry-dry,383,84,27,9,8.261310820914481,1.5198412698412698,1.0894154929040365,0.14046513935092514
BEARIZ,CAMPDEVANOL,0.912176071432521,wet-wet,122,28,73,18,14.44744781830943,1.0743639921722115,1.2458947923790649,0.09582341145129666
BEARIZ,CAMPDEVANOL,0.912176071432521,dry-wet,421,93,104,19,17.499762461194592,0.8270264681555004,1.0857290230157213,-0.12839002660240467
BEARIZ,CUENCA,0.6283106282640837,dry-dry,471,94,39,15,12.56908871084569,1.9271685761047463,1.1934039408168637,0.2816800960064586
BEARIZ,CUENCA,0.6283106282640837,wet-wet,260,40,101,25,22.214396731914874,1.608910891089109,1.125396305004453,0.39460959012327995
BEARIZ,CUENCA,0.6283106282640837,dry-wet,358,100,134,15,17.42347191381816,0.4007462686567164,0.8609076350680623,-0.40472740237755744
BEARIZ,DAROCA,0.6271394781520138,dry-dry,423,94,39,17,12.546490716528861,1.9615384615384615,1.35496055304166,0.3107736494328614
BEARIZ,DAROCA,0.6271394781520138,wet-wet,162,40,94,25,19.283037807788638,1.077127659574468,1.2964762217031083,0.10610493877179385
BEARIZ,DAROCA,0.6271394781520138,dry-wet,359,90,135,24,19.06530709880193,0.7091358024691358,1.2588310209547144,-0.2203263373421828
BEARIZ,ENCISO,0.5258708499275143,dry-dry,183,49,17,7,4.512854078998192,1.5378151260504203,1.5511248264322186,0.16735531727061545
BEARIZ,ENCISO,0.5258708499275143,wet-wet,118,24,55,17,14.50906727208657,1.5196969696969698,1.17168110680041,0.4181892493635501
BEARIZ,ENCISO,0.5258708499275143,dry-wet,211,48,77,14,9.460190664358398,0.7992424242424242,1.4798856066131407,-0.1666516860240193
BEARIZ,FISTERRA,0.10811111067835147,dry-dry,342,66,83,56,16.042207760760263,3.4961664841182913,3.490791344628869,0.887093970043599
BEARIZ,FISTERRA,0.10811111067835147,wet-wet,298,59,83,39,19.517264272780015,2.3732897692464774,1.9982308716489439,0.653609579304625
BEARIZ,FISTERRA,0.10811111067835147,dry-wet,126,53,59,5,8.629166572849105,0.20147105852254557,0.5794302332431558,-0.5819188478529383
BEARIZ,GETAFE,0.49541758828778526,dry-dry,453,91,34,18,10.937401136960187,2.6354234001292824,1.6457291613062945,0.4673501601209523
BEARIZ,GETAFE,0.49541758828778526,wet-wet,200,41,105,25,19.102954310400303,1.1614401858304297,1.3086980994551791,0.14517662919429167
BEARIZ,GETAFE,0.49541758828778526,dry-wet,352,100,113,17,15.717953688929162,0.5295575221238938,1.0815657264580083,-0.29417189223669077
BEARIZ,LORCA,0.8723882343311558,dry-dry,593,127,43,5,8.344959468089034,0.5429408533235671,0.5991640845135204,-0.18436102285731681
BEARIZ,LORCA,0.8723882343311558,dry-wet,655,140,106,24,21.181317704556356,1.059299191374663,1.1330739822120373,0.10046824131631188
BEARIZ,MONTSERRAT,0.890950172538324,dry-dry,498,115,40,11,9.54158131245234,1.1908695652173913,1.1528487406635979,0.07207986917730648
BEARIZ,MONTSERRAT,0.890950172538324,wet-wet,131,30,76,15,16.245803652715338,0.8618421052631579,0.9233153570394708,-0.12093938779339333
BEARIZ,MONTSERRAT,0.890950172538324,dry-wet,548,131,122,22,20.993334080136727,0.7543486422225003,1.047951693428999,-0.16236598389639642
BEARIZ,OURENSE,0.04139023071767084,dry-dry,476,81,62,53,17.93244265397087,5.023496614894464,2.9555371246796622,0.913210150797511
BEARIZ,OURENSE,0.04139023071767084,wet-wet,381,70,110,64,25.823567649434263,3.1667532467532467,2.478356239107887,0.9222240597638306
BEARIZ,OURENSE,0.04139023071767084,dry-wet,127,48,62,4,7.45987552213828,0.17069892473118278,0.5362019765784845,-0.5996692586975645
BEARIZ,OVIEDO,0.24198027957244037,dry-dry,438,101,92,56,20.694073157831067,2.639690055962118,2.706088819387808,0.6435000813537166
BEARIZ,OVIEDO,0.24198027957244037,wet-wet,347,99,109,49,26.1390665549316,1.5756649059401353,1.8745887461981798,0.3764989594017253
BEARIZ,OVIEDO,0.24198027957244037,dry-wet,325,54,147,10,20.757788024776303,0.40942302847064754,0.4817468984683769,-0.48599819375927944
BEARIZ,PAMPLONA,0.5814467973562686,dry-dry,498,99,62,35,18.233017222919273,2.8396871945259043,1.9195945230613993,0.5427636675524806
BEARIZ,PAMPLONA,0.5814467973562686,wet-wet,382,87,116,43,28.0056489821768,1.6276258422512881,1.5354045188299625,0.3617541072740781
BEARIZ,PAMPLONA,0.5814467973562686,dry-wet,372,90,183,29,22.167017002245316,0.6550091074681239,1.308250000307329,-0.2593297405314294
BEARIZ,PONFERRADA,0.14702946889315588,dry-dry,491,98,55,47,16.411472990007958,4.281447124304267,2.863850187525258,0.8014174724792044
BEARIZ,PONFERRADA,0.14702946889315588,wet-wet,382,64,110,50,24.73208682895995,2.7130681818181817,2.0216652296988005,0.7578522968866509
BEARIZ,PONFERRADA,0.14702946889315588,dry-wet,181,55,83,6,9.204967617343154,0.2378970427163198,0.651821956298396,-0.5217403840596451
BEARIZ,PORTO,0.17205815380968065,dry-dry,419,74,64,49,14.781422794435485,4.335092905405405,3.314971818439982,0.853580791362174
BEARIZ,PORTO,0.17205815380968065,wet-wet,294,53,89,44,18.73633760849024,2.742421030315879,2.3483778377297018,0.7940199468253403
BEARIZ,PORTO,0.17205815380968065,dry-wet,122,54,56,6,7.136892925357891,0.24206349206349206,0.8407019781229407,-0.5079472121939519
BEARIZ,SORIA,0.5144861068207917,dry-dry,347,73,28,16,11.016727109191994,2.716242661448141,1.4523369637294663,0.4815319936186467
BEARIZ,SORIA,0.5144861068207917,wet-wet,242,47,91,25,19.794500903153832,1.414542903904606,1.2629770319703681,0.28482954075427197
BEARIZ,SORIA,0.5144861068207917,dry-wet,253,68,118,13,13.629077554329328,0.40989531405782653,0.9538429837366726,-0.39924859801909074
BEARIZ,TARIFA,0.9099670904386328,dry-dry,412,79,41,12,11.572659445926785,1.5263970361222599,1.036926737200724,0.19217255929903646
BEARIZ,TARIFA,0.9099670904386328,wet-wet,203,37,97,20,16.103134944731394,1.1312343271106158,1.2419941873829716,0.0850927744030916
BEARIZ,TARIFA,0.9099670904386328,dry-wet,438,109,134,29,20.79435972960033,0.8696426126249487,1.3946089409388793,-0.10896963589452666
BEARIZ,TORREVIEJA,0.9003575192516919,dry-dry,337,69,38,5,5.459376123126848,0.6426392067124332,0.9158555643050764,-0.10848674192946778
BEARIZ,TORREVIEJA,0.9003575192516919,dry-wet,409,83,85,21,17.38947593923997,1.2174344436569808,1.207626962041608,0.15809164576633442
BEARIZ,VALENCIA,0.8015313580962197,dry-dry,465,116,43,11,8.781588603117402,1.0254611066559742,1.2526207383587837,0.03470270332388145
BEARIZ,VALENCIA,0.8015313580962197,dry-wet,592,128,114,26,22.710922602475954,1.0548245614035088,1.14482359237865,0.1370152542631012
BEARIZ,VANDELLOS,0.824577826822438,dry-dry,318,75,26,3,6.705368047271255,0.48923076923076925,0.4474027344734414,-0.19923625884157825
BEARIZ,VANDELLOS,0.824577826822438,dry-wet,393,89,83,12,15.041512343950712,0.6384188439149858,0.7977921186114024,-0.23225319581218165
BEARIZ,VIMIANZO,0.10464247278259048,dry-dry,586,96,144,81,27.078002020752265,3.43359375,2.991358075013162,0.8589845403408831
BEARIZ,VIMIANZO,0.10464247278259048,wet-wet,535,124,94,68,26.718473063013995,3.1211393273850376,2.5450556189953626,0.7764352136273712
BEARIZ,VIMIANZO,0.10464247278259048,dry-wet,199,77,90,6,10.603123815041673,0.1722943722943723,0.5658709739377328,-0.5923873677420615
BEARIZ,ZAMORA,0.2570797435445883,dry-dry,607,133,56,44,16.428404085049905,3.5859291084854994,2.678288150949529,0.713395803176891
BEARIZ,ZAMORA,0.2570797435445883,wet-wet,284,65,128,46,26.29425277915928,1.5701923076923077,1.7494317251129272,0.4700302977882611
BEARIZ,ZAMORA,0.2570797435445883,dry-wet,353,97,123,9,15.67367912536108,0.2662811164194116,0.5742110660819506,-0.5129261085740795
BEJA,BRAGANCA,0.524008380970907,dry-dry,1415,189,253,119,39.15624796778047,3.521446347533304,3.0391063029818017,0.7012301004816672
BEJA,BRAGANCA,0.524008380970907,wet-wet,557,210,181,117,79.88050708678952,1.714522494080505,1.464687747573766,0.5960755752515148
BEJA,BRAGANCA,0.524008380970907,dry-wet,524,262,175,34,39.717874269517644,0.38857142857142857,0.8560377569374111,-0.49269398631014816
BEJA,CADIZ,0.2509216760525587,dry-dry,1092,193,125,105,27.935648761620122,4.752746113989637,3.7586383225241606,0.854159459732509
BEJA,CADIZ,0.2509216760525587,wet-wet,435,176,160,119,71.72551835304722,1.8382457386363635,1.659102683848981,0.7315347826825888
BEJA,CADIZ,0.2509216760525587,dry-wet,280,125,138,27,23.01538054732974,0.43826086956521737,1.173128549600826,-0.44396881595062143
BEJA,CAMPDEVANOL,1.045890151359976,dry-dry,1012,170,68,24,18.277083299679052,2.1010380622837372,1.313119801802372,0.26948650346566466
BEJA,CAMPDEVANOL,1.045890151359976,wet-wet,185,69,80,40,39.60976735753512,1.3405797101449275,1.0098519296753872,0.362316046878548
BEJA,CAMPDEVANOL,1.045890151359976,dry-wet,508,209,202,67,36.91303385130591,0.8061964091145957,1.8150770340333235,-0.04017187820915137
BEJA,CAMPI,0.36299208338120537,dry-dry,629,86,90,31,18.23623401060311,2.519250645994832,1.699912382237234,0.4497785444366627
BEJA,CAMPI,0.36299208338120537,wet-wet,301,130,43,28,31.196069112517296,1.5076923076923077,0.897548979616958,0.28251688874255915
BEJA,CAMPI,0.36299208338120537,dry-wet,414,137,199,50,27.91247248979134,0.759270806587683,1.7913139016361561,-0.20674820879557823
BEJA,CUENCA,0.5726264192859728,dry-dry,1242,204,132,84,30.432911133783627,3.874331550802139,2.7601697264758696,0.6817855101448563
BEJA,CUENCA,0.5726264192859728,wet-wet,433,164,143,91,68.40216946261876,1.6801552106430155,1.330367161084427,0.5686284631077673
BEJA,CUENCA,0.5726264192859728,dry-wet,438,198,229,65,35.71030823479114,0.6278946671959772,1.820202714931289,-0.23000296022149364
BEJA,DAROCA,0.7033172805107611,dry-dry,950,162,94,42,24.394435354932277,2.620173364854216,1.7217041259169001,0.4405246520014144
BEJA,DAROCA,0.7033172805107611,wet-wet,210,97,105,56,45.45457170591141,1.1546391752577319,1.231999288483388,0.18551087877948982
BEJA,DAROCA,0.7033172805107611,dry-wet,429,160,222,59,38.369632824608544,0.7125844594594595,1.5376743444404313,-0.16489142412595995
BEJA,EXTREMO,0.5386660019178984,dry-dry,749,103,124,37,21.383841816119727,2.169824616348262,1.730278418544435,0.4172176408147115
BEJA,EXTREMO,0.5386660019178984,wet-wet,374,153,51,25,34.157267381404395,1.198257080610022,0.7319086659025389,0.1400663900143259
BEJA,EXTREMO,0.5386660019178984,dry-wet,595,194,218,52,33.75333923799122,0.7315804407452946,1.5405883143399088,-0.20570017856736414
BEJA,FISTERRA,0.6789768940522658,dry-dry,279,28,59,14,10.096812314767377,2.364406779661017,1.3865762345135313,0.46191605451640794
BEJA,FISTERRA,0.6789768940522658,dry-wet,153,59,57,8,10.585153017936978,0.3639607493309545,0.7557755647408847,-0.46050406101446806
BEJA,GETAFE,0.47626727654950846,dry-dry,1055,179,99,77,24.965578310269592,4.584109248913718,3.084246599179561,0.7769770750272008
BEJA,GETAFE,0.47626727654950846,wet-wet,353,136,137,95,60.2389509909219,1.7998604551309574,1.577052694930173,0.7148182647235611
BEJA,GETAFE,0.47626727654950846,dry-wet,303,133,143,32,23.390100899221466,0.509805983490194,1.368100126539647,-0.3629748111161221
BEJA,GUARDA,0.3457533384978151,dry-dry,605,88,69,30,15.29419562083164,2.989130434782609,1.9615284611070454,0.47169341493004185
BEJA,GUARDA,0.3457533384978151,wet-wet,193,89,41,30,27.719438449257183,1.586736092080022,1.082273006897942,0.3422001896915353
BEJA,GUARDA,0.3457533384978151,dry-wet,270,101,176,50,22.888457837737203,0.7594509450945095,2.184507158781262,-0.18037784001939658
BEJA,LORCA,0.5417106453534878,dry-dry,1212,223,70,25,14.579674748844099,1.9410634208840487,1.7147158925463712,0.20829450780206907
BEJA,LORCA,0.5417106453534878,wet-wet,128,59,72,30,32.66037215989564,0.903954802259887,0.9185443403133549,-0.1684622997152562
BEJA,LORCA,0.5417106453534878,dry-wet,590,234,150,38,31.78094106607245,0.6387464387464388,1.1956851724748536,-0.1685981076972182
BEJA,MONTSERRAT,0.9767158029751792,dry-dry,1127,190,75,30,18.523423623137788,2.3726315789473684,1.6195710150755669,0.3033220119571574
BEJA,MONTSERRAT,0.9767158029751792,wet-wet,205,84,100,54,46.09394429976689,1.3178571428571428,1.171520485398623,0.39650583893369257
BEJA,MONTSERRAT,0.9767158029751792,dry-wet,501,207,181,53,33.685386631655945,0.7087036592201137,1.5733825643608048,-0.16179656436623505
BEJA,OURENSE,0.5858600984301142,dry-dry,753,106,159,68,24.633571238628942,3.0380918476326095,2.7604604846481346,0.6423795599721746
BEJA,OURENSE,0.5858600984301142,wet-wet,401,157,102,59,49.607486124863605,1.4773947795678781,1.1893366225310258,0.3794244945157671
BEJA,OURENSE,0.5858600984301142,dry-wet,423,186,153,29,31.32802909582287,0.43105629348513597,0.9256886193286484,-0.43788550802922943
BEJA,OVIEDO,0.7464429486749602,dry-dry,801,147,192,71,30.677818110492197,2.0149872448979593,2.314375805485238,0.4080759570674065
BEJA,OVIEDO,0.7464429486749602,wet-wet,328,143,105,48,44.48641101780156,1.0485514485514487,1.0789811742914583,0.04542518153169699
BEJA,OVIEDO,0.7464429486749602,dry-wet,745,212,285,67,56.52783184087215,0.826133730552797,1.185256851679848,-0.12172773574432022
BEJA,PAMPLONA,0.8496340445087667,dry-dry,739,128,135,45,23.572842386641945,1.9244791666666667,1.9089764086107923,0.3220913787574073
BEJA,PAMPLONA,0.8496340445087667,wet-wet,282,114,78,32,38.03253968407574,1.0148448043184886,0.8413847790816459,0.013231005896646029
BEJA,PAMPLONA,0.8496340445087667,dry-wet,571,178,244,56,42.58868067599463,0.7362313501565666,1.3149033759940993,-0.20909705250147
BEJA,PONFERRADA,0.6281793364717346,dry-dry,816,119,128,64,23.3195050546228,3.4285714285714284,2.74448363505523,0.6772107542085563
BEJA,PONFERRADA,0.6281793364717346,wet-wet,343,136,103,60,40.7442102511492,1.4691604797258708,1.472601864906872,0.40413739843038327
BEJA,PONFERRADA,0.6281793364717346,dry-wet,403,162,138,25,27.569245421123895,0.4506620146716765,0.9068075537839962,-0.37422426226008537
BEJA,PORTO,0.4425592502640899,dry-dry,1263,149,269,105,39.41168198537924,3.308674933260148,2.664184696277424,0.6551422288345831
BEJA,PORTO,0.4425592502640899,wet-wet,581,221,160,103,66.18967046877461,1.6923925339366517,1.556134050381636,0.53062229335848
BEJA,PORTO,0.4425592502640899,dry-wet,634,282,195,46,41.5150458171213,0.5303509729041644,1.1080320181419396,-0.326336452556866
BEJA,SORIA,0.6940998394861666,dry-dry,631,122,101,59,20.06068214923248,3.0213439376724556,2.9410764579736552,0.6235286143542886
BEJA,SORIA,0.6940998394861666,wet-wet,347,141,110,73,52.23672176523392,1.633204384268214,1.3974843277509241,0.531641395086588
BEJA,SORIA,0.6940998394861666,dry-wet,343,134,173,45,28.70587436649647,0.6658183073073937,1.5676233869580687,-0.21262218544993128
BEJA,TARIFA,0.33809894201674173,dry-dry,984,144,113,65,25.61067264322414,3.9306784660766962,2.538004405643643,0.6895534829642844
BEJA,TARIFA,0.33809894201674173,wet-wet,351,142,90,67,50.360001859716334,1.8401408450704226,1.3304209198926624,0.612648775713894
BEJA,TARIFA,0.33809894201674173,dry-wet,341,133,183,43,27.360589361987923,0.6024487448128518,1.5716035729749271,-0.30140603594854876
BEJA,TAVIRA,0.12527982956954045,dry-dry,748,135,94,82,17.92792476716984,4.833412135539795,4.573870153123405,0.8776107480666868
BEJA,TAVIRA,0.12527982956954045,wet-wet,222,82,113,73,40.78440024052344,1.748974746384632,1.7899000492709733,0.8017764675576229
BEJA,TAVIRA,0.12527982956954045,dry-wet,144,83,45,8,10.977693379052235,0.30843373493975906,0.7287505420096443,-0.5878671010050014
BEJA,TORREVIEJA,0.6245926964369501,dry-dry,1485,273,88,26,19.76844222503655,1.6071428571428572,1.3152275583490962,0.13993126084308471
BEJA,TORREVIEJA,0.6245926964369501,wet-wet,141,62,90,37,38.149805775424284,0.9349462365591398,0.9698607698767112,-0.13581467487140955
BEJA,TORREVIEJA,0.6245926964369501,dry-wet,751,285,222,60,43.71725589734528,0.712185870080607,1.3724557676009916,-0.09602900831660811
BEJA,VALENCIA,0.683956752653656,dry-dry,916,170,54,18,15.315492500089418,1.796078431372549,1.1752805206815848,0.17467083455265248
BEJA,VALENCIA,0.683956752653656,wet-wet,175,71,88,42,35.3484057605569,1.1763764404609476,1.1881723969250462,0.23452142116232894
BEJA,VALENCIA,0.683956752653656,dry-wet,523,187,183,54,33.851855877761736,0.8252827211361444,1.595185805912466,-0.055485542604136934
BEJA,VANDELLOS,0.8609538300279723,dry-dry,870,152,60,28,15.162282211083435,2.6710526315789473,1.8466876958359446,0.4031071372834883
BEJA,VANDELLOS,0.8609538300279723,wet-wet,147,55,82,34,34.39508295484387,1.1082039911308204,0.9885133885165341,0.16740844253890844
BEJA,VANDELLOS,0.8609538300279723,dry-wet,434,169,137,40,28.597683288586524,0.749794843000907,1.3987146999408935,-0.12904177578155157
BEJA,VIMIANZO,0.6933160825760697,dry-dry,824,113,215,60,30.2831613714161,2.034986622761885,1.9812990877707126,0.45044331068297644
BEJA,VIMIANZO,0.6933160825760697,wet-wet,496,205,80,37,42.69046216553846,1.1190243902439025,0.8667041330339111,0.08384290728586263
BEJA,VIMIANZO,0.6933160825760697,dry-wet,912,275,220,39,45.879915291685464,0.5879008264462809,0.8500451614187643,-0.2777352780600463
BEJA,ZAMORA,0.5106261810133333,dry-dry,975,163,136,91,25.969034009573463,4.002390833634067,3.504173469311678,0.7726504130603741
BEJA,ZAMORA,0.5106261810133333,wet-wet,378,141,162,98,63.65768721485835,1.6217494089834514,1.5394841422565193,0.6179231227631379
BEJA,ZAMORA,0.5106261810133333,dry-wet,330,159,137,31,26.349365260289844,0.4696322820548134,1.1764989286751038,-0.4251654849873874
BRAGANCA,CADIZ,0.7239212000378984,dry-dry,953,170,96,47,22.56034769826983,2.744546568627451,2.0833012251670424,0.48130087616702133
BRAGANCA,CADIZ,0.7239212000378984,wet-wet,346,113,122,55,50.281670821318365,1.38038589873785,1.0938379552948578,0.3318930180800471
BRAGANCA,CADIZ,0.7239212000378984,dry-wet,501,176,203,38,34.61163572552354,0.5328593819973131,1.0978966813746334,-0.35087762084498425
BRAGANCA,CAMPDEVANOL,0.7796732351870507,dry-dry,972,175,56,14,17.77659165356646,1.3885714285714286,0.7875525451017055,0.04930989151912893
BRAGANCA,CAMPDEVANOL,0.7796732351870507,wet-wet,182,61,80,25,34.26935081300974,0.9323770491803278,0.7295148407220251,-0.059560263588272246
BRAGANCA,CAMPDEVANOL,0.7796732351870507,dry-wet,599,189,219,53,38.68946872462831,0.7670024884636757,1.3698818243596642,-0.13492312881064106
BRAGANCA,CAMPI,0.2001201206647177,dry-dry,657,91,60,26,18.18609454596544,3.1285714285714286,1.429663743047463,0.4517400798641214
BRAGANCA,CAMPI,0.2001201206647177,wet-wet,378,129,28,15,33.898942343080506,1.569767441860465,0.4424916815453925,0.16407941213016083
BRAGANCA,CAMPI,0.2001201206647177,dry-wet,366,141,255,81,28.968792354781012,0.8245306633291615,2.7961124166997506,-0.059330208655735635
BRAGANCA,CUENCA,0.46682019550136017,dry-dry,1175,204,97,57,28.632760527878343,3.3846270466949666,1.9907266693514178,0.543124893645941
BRAGANCA,CUENCA,0.46682019550136017,wet-wet,450,144,144,75,62.314699819050304,1.6276041666666667,1.2035683429076176,0.47419289336573384
BRAGANCA,CUENCA,0.46682019550136017,dry-wet,532,185,263,57,38.51356307181159,0.6232452985304696,1.4799980955726943,-0.2792690028089141
BRAGANCA,DAROCA,0.4747846831028662,dry-dry,884,162,72,29,22.302348093553693,2.1978737997256514,1.3003115133146992,0.27259380245289005
BRAGANCA,DAROCA,0.4747846831028662,wet-wet,221,89,115,55,41.902722661830126,1.1875915974596971,1.312563874282575,0.2331406053539251
BRAGANCA,DAROCA,0.4747846831028662,dry-wet,490,144,236,51,39.601609976432236,0.7353460451977402,1.2878264300454247,-0.22946451869810874
BRAGANCA,EXTREMO,0.15224337296101123,dry-dry,805,116,101,45,22.99633702962804,3.0919255718675314,1.9568333835959553,0.5373404134046569
BRAGANCA,EXTREMO,0.15224337296101123,wet-wet,501,180,36,28,40.03564789445363,2.164814814814815,0.6993767173149458,0.4134426802733291
BRAGANCA,EXTREMO,0.15224337296101123,dry-wet,464,149,261,62,29.39594553759094,0.7397464578672632,2.10913440156962,-0.18704790418563402
BRAGANCA,FISTERRA,0.2698283326744405,dry-dry,298,28,57,22,11.314106396224359,4.1077694235588975,1.944475262080056,0.7485669545209869
BRAGANCA,FISTERRA,0.2698283326744405,dry-wet,114,43,54,10,7.760841463596907,0.4909560723514212,1.2885200718125884,-0.3295301235611386
BRAGANCA,GETAFE,0.33392945921896694,dry-dry,988,166,72,49,22.947263032655073,4.050535475234271,2.1353309076673157,0.6663556919169559
BRAGANCA,GETAFE,0.33392945921896694,wet-wet,351,117,142,81,52.83235849862226,1.7112676056338028,1.5331513167656954,0.6239832242707805
BRAGANCA,GETAFE,0.33392945921896694,dry-wet,370,133,160,26,24.810341459692307,0.45206766917293234,1.0479501075082118,-0.44484371567975545
BRAGANCA,GUARDA,0.17861565598157245,dry-dry,595,90,32,10,14.393155624189664,2.0659722222222223,0.6947746735395284,0.09302217988932833
BRAGANCA,GUARDA,0.17861565598157245,wet-wet,224,73,28,15,27.04475826496,1.643835616438356,0.5546361277495481,0.23677421828839615
BRAGANCA,GUARDA,0.17861565598157245,dry-wet,287,107,228,75,25.882281430481026,0.882316773241515,2.8977352789184208,-0.04352981815897935
BRAGANCA,LORCA,0.7171210143965437,dry-dry,1085,211,77,14,13.662028154923526,0.934941835415769,1.0247380433742317,-0.020837286308747767
BRAGANCA,LORCA,0.7171210143965437,dry-wet,764,238,162,45,35.52054618299246,0.8916900093370682,1.2668724114818477,0.09328692228269977
BRAGANCA,MONTSERRAT,0.7495117478832102,dry-dry,1051,184,65,19,17.621080710990668,1.6696488294314382,1.0782539568160123,0.18808877006215693
BRAGANCA,MONTSERRAT,0.7495117478832102,wet-wet,197,75,92,38,39.176578479049454,1.084927536231884,0.9699672987093895,0.09173967144861254
BRAGANCA,MONTSERRAT,0.7495117478832102,dry-wet,598,199,201,51,36.36658755621452,0.7624690617265432,1.4023861854281912,-0.13444171602284222
BRAGANCA,OURENSE,0.12064456737178203,dry-dry,834,142,160,118,32.34376639709408,4.331514084507043,3.6483073291860557,0.9026418902461386
BRAGANCA,OURENSE,0.12064456737178203,wet-wet,569,181,159,124,62.834385237525154,2.45164877167379,1.973441763315706,0.8373029259556231
BRAGANCA,OURENSE,0.12064456737178203,dry-wet,204,75,101,7,15.278930602204206,0.18851485148514852,0.4581472474906162,-0.6381101754067614
BRAGANCA,OVIEDO,0.22435278377673468,dry-dry,856,137,168,74,34.15768687563978,2.7521724018074383,2.1664230446697648,0.6116582411353735
BRAGANCA,OVIEDO,0.22435278377673468,wet-wet,424,176,146,76,50.78715089401456,1.2540473225404731,1.4964414947907003,0.24341978630697556
BRAGANCA,OVIEDO,0.22435278377673468,dry-wet,640,136,270,40,48.72420222422616,0.6971677559912854,0.8209472536034997,-0.2910008876023543
BRAGANCA,PAMPLONA,0.46645327053594415,dry-dry,742,121,112,46,23.59703836686225,2.518595041322314,1.9493971779356276,0.46527403249972166
BRAGANCA,PAMPLONA,0.46645327053594415,wet-wet,352,131,95,37,41.86727574145411,1.046524708718361,0.8837451050908749,0.02452755280032491
BRAGANCA,PAMPLONA,0.46645327053594415,dry-wet,523,153,254,57,40.529681732679606,0.7670989655704802,1.406376698834034,-0.18771780206950203
BRAGANCA,PONFERRADA,0.10437614211645599,dry-dry,919,146,134,107,29.5885633104055,5.026221631568187,3.616262096861289,0.916185460808179
BRAGANCA,PONFERRADA,0.10437614211645599,wet-wet,482,155,140,104,50.86933487617428,2.3100460829493086,2.0444537018845628,0.7985336958740791
BRAGANCA,PONFERRADA,0.10437614211645599,dry-wet,198,69,103,6,14.631448200517147,0.16715913887716335,0.41007560685537137,-0.6657146804957131
BRAGANCA,PORTO,0.1860591662914998,dry-dry,1411,196,288,175,48.660673775134434,4.3743799603174605,3.59633326921636,0.9104714741849504
BRAGANCA,PORTO,0.1860591662914998,wet-wet,815,272,226,179,82.70731229500113,2.3731942998438313,2.164258455909452,0.822590620607197
BRAGANCA,PORTO,0.1860591662914998,dry-wet,332,160,134,12,22.80411284630207,0.18582089552238806,0.5262208655464503,-0.625771435531766
BRAGANCA,SORIA,0.3717776204921634,dry-dry,663,114,87,55,20.969319015039375,3.67664851784634,2.6228796443295814,0.7117796323853497
BRAGANCA,SORIA,0.3717776204921634,wet-wet,405,139,133,82,53.73274328950363,1.7963974684913724,1.5260713483061306,0.6009221659957433
BRAGANCA,SORIA,0.3717776204921634,dry-wet,302,81,173,24,24.406614636680462,0.5172339970027832,0.9833399821018453,-0.44528900666614374
BRAGANCA,TARIFA,0.7951340263533716,dry-dry,876,138,89,29,22.353189780797575,2.0683927699071813,1.2973539921766486,0.30012560653413173
BRAGANCA,TARIFA,0.7951340263533716,wet-wet,297,96,91,45,37.30691116081695,1.5298763736263736,1.2062108226012294,0.4094810034706808
BRAGANCA,TARIFA,0.7951340263533716,dry-wet,541,174,209,54,35.91197295149885,0.803332783369081,1.5036767841446652,-0.1337776453478108
BRAGANCA,TAVIRA,0.6434725936071012,dry-dry,646,121,67,40,15.010814711771227,3.1873689404218575,2.6647454364107683,0.580337945627041
BRAGANCA,TAVIRA,0.6434725936071012,wet-wet,175,61,88,44,28.078546027242115,1.4344262295081966,1.5670327073670665,0.494565814613025
BRAGANCA,TAVIRA,0.6434725936071012,dry-wet,295,104,95,15,18.500574196803512,0.4478744939271255,0.8107856459175017,-0.4024340815535552
BRAGANCA,TORREVIEJA,0.7409251484698183,dry-dry,1382,269,104,22,19.15664584797061,1.0867886760080068,1.1484265134196552,0.03481979309222204
BRAGANCA,TORREVIEJA,0.7409251484698183,wet-wet,113,36,78,27,27.6337115745706,1.0865384615384615,0.977067446301576,0.1546998813996418
BRAGANCA,TORREVIEJA,0.7409251484698183,dry-wet,930,277,224,53,46.728326171417024,0.7943849922640537,1.134215674783131,0.08762387845887126
BRAGANCA,VALENCIA,0.6401888244730894,dry-dry,839,162,71,14,14.202113246462538,1.0212137019648757,0.9857687906753679,0.010530703110011799
BRAGANCA,VALENCIA,0.6401888244730894,wet-wet,152,51,76,24,27.416512098897456,0.9411764705882353,0.8753848743934554,-0.07095629468587754
BRAGANCA,VALENCIA,0.6401888244730894,dry-wet,636,178,187,43,35.91564638054379,0.8216066814877125,1.1972497875826604,-0.04032726233274216
BRAGANCA,VANDELLOS,0.6744162478337545,dry-dry,812,143,57,18,14.348438133084873,1.7931542142068457,1.254491940728747,0.2075143677000655
BRAGANCA,VANDELLOS,0.6744162478337545,wet-wet,137,44,75,24,27.905925845818572,0.9963636363636363,0.860032386404272,0.010140901536276226
BRAGANCA,VANDELLOS,0.6744162478337545,dry-wet,517,159,153,36,30.09017914391857,0.7650758416574177,1.1964036447844095,-0.1557453125192989
BRAGANCA,VIMIANZO,0.2638751617933556,dry-dry,953,104,230,80,37.0981497760104,3.1872909698996654,2.156441776288589,0.7323789120002062
BRAGANCA,VIMIANZO,0.2638751617933556,wet-wet,700,236,107,76,52.99469342174678,2.1067638206874704,1.434105852734546,0.594897969600328
BRAGANCA,VIMIANZO,0.2638751617933556,dry-wet,658,206,193,20,32.2142328763154,0.3310025655214045,0.6208435903716469,-0.4586627737234525
BRAGANCA,ZAMORA,0.0962742235541101,dry-dry,994,181,102,91,27.69661133478923,4.899469179937168,3.285600498198727,0.8585806215963512
BRAGANCA,ZAMORA,0.0962742235541101,wet-wet,453,159,195,132,67.34034067346093,1.9285921625544267,1.9601920435787412,0.8174644015115301
BRAGANCA,ZAMORA,0.0962742235541101,dry-wet,250,82,134,11,18.987672794455786,0.2502730251183109,0.579323233503997,-0.6599508861288033
CADIZ,CAMPDEVANOL,1.0717890415033757,dry-dry,1003,148,85,30,16.337585414047197,2.391891891891892,1.8362566584781703,0.3497908758718499
CADIZ,CAMPDEVANOL,1.0717890415033757,wet-wet,198,88,92,53,43.54079903306797,1.296195652173913,1.2172491359138367,0.3371490741297801
CADIZ,CAMPDEVANOL,1.0717890415033757,dry-wet,461,165,204,49,31.473602761501837,0.6710932857991682,1.5568602162043,-0.16495514580543533
CADIZ,CAMPI,0.594807536450854,dry-dry,477,61,82,30,12.929745295149127,2.8608556577369053,2.3202313205083125,0.5244855976277715
CADIZ,CAMPI,0.594807536450854,wet-wet,215,87,39,24,22.97507832426746,1.5207780725022104,1.0446101493656266,0.3631884399316802
CADIZ,CAMPI,0.594807536450854,dry-wet,329,74,128,21,18.26084559046556,0.7294130067567568,1.15000150984052,-0.21348819405821323
CADIZ,CUENCA,0.6049412438117716,dry-dry,1211,157,156,93,26.005957514085992,4.598358647721705,3.5761036658476058,0.76787072789118
CADIZ,CUENCA,0.6049412438117716,wet-wet,417,169,138,90,68.36745377281538,1.6092101878055056,1.3164158533542794,0.5380351048701305
CADIZ,CUENCA,0.6049412438117716,dry-wet,365,141,192,38,27.590655760368733,0.5123374704491725,1.377277884586682,-0.35576442535659963
CADIZ,DAROCA,0.7578655035387859,dry-dry,940,121,119,48,21.543983184111106,3.133550941037572,2.2280002537042667,0.5687196718870238
CADIZ,DAROCA,0.7578655035387859,wet-wet,230,111,123,74,51.549416510209866,1.2466124661246611,1.4355157635071112,0.36130109078959705
CADIZ,DAROCA,0.7578655035387859,dry-wet,350,113,190,33,29.04798159911293,0.5379599441080578,1.1360513943938795,-0.35407312224624793
CADIZ,ENCISO,0.8447094329758403,dry-dry,340,44,56,19,5.584184918433286,2.6217532467532467,3.402466121292181,0.457475433008983
CADIZ,ENCISO,0.8447094329758403,dry-wet,142,52,65,13,11.140442275028647,0.5461538461538461,1.1669195601991098,-0.2697900366769885
CADIZ,EXTREMO,0.7686705679666319,dry-dry,542,58,103,25,14.137132672345293,2.268162035487111,1.7683925431996812,0.41658211264495504
CADIZ,EXTREMO,0.7686705679666319,wet-wet,266,106,45,23,24.870133320063893,1.2825995807127883,0.924804049258748,0.22596123880994795
CADIZ,EXTREMO,0.7686705679666319,dry-wet,474,114,148,25,23.17447464080108,0.7023470839260313,1.0787731065102504,-0.22593300191036325
CADIZ,FISTERRA,0.914597475652859,dry-dry,383,31,98,15,12.651337991973993,1.891046741277156,1.1856453451418338,0.23781971630923435
CADIZ,FISTERRA,0.914597475652859,wet-wet,136,68,31,18,16.04468557985315,1.1612903225806452,1.1218667957321695,0.14881700872976653
CADIZ,FISTERRA,0.914597475652859,dry-wet,351,109,120,31,20.879539375924796,0.8318807339449541,1.4847070829419076,-0.10399270014669325
CADIZ,GETAFE,0.5630490639145191,dry-dry,1110,135,138,87,22.73575173160736,5.183574879227053,3.8265723969466183,0.806247644686215
CADIZ,GETAFE,0.5630490639145191,wet-wet,354,141,154,105,63.00164573814309,1.7117988394584138,1.6666231297578604,0.7111970179754737
CADIZ,GETAFE,0.5630490639145191,dry-wet,272,113,119,17,19.432013522322375,0.3438685208596713,0.8748450066932787,-0.4917856672359605
CADIZ,GUARDA,0.5556891139451701,dry-dry,458,52,74,26,10.623322781568397,3.0945945945945947,2.4474451670724284,0.5615132949370528
CADIZ,GUARDA,0.5556891139451701,wet-wet,145,62,33,21,21.294729224029716,1.4882697947214076,0.9861595223433444,0.300519697293759
CADIZ,GUARDA,0.5556891139451701,dry-wet,196,60,109,21,13.741459670684657,0.6293577981651376,1.5282219286208982,-0.2639172858044707
CADIZ,LORCA,0.4288301474473304,dry-dry,1410,209,75,33,14.68853155366904,2.968421052631579,2.246650720626797,0.4006365263707045
CADIZ,LORCA,0.4288301474473304,wet-wet,154,62,91,42,40.13525524789736,1.1464019851116625,1.0464615147103202,0.2379712263649144
CADIZ,LORCA,0.4288301474473304,dry-wet,508,209,138,26,24.57159721245958,0.45794327716524513,1.0581322726068503,-0.30232820528874
CADIZ,MONTSERRAT,0.9905720963354331,dry-dry,1335,183,93,38,18.72903382431066,2.980786180151595,2.028935414205683,0.4433883940589879
CADIZ,MONTSERRAT,0.9905720963354331,wet-wet,223,102,105,59,51.15926090056608,1.2284780578898227,1.153261383401791,0.26451143193990156
CADIZ,MONTSERRAT,0.9905720963354331,dry-wet,491,202,218,61,32.6330991211255,0.6801480606776273,1.869267757058072,-0.16383080337801317
CADIZ,OURENSE,0.8060136534809668,dry-dry,735,77,156,42,20.79919422343516,2.56993006993007,2.0193089957627866,0.4870701689066309
CADIZ,OURENSE,0.8060136534809668,wet-wet,331,141,83,46,41.740288675076094,1.3010339229257455,1.1020527519127452,0.26731864555070084
CADIZ,OURENSE,0.8060136534809668,dry-wet,503,174,164,27,31.589375421260815,0.4759251471825063,0.8547177536732178,-0.38300244694410046
CADIZ,OVIEDO,0.9344404310848965,dry-dry,848,106,211,52,28.901963046806713,1.971563981042654,1.7991857478949105,0.37568706867515195
CADIZ,OVIEDO,0.9344404310848965,wet-wet,298,147,96,54,41.868640948591015,1.1403061224489797,1.289748097300427,0.1505615721367814
CADIZ,OVIEDO,0.9344404310848965,dry-wet,754,195,273,61,50.33563593020362,0.863980463980464,1.2118650906602986,-0.0956229783202322
CADIZ,PAMPLONA,0.9506366288314548,dry-dry,880,118,174,55,24.805882082195183,2.3572959283070327,2.217216054553332,0.4318110253901546
CADIZ,PAMPLONA,0.9506366288314548,wet-wet,304,142,100,51,42.54988079949871,1.0918309859154929,1.1985932520074378,0.10814511754731
CADIZ,PAMPLONA,0.9506366288314548,dry-wet,667,171,260,48,43.83329096790449,0.7201079622132254,1.0950580926069742,-0.21790108319286933
CADIZ,PONFERRADA,0.8268519850314745,dry-dry,836,92,147,47,21.41743675403187,2.9053534457261163,2.1944736216462584,0.5540029691715311
CADIZ,PONFERRADA,0.8268519850314745,wet-wet,297,135,97,60,36.318349495647425,1.3608247422680413,1.6520574539652664,0.3808888187525713
CADIZ,PONFERRADA,0.8268519850314745,dry-wet,486,181,157,35,28.691767948386225,0.5985853538374917,1.2198620894662777,-0.2719195381839105
CADIZ,PORTO,0.6785283486645897,dry-dry,859,75,171,35,22.98427996768779,2.344249512670565,1.5227799195452014,0.3885510755518829
CADIZ,PORTO,0.6785283486645897,wet-wet,374,135,93,45,43.085456601739565,1.3405017921146953,1.0444359547110644,0.2696236979573952
CADIZ,PORTO,0.6785283486645897,dry-wet,563,207,181,40,33.68651109023721,0.6010622681292871,1.1874189016740448,-0.2935951516149988
CADIZ,SORIA,0.7907146176192608,dry-dry,648,101,115,55,17.78418295319964,3.0684459750322857,3.092635750809383,0.6362342218590513
CADIZ,SORIA,0.7907146176192608,wet-wet,321,128,114,74,50.065859040191626,1.6278782894736843,1.4780531367811873,0.5654900277086787
CADIZ,SORIA,0.7907146176192608,dry-wet,345,120,155,29,24.844721047023107,0.5379032258064517,1.1672499741539573,-0.3406473282770039
CADIZ,TARIFA,0.08765658666392612,dry-dry,1227,172,188,132,29.985745788573674,5.0087827808015835,4.402091611484939,0.8927162633500213
CADIZ,TARIFA,0.08765658666392612,wet-wet,442,188,153,129,66.67705506956526,1.9822695035460993,1.9346985235837455,0.8250351650018993
CADIZ,TARIFA,0.08765658666392612,dry-wet,221,75,125,8,15.660977266079517,0.18858666666666668,0.5108238051866272,-0.6718236079754337
CADIZ,TAVIRA,0.14776927129606074,dry-dry,565,62,72,36,11.337197588408175,4.556451612903226,3.175387896282988,0.7484634565150597
CADIZ,TAVIRA,0.14776927129606074,wet-wet,149,52,73,41,27.56925560740646,1.6093256059009484,1.4871638387285793,0.6356793110244049
CADIZ,TAVIRA,0.14776927129606074,dry-wet,135,72,45,7,9.80990099991022,0.2916666666666667,0.713564795410684,-0.5937613250147388
CADIZ,TORREVIEJA,0.5243109158763477,dry-dry,1083,174,70,28,13.14050259326438,2.489655172413793,2.130816519480189,0.3702963827496588
CADIZ,TORREVIEJA,0.5243109158763477,wet-wet,145,61,92,42,39.91097752835279,1.085174625801853,1.0523420522627682,0.15425121825564317
CADIZ,TORREVIEJA,0.5243109158763477,dry-wet,493,173,157,26,26.733586301603125,0.4719266595486175,0.9725593755612529,-0.3201078866220421
CADIZ,VALENCIA,0.6552480366137539,dry-dry,1068,170,59,28,15.277745569955659,2.981455633100698,1.8327311363964065,0.40529972672066666
CADIZ,VALENCIA,0.6552480366137539,wet-wet,197,80,105,51,40.54008295368282,1.1960714285714287,1.2580141993855234,0.27942086127381355
CADIZ,VALENCIA,0.6552480366137539,dry-wet,445,174,166,36,26.820555233663736,0.5546323223930204,1.3422540915489591,-0.2542052477162464
CADIZ,VANDELLOS,0.8695847380221294,dry-dry,955,139,63,27,14.720013473669026,2.944501541623844,1.8342374515007924,0.44546017355778417
CADIZ,VANDELLOS,0.8695847380221294,wet-wet,160,65,84,40,38.15834399939619,1.1721611721611722,1.0482635200477504,0.2407148185017283
CADIZ,VANDELLOS,0.8695847380221294,dry-wet,391,151,150,35,25.468834637963887,0.6041942604856512,1.3742285619864578,-0.2624531525248754
CADIZ,VIMIANZO,0.9261247633723952,dry-dry,789,77,199,37,25.391610790424615,1.905175226783267,1.4571741944765868,0.38064789693567397
CADIZ,VIMIANZO,0.9261247633723952,wet-wet,401,180,66,32,35.63396760854156,1.08013468013468,0.8980195624449496,0.07032585122343595
CADIZ,VIMIANZO,0.9261247633723952,dry-wet,945,233,229,40,42.847143711191414,0.7084356316884383,0.9335511433298235,-0.1973746495901153
CADIZ,ZAMORA,0.684990967360994,dry-dry,1191,132,162,67,26.018471521984658,3.73162177328844,2.5750936192922573,0.6365247126994173
CADIZ,ZAMORA,0.684990967360994,wet-wet,332,133,162,96,57.62320912267384,1.4792536897800055,1.665995376891036,0.5609290783414075
CADIZ,ZAMORA,0.684990967360994,dry-wet,410,188,170,47,30.41856151690283,0.6029411764705882,1.5451092246384919,-0.28161213537428825
CAMPDEVANOL,CAMPI,0.930551267779798,dry-dry,566,43,107,24,12.317435322014735,2.952401651814823,1.9484575621927744,0.5317429384617762
CAMPDEVANOL,CAMPI,0.930551267779798,wet-wet,148,82,47,33,21.141224901542977,1.2672548002075765,1.5609313156491476,0.32645529343121366
CAMPDEVANOL,CAMPI,0.930551267779798,dry-wet,370,89,104,13,17.701809063484077,0.5196629213483146,0.7343882172368961,-0.32374236275341406
CAMPDEVANOL,CUENCA,0.47647032386013677,dry-dry,1127,79,165,40,19.28737400352917,3.4583812811660914,2.0738955957758103,0.5241790519878807
CAMPDEVANOL,CUENCA,0.47647032386013677,wet-wet,240,117,104,71,52.07704703029312,1.4003944773175543,1.3633645540366264,0.49511735773720933
CAMPDEVANOL,CUENCA,0.47647032386013677,dry-wet,424,178,152,36,28.831230473439334,0.5641632170313424,1.248645978990209,-0.2887388493986977
CAMPDEVANOL,DAROCA,0.3467956985495724,dry-dry,965,83,145,48,17.94521218239832,3.8487744079767343,2.6748081612030825,0.6603954261804619
CAMPDEVANOL,DAROCA,0.3467956985495724,wet-wet,175,91,111,72,52.25796612560496,1.2474012474012475,1.377780371837357,0.49127732588570033
CAMPDEVANOL,DAROCA,0.3467956985495724,dry-wet,279,108,129,20,22.455055747064602,0.4005167958656331,0.8906680181639925,-0.4918333577512689
CAMPDEVANOL,ENCISO,0.38762069543729993,dry-dry,209,28,44,16,3.2740725072929484,2.7142857142857144,4.886880166630469,0.5317373404350954
CAMPDEVANOL,EXTREMO,0.9290053864072733,dry-dry,627,51,124,30,13.722594633828,2.97438330170778,2.1861754865254164,0.5482950982581608
CAMPDEVANOL,EXTREMO,0.9290053864072733,wet-wet,179,102,41,30,22.735097252817425,1.284074605451937,1.3195457079596296,0.3246499793278034
CAMPDEVANOL,EXTREMO,0.9290053864072733,dry-wet,497,98,123,13,20.327390232665316,0.5360046457607434,0.6395311867978759,-0.26483301710121965
CAMPDEVANOL,FISTERRA,1.0045598354012788,dry-dry,244,21,62,9,6.797838459152766,1.6866359447004609,1.3239502606717866,0.19672520355427903
CAMPDEVANOL,FISTERRA,1.0045598354012788,dry-wet,253,62,69,16,15.284990649224632,0.946236559139785,1.0467785271960006,-0.04805610550552707
CAMPDEVANOL,GETAFE,0.5769152621649386,dry-dry,965,70,129,30,14.974374376213609,3.2059800664451825,2.0034225969169164,0.4777083692383169
CAMPDEVANOL,GETAFE,0.5769152621649386,wet-wet,189,79,92,55,43.73229682626593,1.4302421574023114,1.2576517583445699,0.44442712227029096
CAMPDEVANOL,GETAFE,0.5769152621649386,dry-wet,366,178,131,35,25.750228120876592,0.5493610086628355,1.3592112596324653,-0.2974906222652399
CAMPDEVANOL,GUARDA,0.8518445380091043,dry-dry,546,42,98,23,10.16711625560406,3.0510204081632653,2.262195043488612,0.5325503682304702
CAMPDEVANOL,GUARDA,0.8518445380091043,dry-wet,239,69,85,11,13.618180693626204,0.4482523444160273,0.8077437249124175,-0.35927436808281626
CAMPDEVANOL,LORCA,0.7075167147417136,dry-dry,1253,131,81,17,10.752047420015408,2.007445104137216,1.581094217307278,0.2301633903202259
CAMPDEVANOL,LORCA,0.7075167147417136,dry-wet,406,191,116,22,22.931367498349154,0.4031413612565445,0.9593845635932439,-0.3064512281673554
CAMPDEVANOL,MONTSERRAT,0.09030225521937843,dry-dry,1308,134,132,78,16.14336842280666,5.76797829036635,4.831705376295875,0.8107260822738717
CAMPDEVANOL,MONTSERRAT,0.09030225521937843,wet-wet,269,129,145,111,82.9859997267042,1.5963111467522053,1.3375750170577403,0.829103184610682
CAMPDEVANOL,MONTSERRAT,0.09030225521937843,dry-wet,209,108,87,12,14.077121358232157,0.2669220945083014,0.8524470092020996,-0.5773191489583305
CAMPDEVANOL,OURENSE,0.8751417513397731,dry-dry,620,36,138,11,14.499653773047562,1.3727858293075685,0.7586388042207715,0.05894922033354423
CAMPDEVANOL,OURENSE,0.8751417513397731,wet-wet,179,87,56,29,29.230398766955872,1.0654761904761905,0.9921178370232728,0.07921050714210451
CAMPDEVANOL,OURENSE,0.8751417513397731,dry-wet,521,166,162,43,30.540816405016546,0.8330730328722297,1.4079518841198018,-0.12284438553705726
CAMPDEVANOL,OVIEDO,0.7184696533269695,dry-dry,742,59,204,30,21.40979943296704,1.8494516450648055,1.4012275123794795,0.29395557253191906
CAMPDEVANOL,OVIEDO,0.7184696533269695,wet-wet,200,111,77,49,36.688153941219326,1.1466011466011465,1.3355809637766551,0.2068461472826331
CAMPDEVANOL,OVIEDO,0.7184696533269695,dry-wet,616,159,231,46,39.040631845723226,0.7714884696016772,1.1782596188959773,-0.17642428733829268
CAMPDEVANOL,PAMPLONA,0.3418258987508539,dry-dry,770,72,165,45,18.035229313906722,2.9166666666666665,2.495116597453025,0.563143264767541
CAMPDEVANOL,PAMPLONA,0.3418258987508539,wet-wet,232,127,74,47,42.82624352354813,1.1602468610342627,1.0974579167597764,0.2007298416594207
CAMPDEVANOL,PAMPLONA,0.3418258987508539,dry-wet,501,138,183,27,30.477808820982602,0.5356379187455452,0.8858904574994155,-0.31103643450538787
CAMPDEVANOL,PONFERRADA,0.7665255483779059,dry-dry,696,45,123,14,13.93522349470362,1.7604336043360433,1.0046484008900898,0.2207453668874728
CAMPDEVANOL,PONFERRADA,0.7665255483779059,wet-wet,162,81,62,38,25.837626627675185,1.2258064516129032,1.4707233194281653,0.23320923562920812
CAMPDEVANOL,PONFERRADA,0.7665255483779059,dry-wet,497,171,148,44,30.226863445373287,0.8640746009167062,1.4556588075874248,-0.06873409354622256
CAMPDEVANOL,PORTO,0.9561303283378876,dry-dry,871,47,170,12,18.5072364702459,1.3081351689612015,0.6483950220927047,0.06601493893382544
CAMPDEVANOL,PORTO,0.9561303283378876,wet-wet,197,97,61,32,29.633482491944065,1.06540476592868,1.079859581427842,0.057435116223049185
CAMPDEVANOL,PORTO,0.9561303283378876,dry-wet,683,210,200,58,38.23517536712978,0.9431904761904762,1.516927788171249,-0.037566117671353545
CAMPDEVANOL,SORIA,0.41037893444346774,dry-dry,632,48,124,28,13.434312778842276,2.9731182795698925,2.0842152822358915,0.5130503784635286
CAMPDEVANOL,SORIA,0.41037893444346774,wet-wet,199,90,86,53,41.15576140917321,1.3626614987080103,1.2877905349161352,0.3826941839075897
CAMPDEVANOL,SORIA,0.41037893444346774,dry-wet,361,146,137,40,24.299564299595502,0.7219278072192781,1.6461200500070634,-0.19459643724673395
CAMPDEVANOL,TARIFA,1.0839945897290157,dry-dry,955,71,135,31,17.395459147853963,3.0886802295252997,1.7820742606741942,0.49874102195723
CAMPDEVANOL,TARIFA,1.0839945897290157,wet-wet,207,95,90,55,40.82875091141916,1.331578947368421,1.3470899494164386,0.3515522238375412
CAMPDEVANOL,TARIFA,1.0839945897290157,dry-wet,407,162,150,42,27.253581989673386,0.7034567901234567,1.5410818297541276,-0.16365925866182907
CAMPDEVANOL,TAVIRA,1.1036618996395817,dry-dry,588,39,73,6,8.475467002524738,1.2391991570073762,0.7079255925617637,0.03345758909200392
CAMPDEVANOL,TAVIRA,1.1036618996395817,dry-wet,240,105,93,34,17.209096920621853,0.8356374807987711,1.9756992570166434,0.0480839352254809
CAMPDEVANOL,TORREVIEJA,0.6306718076793942,dry-dry,1217,129,108,31,11.659602712695788,2.7079385587137526,2.6587526834207686,0.3712243108534656
CAMPDEVANOL,TORREVIEJA,0.6306718076793942,wet-wet,105,48,73,38,39.446067365399315,1.1386986301369864,0.9633406455451183,0.3074651715532674
CAMPDEVANOL,TORREVIEJA,0.6306718076793942,dry-wet,376,167,114,17,22.929776640442842,0.3357495535245299,0.7413940513496288,-0.47410236310826037
CAMPDEVANOL,VALENCIA,0.43415396772255566,dry-dry,995,100,96,39,11.776346794395193,4.0421875,3.311723124404044,0.6190504014403262
CAMPDEVANOL,VALENCIA,0.43415396772255566,wet-wet,175,74,86,49,48.99192687780268,1.3474230043997486,1.000164784745402,0.4378919461295519
CAMPDEVANOL,VALENCIA,0.43415396772255566,dry-wet,308,136,113,21,20.171576527749288,0.4208745445080687,1.0410688510692796,-0.3554860464356441
CAMPDEVANOL,VANDELLOS,0.20610674919433536,dry-dry,1024,110,99,48,13.152062976962856,4.513498622589531,3.649617560688142,0.6876873964726398
CAMPDEVANOL,VANDELLOS,0.20610674919433536,wet-wet,158,72,89,58,50.76176560945102,1.4300873907615481,1.1425922503609949,0.6524698856218213
CAMPDEVANOL,VANDELLOS,0.20610674919433536,dry-wet,232,127,79,14,16.035282501316548,0.3237316854380544,0.8730747337223748,-0.5140765250138721
CAMPDEVANOL,VIMIANZO,0.9852292676745756,dry-dry,749,54,186,17,20.48819113731809,1.2677220230983672,0.8297462614469393,0.09075897172466404
CAMPDEVANOL,VIMIANZO,0.9852292676745756,wet-wet,259,140,53,32,29.61905900296847,1.1169811320754717,1.0803854368497294,0.12226937248921718
CAMPDEVANOL,VIMIANZO,0.9852292676745756,dry-wet,865,191,203,35,36.90220306748664,0.7808268640548836,0.9484528589253087,-0.2065274957670169
CAMPDEVANOL,ZAMORA,0.696348196416862,dry-dry,895,66,152,24,16.1173075565412,2.1411483253588517,1.489082460938683,0.2549358818172766
CAMPDEVANOL,ZAMORA,0.696348196416862,wet-wet,175,74,97,54,39.682620216443084,1.3165227082752855,1.3607972383241038,0.3153056998551201
CAMPDEVANOL,ZAMORA,0.696348196416862,dry-wet,455,208,161,54,32.83076692432695,0.7336956521739131,1.6447986160197514,-0.15951316863811263
CAMPI,CUENCA,0.5378713541269116,dry-dry,555,105,61,40,15.091891690528415,3.4660421545667446,2.650429834790278,0.6699968761607386
CAMPI,CUENCA,0.5378713541269116,wet-wet,273,44,114,30,28.30031463279562,1.6327751196172249,1.060058885890785,0.39362607356677987
CAMPI,CUENCA,0.5378713541269116,dry-wet,330,131,80,15,17.784793154127733,0.4723282442748092,0.8434171749992267,-0.42610717855621105
CAMPI,DAROCA,0.5972641924112667,dry-dry,419,81,55,33,12.850554938101272,3.1037037037037036,2.5679824847218544,0.647004742602549
CAMPI,DAROCA,0.5972641924112667,wet-wet,156,36,86,25,22.617193595397715,1.2596899224806202,1.1053537608258857,0.28349091276716515
CAMPI,DAROCA,0.5972641924112667,dry-wet,256,89,82,13,15.262367519526473,0.4560153466703206,0.8517682452193587,-0.43624686815768043
CAMPI,EXTREMO,0.17576614495042542,dry-dry,670,109,137,92,26.562553765628053,4.127770709167615,3.4635224011874945,0.885496661290343
CAMPI,EXTREMO,0.17576614495042542,wet-wet,533,127,106,73,32.28922852099302,2.8902837616995987,2.2608158616282408,0.7738739236529122
CAMPI,EXTREMO,0.17576614495042542,dry-wet,206,109,80,19,13.418773586570236,0.4488532110091743,1.415926714719709,-0.34182512858314007
CAMPI,GETAFE,0.3959723204893544,dry-dry,413,73,39,23,10.372624246223115,3.3364945556726378,2.217375222897404,0.6590764323195578
CAMPI,GETAFE,0.3959723204893544,wet-wet,195,34,80,19,21.86281442889127,1.3621323529411764,0.869055540026534,0.25630881054059923
CAMPI,GETAFE,0.3959723204893544,dry-wet,278,118,67,17,15.496068334514423,0.5977738426511511,1.0970524673110706,-0.31920752829058713
CAMPI,GUARDA,0.08885525402102486,dry-dry,617,114,87,73,21.5016275511445,4.54133897963299,3.3950918285771494,0.9124244375200243
CAMPI,GUARDA,0.08885525402102486,wet-wet,324,91,119,73,31.249918983453775,2.184135192538554,2.3360060561645644,0.7817959587772371
CAMPI,GUARDA,0.08885525402102486,dry-wet,178,58,84,10,11.3705983828311,0.36535303776683087,0.8794611913388289,-0.49437647842357624
CAMPI,LORCA,0.703582217755221,dry-dry,429,106,33,11,6.731474477579706,1.349056603773585,1.6341144925435471,0.07921105850767508
CAMPI,LORCA,0.703582217755221,dry-wet,469,112,55,9,16.344859576948245,0.6852272727272727,0.550631833674058,-0.05481499666414217
CAMPI,MONTSERRAT,0.8866835084331894,dry-dry,535,110,48,26,11.00174273683814,2.634469696969697,2.363261950576414,0.4702041550012603
CAMPI,MONTSERRAT,0.8866835084331894,wet-wet,132,37,74,25,20.264289079346298,1.2052593133674214,1.2336973629872077,0.2581743229198682
CAMPI,MONTSERRAT,0.8866835084331894,dry-wet,380,112,74,12,16.506245234382124,0.5501930501930502,0.726997559384631,-0.3206283111664795
CAMPI,OURENSE,0.2263753720251343,dry-dry,286,21,46,12,10.598892475877928,3.5527950310559007,1.132193767161131,0.4317219851472104
CAMPI,OURENSE,0.2263753720251343,wet-wet,264,27,78,18,20.751666095145485,2.2564102564102564,0.867400232707619,0.4151136463596184
CAMPI,OURENSE,0.2263753720251343,dry-wet,235,170,88,52,18.831490503057985,0.8168449197860963,2.7613321415825203,-0.0856215798802529
CAMPI,OVIEDO,0.41781324005064313,dry-dry,388,56,79,27,18.463086935764924,2.367992766726944,1.4623773420953885,0.4895543710695278
CAMPI,OVIEDO,0.41781324005064313,wet-wet,265,56,96,26,23.40363421042668,1.2816220238095237,1.1109385733099775,0.18323535201670635
CAMPI,OVIEDO,0.41781324005064313,dry-wet,338,136,128,38,25.840671327921115,0.7378216911764706,1.4705500301356569,-0.1531596019211357
CAMPI,PAMPLONA,0.6440568746726213,dry-dry,284,43,45,18,11.56167039892469,2.641860465116279,1.5568684609512926,0.4806652095089792
CAMPI,PAMPLONA,0.6440568746726213,wet-wet,201,44,61,26,17.599992240678645,1.9470938897168406,1.4772733785590269,0.5596424161340476
CAMPI,PAMPLONA,0.6440568746726213,dry-wet,175,64,67,8,11.968744840559683,0.32649253731343286,0.6684075988394037,-0.49495360657739695
CAMPI,PONFERRADA,0.293050249115832,dry-dry,296,34,38,14,9.769822977327028,3.2074303405572757,1.432983999043791,0.5480875753417976
CAMPI,PONFERRADA,0.293050249115832,wet-wet,219,24,66,14,16.749490175299023,1.9356060606060606,0.8358463364243899,0.30602524861482744
CAMPI,PONFERRADA,0.293050249115832,dry-wet,183,127,66,31,13.279475971734438,0.67680744452398,2.334429465890368,-0.1719618704481237
CAMPI,PORTO,0.08517060085701143,dry-dry,611,23,105,9,20.328180532262458,2.2770186335403726,0.4427351471872397,0.17947075711962712
CAMPI,PORTO,0.08517060085701143,wet-wet,433,33,116,17,30.86733327793162,1.9229362591431558,0.5507440453935821,0.23622707541199287
CAMPI,PORTO,0.08517060085701143,dry-wet,365,291,128,92,27.628122966352535,0.9015249140893471,3.3299402971401295,0.0005210574501609454
CAMPI,SORIA,0.5224363497600538,dry-dry,272,47,37,19,9.38821053462023,2.9718228867165037,2.023814861195865,0.5914554289690127
CAMPI,SORIA,0.5224363497600538,wet-wet,213,28,79,15,20.880038757972677,1.444394213381555,0.7183894711053883,0.24769003314143492
CAMPI,SORIA,0.5224363497600538,dry-wet,196,96,72,16,13.481602546769548,0.4537037037037037,1.1868025291870001,-0.4027943479547689
CAMPI,TARIFA,0.6756820176917664,dry-dry,442,78,55,29,13.110540801953839,2.987878787878788,2.211960622988045,0.6183516669622252
CAMPI,TARIFA,0.6756820176917664,wet-wet,188,40,74,24,17.918207310951374,1.5243243243243243,1.3394197077590186,0.37061660574124305
CAMPI,TARIFA,0.6756820176917664,dry-wet,323,104,68,12,17.812086783100998,0.5480769230769231,0.6736998391106457,-0.31210261244495663
CAMPI,TAVIRA,0.48806462358252617,dry-dry,548,92,59,23,13.245107455454114,2.3220338983050848,1.736490253276804,0.3719491887038922
CAMPI,TAVIRA,0.48806462358252617,wet-wet,163,25,91,13,19.40442337154343,0.9314285714285714,0.6699503381824007,-0.2052845322792963
CAMPI,TAVIRA,0.48806462358252617,dry-wet,405,157,101,32,22.285676515098015,0.817304660402346,1.4358998695112875,-0.18545928477333792
CAMPI,TORREVIEJA,0.7517701721644506,dry-dry,678,146,62,22,11.245680918807018,1.6478126380910296,1.9563066175217283,0.23359256300354464
CAMPI,TORREVIEJA,0.7517701721644506,dry-wet,590,151,87,15,21.993960147532597,0.6736697876227449,0.6820054187323233,-0.1551436696520777
CAMPI,VALENCIA,0.7046211963773623,dry-dry,304,75,42,23,6.75187085928277,2.2196825396825397,3.4064632572731433,0.48017300762955234
CAMPI,VALENCIA,0.7046211963773623,dry-wet,344,82,61,14,15.53423705959154,0.9628148740503798,0.9012351199672061,0.033132701950532466
CAMPI,VANDELLOS,0.7943343344562259,dry-dry,540,109,45,20,11.272189715863572,2.2018348623853212,1.77427815749531,0.3372699025632812
CAMPI,VANDELLOS,0.7943343344562259,dry-wet,391,110,71,11,16.56721835705012,0.5507042253521127,0.6639617926758954,-0.26749482674932623
CAMPI,VIMIANZO,0.33188331535077403,dry-dry,426,33,104,16,19.452501084883433,1.986013986013986,0.822516340196152,0.252348888223857
CAMPI,VIMIANZO,0.33188331535077403,wet-wet,441,79,70,20,23.29531518759929,1.5949367088607596,0.8585417213262917,0.27114156446882653
CAMPI,VIMIANZO,0.33188331535077403,dry-wet,374,195,106,44,23.07893316685053,0.796129656507015,1.9065006030347835,-0.132482135564983
CAMPI,ZAMORA,0.24491799038185072,dry-dry,354,54,44,23,10.036374696409009,3.426767676767677,2.291664141259029,0.635304575758814
CAMPI,ZAMORA,0.24491799038185072,wet-wet,201,20,101,12,22.4011595717335,1.194059405940594,0.5356865550452122,-0.10197833611091522
CAMPI,ZAMORA,0.24491799038185072,dry-wet,251,136,81,29,16.79193591521386,0.6607661583151779,1.727019454244425,-0.2707932148215579
CUENCA,DAROCA,0.15597118520424372,dry-dry,1070,162,132,94,27.41477358805022,4.703516647961092,3.428808182496663,0.8091368991991837
CUENCA,DAROCA,0.15597118520424372,wet-wet,328,143,185,116,71.6457691280435,1.4382158382158383,1.6190767635237155,0.6475156658107387
CUENCA,DAROCA,0.15597118520424372,dry-wet,267,103,141,19,22.49842677369672,0.34930799421607106,0.844503493115937,-0.5389430124112322
CUENCA,ENCISO,0.2839819208102553,dry-dry,245,35,32,22,4.627607823679796,4.8125,4.754076153001654,0.8168227246244216
CUENCA,EXTREMO,0.6103461419028682,dry-dry,654,66,130,39,17.311063255438313,2.9727272727272727,2.2528945463675116,0.5627815532978099
CUENCA,EXTREMO,0.6103461419028682,wet-wet,345,139,44,25,31.446783346858957,1.4102354480052322,0.7949938702553216,0.2552930888675691
CUENCA,EXTREMO,0.6103461419028682,dry-wet,500,135,155,25,23.6745593164715,0.5973715651135006,1.055985865071893,-0.25873432769716614
CUENCA,FISTERRA,0.7362258957942696,dry-dry,364,27,83,10,12.276691787235634,1.6242748772869255,0.814551686505418,0.1571199219597319
CUENCA,FISTERRA,0.7362258957942696,wet-wet,135,54,29,14,14.966798892433324,1.206896551724138,0.935403762729644,0.16183561749840755
CUENCA,FISTERRA,0.7362258957942696,dry-wet,277,99,98,19,18.232165533532118,0.5424654710368996,1.0421142768288112,-0.30921472321283155
CUENCA,GETAFE,0.1423490767424703,dry-dry,1149,156,147,117,25.56454836157611,5.862244897959184,4.576650381035196,0.9306577458228611
CUENCA,GETAFE,0.1423490767424703,wet-wet,430,152,195,126,74.04055460721295,1.8279352226720649,1.7017700727450413,0.7728479222580635
CUENCA,GETAFE,0.1423490767424703,dry-wet,207,124,79,16,16.46142679438741,0.338097182523479,0.9719692101935699,-0.5169395842021755
CUENCA,GUARDA,0.44932456521916075,dry-dry,555,58,83,31,12.895126891577025,3.5739509763190696,2.4040089144255656,0.6453299480843421
CUENCA,GUARDA,0.44932456521916075,wet-wet,180,78,40,30,25.232953989980334,1.7307692307692308,1.18892144026865,0.48552121832434647
CUENCA,GUARDA,0.44932456521916075,dry-wet,215,55,127,23,14.990565205337068,0.7079455977093773,1.5342983860149146,-0.25872291706642575
CUENCA,LORCA,0.33099917544519153,dry-dry,1354,196,79,32,15.009515972339223,2.7982433479721003,2.131980808639815,0.4029016132683347
CUENCA,LORCA,0.33099917544519153,wet-wet,153,73,102,54,39.377226740100966,1.1095890410958904,1.3713510186081108,0.2606077548612737
CUENCA,LORCA,0.33099917544519153,dry-wet,551,210,126,23,26.529255408266494,0.4789493575207861,0.8669674156340332,-0.298438203044371
CUENCA,MONTSERRAT,0.404222775834902,dry-dry,1305,190,100,58,20.086848926682528,3.9836842105263157,2.8874613540282685,0.6403880466357658
CUENCA,MONTSERRAT,0.404222775834902,wet-wet,262,122,141,86,59.161889233801155,1.3098476921288222,1.453638501301702,0.4539928823711452
CUENCA,MONTSERRAT,0.404222775834902,dry-wet,443,177,157,28,27.494951684529887,0.4463636690776926,1.018368765337903,-0.39777802715800675
CUENCA,OURENSE,0.5869958338954031,dry-dry,826,78,167,44,25.617021009206216,2.790112083525257,1.7176079913502562,0.44768318267643153
CUENCA,OURENSE,0.5869958338954031,wet-wet,430,155,110,73,51.08686331602729,1.8410557184750733,1.428938777243307,0.5990599665826465
CUENCA,OURENSE,0.5869958338954031,dry-wet,448,203,162,41,29.68749546324191,0.5585355470412942,1.381052842627458,-0.3047849214089296
CUENCA,OVIEDO,0.5542196369555283,dry-dry,856,110,223,60,32.58323354782558,2.0937627395026497,1.8414378644136766,0.41132774584881376
CUENCA,OVIEDO,0.5542196369555283,wet-wet,372,166,129,78,50.01917439920343,1.3550014009526479,1.5594019880752406,0.36272133560594777
CUENCA,OVIEDO,0.5542196369555283,dry-wet,639,175,257,40,44.0695634751915,0.5683157309616453,0.9076559159138842,-0.30652964311314423
CUENCA,PAMPLONA,0.37728295981940707,dry-dry,917,132,185,86,28.279091608090898,3.2294021294021293,3.041116072320889,0.6992420258734686
CUENCA,PAMPLONA,0.37728295981940707,wet-wet,403,167,127,75,54.28246029471193,1.425102550803904,1.3816617668544828,0.37915481226872155
CUENCA,PAMPLONA,0.37728295981940707,dry-wet,461,133,213,25,32.64327622402631,0.40682692647110735,0.7658545002783558,-0.4559380844185158
CUENCA,PONFERRADA,0.5175157063337764,dry-dry,802,70,141,38,22.10004552685752,3.08774062816616,1.7194534714337915,0.4830427473638042
CUENCA,PONFERRADA,0.5175157063337764,wet-wet,377,139,111,64,43.69822332339383,1.563808412729276,1.46459043715257,0.4323575916806289
CUENCA,PONFERRADA,0.5175157063337764,dry-wet,407,192,133,32,26.227095323748966,0.5100250626566416,1.2201122390790868,-0.32575920214363097
CUENCA,PORTO,0.5930232469381617,dry-dry,1059,75,213,38,29.519824753663116,2.5190610328638496,1.2872705145475019,0.3826449008693433
CUENCA,PORTO,0.5930232469381617,wet-wet,473,164,129,66,52.07131500706315,1.475609756097561,1.2674924762519924,0.34422889521332406
CUENCA,PORTO,0.5930232469381617,dry-wet,612,262,202,51,37.09376769650355,0.5897513415463683,1.374894036574431,-0.27562800486670286
CUENCA,SORIA,0.23474329347633568,dry-dry,780,121,138,90,23.65337581877744,4.204096298957959,3.8049537068003927,0.8377565169782286
CUENCA,SORIA,0.23474329347633568,wet-wet,454,160,169,112,68.27642690813596,1.8804733727810652,1.6403904696227425,0.7115411609144259
CUENCA,SORIA,0.23474329347633568,dry-wet,230,96,106,15,18.44633167621489,0.33903301886792453,0.8131698086802448,-0.5201265806550027
CUENCA,TARIFA,0.6297168170047481,dry-dry,1122,133,145,69,27.057230939592362,4.014415348716619,2.5501500931136873,0.6890622461637046
CUENCA,TARIFA,0.6297168170047481,wet-wet,361,139,137,86,51.97642367575709,1.630310350259938,1.6545963326852022,0.5814759655783754
CUENCA,TARIFA,0.6297168170047481,dry-wet,373,156,156,33,26.570833561197205,0.5057938856015779,1.2419632949788841,-0.3589146780589784
CUENCA,TAVIRA,0.6273238365802263,dry-dry,572,58,72,26,11.639304974141368,3.5613026819923372,2.2338103570413597,0.5719780822355331
CUENCA,TAVIRA,0.6273238365802263,wet-wet,142,43,76,34,25.207383361767597,1.477356181150551,1.3488111602875963,0.4477115403222719
CUENCA,TAVIRA,0.6273238365802263,dry-wet,193,98,70,20,13.998322151823375,0.5626822157434402,1.4287426580902673,-0.30354547847191093
CUENCA,TORREVIEJA,0.31060899075764636,dry-dry,1321,205,93,41,16.66093854494921,2.8408602150537634,2.460845761442966,0.47041523933106405
CUENCA,TORREVIEJA,0.31060899075764636,wet-wet,160,83,109,64,43.701121338477535,1.131866917210125,1.4644933136681302,0.2911212633068144
CUENCA,TORREVIEJA,0.31060899075764636,dry-wet,559,193,146,19,28.054260177733482,0.37692526084179145,0.6772589930951093,-0.38608531741833246
CUENCA,VALENCIA,0.17354668280987262,dry-dry,1033,152,72,45,15.97073984010707,4.2475328947368425,2.817652810735305,0.6933895658075668
CUENCA,VALENCIA,0.17354668280987262,wet-wet,229,103,132,66,46.87229915482547,1.1116504854368932,1.4080811308613894,0.20708811544988692
CUENCA,VALENCIA,0.17354668280987262,dry-wet,428,153,131,23,26.016106142968468,0.49114404031332637,0.884067733795603,-0.31846571664735107
CUENCA,VANDELLOS,0.2888441389351466,dry-dry,966,138,76,48,15.812426592795799,4.421052631578948,3.0355872147965566,0.7023196995619678
CUENCA,VANDELLOS,0.2888441389351466,wet-wet,191,74,106,55,44.58751285968389,1.3392401835798062,1.2335292209072979,0.46266606326451926
CUENCA,VANDELLOS,0.2888441389351466,dry-wet,350,127,101,14,20.571067041829945,0.3820067046074686,0.6805675160910175,-0.4555665466394863
CUENCA,VIMIANZO,0.7281760300774118,dry-dry,866,70,213,29,29.514599107426378,1.6843729040912139,0.982564590982471,0.27899325348668774
CUENCA,VIMIANZO,0.7281760300774118,wet-wet,512,203,82,47,42.25176425351708,1.4456325844046618,1.1123795853350118,0.30901522600219256
CUENCA,VIMIANZO,0.7281760300774118,dry-wet,881,256,216,39,39.70933418609138,0.6213650173611112,0.9821368400999321,-0.27011381292415637
CUENCA,ZAMORA,0.3713052010065315,dry-dry,1116,134,157,82,26.1167768601737,4.349843140982983,3.1397442509471523,0.7572442794276346
CUENCA,ZAMORA,0.3713052010065315,wet-wet,395,121,186,95,65.83984199462654,1.6673331556029503,1.4428953217681377,0.586803523587046
CUENCA,ZAMORA,0.3713052010065315,dry-wet,365,203,145,44,28.886238910764867,0.5456089689145575,1.5232166477582783,-0.34082569977728217
DAROCA,ENCISO,0.1598784095397237,dry-dry,245,31,32,23,4.983837911390432,5.680443548387097,4.614917340596912,0.8684132426834726
DAROCA,EXTREMO,0.6268314023676244,dry-dry,513,61,103,34,15.107567167903667,2.7760623905777493,2.250527806504391,0.5434449949541207
DAROCA,EXTREMO,0.6268314023676244,wet-wet,191,109,42,30,24.25671155162983,1.2516382699868938,1.236771107087031,0.2906173295472102
DAROCA,EXTREMO,0.6268314023676244,dry-wet,391,109,110,17,20.035600386175595,0.5543786488740617,0.8484896720005388,-0.34559463648962
DAROCA,FISTERRA,0.7307199253440032,dry-dry,305,29,71,15,11.178970963457495,2.22195240407965,1.3418050775006858,0.3623451455031302
DAROCA,FISTERRA,0.7307199253440032,dry-wet,237,104,80,32,19.500563549207218,0.9115384615384615,1.6409782168218896,-0.09092365381645451
DAROCA,GETAFE,0.23030995544445876,dry-dry,960,108,117,62,21.413462635481388,4.710351377018044,2.8953747955395164,0.7499224820338386
DAROCA,GETAFE,0.23030995544445876,wet-wet,252,135,142,99,59.29595018724726,1.3014084507042254,1.6695912568627977,0.498799515899403
DAROCA,GETAFE,0.23030995544445876,dry-wet,263,169,65,21,23.222225150827,0.502776513427401,0.9043061060516907,-0.4944837254202943
DAROCA,GUARDA,0.5140542061979136,dry-dry,369,45,52,17,9.681186517718082,2.6807692307692306,1.7559831089802214,0.4900205671858498
DAROCA,GUARDA,0.5140542061979136,dry-wet,182,71,85,28,14.456663384016796,0.844407622203811,1.9368231282853718,-0.08833206914909561
DAROCA,LORCA,0.47202452416507534,dry-dry,1155,169,72,22,13.60101924813027,2.0882642998027614,1.6175258338101637,0.2556668022372943
DAROCA,LORCA,0.47202452416507534,wet-wet,108,62,71,47,37.910169252601705,1.1531122217174012,1.2397728875023284,0.39267668473628664
DAROCA,LORCA,0.47202452416507534,dry-wet,385,210,97,25,23.763065720807056,0.4725085910652921,1.0520528072314288,-0.31560290731467283
DAROCA,MONTSERRAT,0.2910082912643215,dry-dry,1084,166,88,60,18.026635339445242,4.452354874041621,3.3284081510602332,0.7564728024810539
DAROCA,MONTSERRAT,0.2910082912643215,wet-wet,189,113,101,72,58.305405632292874,1.192324542188732,1.2348769246898486,0.37518960005918833
DAROCA,MONTSERRAT,0.2910082912643215,dry-wet,315,160,113,24,24.09944757377316,0.41814159292035397,0.9958734500669059,-0.45956994330375256
DAROCA,OURENSE,0.5865524225928678,dry-dry,639,55,135,27,20.72472350420404,2.3236363636363637,1.302791807790488,0.36073928648501646
DAROCA,OURENSE,0.5865524225928678,wet-wet,239,135,85,59,39.23500631479237,1.2288453159041395,1.5037591564693042,0.3286326609685519
DAROCA,OURENSE,0.5865524225928678,dry-wet,414,196,121,37,29.288104723498485,0.64589306797099,1.2633115167166857,-0.3175289592560953
DAROCA,OVIEDO,0.4948231891479282,dry-dry,736,76,203,51,29.591802551426152,2.4329789992221933,1.7234502667206428,0.4862082041292798
DAROCA,OVIEDO,0.4948231891479282,wet-wet,280,167,88,74,51.36212333073101,1.4099074578116495,1.4407504051867008,0.558695785515473
DAROCA,OVIEDO,0.4948231891479282,dry-wet,478,172,186,35,35.5939655085673,0.5229432358089522,0.9833127469760475,-0.3777669725663581
DAROCA,PAMPLONA,0.23297766440506235,dry-dry,803,78,157,62,25.648721441615443,4.065490772497142,2.4172744883651025,0.7929754208017051
DAROCA,PAMPLONA,0.23297766440506235,wet-wet,269,169,85,70,49.655651473101706,1.3108249216846501,1.4097086217450747,0.45452810409721656
DAROCA,PAMPLONA,0.23297766440506235,dry-wet,357,136,144,21,27.5727711141792,0.3828125,0.7616209452810793,-0.4778258740439823
DAROCA,PONFERRADA,0.49414429158363443,dry-dry,682,57,120,27,18.913121954603774,2.692105263157895,1.4275802834035944,0.4349990626683107
DAROCA,PONFERRADA,0.49414429158363443,wet-wet,202,106,81,47,32.170737829744276,1.1057535522944328,1.4609549911082533,0.12425341308975049
DAROCA,PONFERRADA,0.49414429158363443,dry-wet,397,203,112,41,29.437030635333468,0.7159130893736805,1.3928035238305396,-0.23948595084469154
DAROCA,PORTO,0.6345777506699349,dry-dry,799,57,165,23,23.320482803409853,1.953960659223817,0.9862574541825956,0.2508413157865671
DAROCA,PORTO,0.6345777506699349,wet-wet,237,126,82,45,35.77823676157071,1.0322299651567943,1.2577478398358177,0.02923171884799852
DAROCA,PORTO,0.6345777506699349,dry-wet,550,236,153,47,38.293780987080666,0.7159078320593775,1.2273533401117165,-0.22571678317486135
DAROCA,SORIA,0.12991382777012786,dry-dry,677,92,121,65,21.138619164868395,3.9530183255479696,3.074940680516521,0.7876229449812634
DAROCA,SORIA,0.12991382777012786,wet-wet,266,145,118,93,55.012417803595625,1.445821157218001,1.690527406594398,0.6202847355399258
DAROCA,SORIA,0.12991382777012786,dry-wet,220,121,76,17,18.91054347495661,0.40669856459330145,0.8989694041587561,-0.5358755717058166
DAROCA,TARIFA,0.7852303647677609,dry-dry,847,104,114,45,22.142039875005665,3.214827935222672,2.032333075634861,0.5938377677342007
DAROCA,TARIFA,0.7852303647677609,wet-wet,216,122,98,75,42.66278455171029,1.3549682167949146,1.7579724527613696,0.537364203022221
DAROCA,TARIFA,0.7852303647677609,dry-wet,344,157,120,33,26.638811048610073,0.6025477707006369,1.2387940264969834,-0.3048090184135716
DAROCA,TAVIRA,0.7702246814132265,dry-dry,427,53,53,20,8.999077730269914,3.0402278390886437,2.2224499664811908,0.4984966674445972
DAROCA,TAVIRA,0.7702246814132265,dry-wet,159,95,58,27,14.277976310413731,0.7791288566243194,1.8910242889468434,-0.03099819216176273
DAROCA,TORREVIEJA,0.43179948635673937,dry-dry,1084,169,73,35,14.365000488800874,3.0753019372618953,2.4364774666931908,0.4808293522662184
DAROCA,TORREVIEJA,0.43179948635673937,wet-wet,104,60,70,46,39.09048428674314,1.139047619047619,1.1767569739625892,0.36402623337491463
DAROCA,TORREVIEJA,0.43179948635673937,dry-wet,341,170,95,22,22.685587261366784,0.4645201238390093,0.9697787298398781,-0.29491711247877844
DAROCA,VALENCIA,0.24050115313657328,dry-dry,910,138,68,43,15.44945000647526,4.1698635976129586,2.783270600699546,0.6921837983198001
DAROCA,VALENCIA,0.24050115313657328,wet-wet,174,96,104,72,48.711367160575286,1.2548076923076923,1.4780944201926127,0.5097575398384483
DAROCA,VALENCIA,0.24050115313657328,dry-wet,279,137,80,15,19.876198390372217,0.3818430656934307,0.7546714771807578,-0.46134806120841476
DAROCA,VANDELLOS,0.20023603661720857,dry-dry,824,132,52,36,14.753664200349334,4.321678321678322,2.440071802579565,0.6761818156681219
DAROCA,VANDELLOS,0.20023603661720857,wet-wet,153,79,85,57,49.154745465805576,1.29873417721519,1.159603197206096,0.5194001214822451
DAROCA,VANDELLOS,0.20023603661720857,dry-wet,228,131,65,14,17.738375263604865,0.37486788021139167,0.7892492853460392,-0.5356752172650187
DAROCA,VIMIANZO,0.7171466431423673,dry-dry,744,58,178,26,27.663356065271472,1.8736923672994963,0.9398715014423125,0.3271771178289803
DAROCA,VIMIANZO,0.7171466431423673,wet-wet,309,186,70,50,35.23230213031995,1.1866359447004609,1.419152226132035,0.23636747036151975
DAROCA,VIMIANZO,0.7171466431423673,dry-wet,770,245,178,44,39.65057133932586,0.7768860353130016,1.1096939719594994,-0.16845443786119862
DAROCA,ZAMORA,0.3814202123743496,dry-dry,923,97,140,53,22.328515849700846,3.602282768777614,2.37364634339143,0.6133743652542174
DAROCA,ZAMORA,0.3814202123743496,wet-wet,228,123,120,78,51.89821710467588,1.2048780487804878,1.502941803235326,0.33411169598836143
DAROCA,ZAMORA,0.3814202123743496,dry-wet,351,204,107,41,31.409147753169613,0.6592908191313909,1.305352196188212,-0.2731745275716616
ENCISO,FISTERRA,0.6215515110803007,dry-dry,156,19,49,12,4.604263312329211,2.0107411385606873,2.6062801334290815,0.38774121103234294
ENCISO,FISTERRA,0.6215515110803007,dry-wet,208,70,64,23,13.68360824782386,1.0678571428571428,1.6808432091482706,0.0076312699311748425
ENCISO,GETAFE,0.2820099662038675,dry-dry,201,34,32,16,3.672552171644396,2.9558823529411766,4.356643351055774,0.5992944210697443
ENCISO,LORCA,0.6145619401983802,dry-dry,342,54,11,3,3.091225153514033,1.7272727272727273,0.9704889974092212,0.0954299878790199
ENCISO,LORCA,0.6145619401983802,dry-wet,118,50,21,2,6.009403004713694,0.22476190476190477,0.3328117615728596,-0.5384623520845073
ENCISO,MONTSERRAT,0.366765552671727,dry-dry,337,62,31,20,4.3638765773763915,3.5067637877211237,4.58308103938728,0.6141620798816372
ENCISO,MONTSERRAT,0.366765552671727,dry-wet,124,52,39,8,8.205119460272726,0.4891518737672584,0.9750010391358874,-0.41543285430040794
ENCISO,OURENSE,0.48812956447819267,dry-dry,142,10,30,5,3.5151354051234205,2.3666666666666667,1.4224203120916317,0.3477086825813699
ENCISO,OVIEDO,0.35451237771760474,dry-dry,148,14,49,12,5.0389451234413745,2.5889212827988337,2.3814508207631633,0.6221160454963001
ENCISO,OVIEDO,0.35451237771760474,dry-wet,114,48,47,11,7.0877418046023255,0.5558510638297872,1.5519752698747158,-0.41610039414817235
ENCISO,PAMPLONA,0.10663352335441122,dry-dry,279,36,60,31,6.924449509109376,4.004166666666666,4.476890178665946,0.8563403750248763
ENCISO,PAMPLONA,0.10663352335441122,wet-wet,128,60,36,28,25.181643213574127,1.6592592592592592,1.111921083247921,0.6198497301556937
ENCISO,PAMPLONA,0.10663352335441122,dry-wet,104,45,42,7,6.942999660398147,0.3851851851851852,1.008209756933588,-0.48830047416200195
ENCISO,PONFERRADA,0.3818287988747486,dry-dry,151,16,36,13,3.537678315480119,3.407986111111111,3.6747264280968674,0.7248302329820601
ENCISO,PONFERRADA,0.3818287988747486,dry-wet,114,54,30,12,7.768091398725539,0.8444444444444444,1.5447810001268476,-0.18285294256105647
ENCISO,SORIA,0.05417629478914893,dry-dry,143,16,28,11,3.3525083580823605,3.5111607142857144,3.281125302336909,0.6671128422669744
ENCISO,TARIFA,0.8849198855961101,dry-dry,292,45,37,15,5.528618100786774,2.630630630630631,2.713155390108309,0.41006271101018243
ENCISO,TARIFA,0.8849198855961101,dry-wet,131,56,51,13,10.697586802626724,0.5962885154061625,1.2152273442462682,-0.29025893930630803
ENCISO,VALENCIA,0.3998785425524565,dry-dry,280,45,13,8,3.2981744278336396,3.8290598290598292,2.425584266401183,0.4606272685737206
ENCISO,VALENCIA,0.3998785425524565,dry-wet,113,44,27,6,6.96580818782696,0.5707070707070707,0.8613501604143005,-0.26154241305206294
ENCISO,VANDELLOS,0.3188234285630828,dry-dry,275,53,18,9,3.7912041701803982,2.5943396226415096,2.3739159369968066,0.3342950483953293
ENCISO,VANDELLOS,0.3188234285630828,dry-wet,103,50,29,5,7.126922773331991,0.35517241379310344,0.70156505956671,-0.5642019788853175
ENCISO,VIMIANZO,0.6039684886858109,dry-dry,160,13,44,9,4.89055988828041,2.5174825174825175,1.8402800917676785,0.4765496716466661
ENCISO,VIMIANZO,0.6039684886858109,dry-wet,145,47,39,8,6.931264443799828,0.6328423349699945,1.154190561457539,-0.34469243842432135
ENCISO,ZAMORA,0.3142492005951789,dry-dry,292,39,43,16,5.220324068226779,2.78592725104353,3.064943821664854,0.5632674311828415
ENCISO,ZAMORA,0.3142492005951789,dry-wet,125,70,45,20,10.692046917995503,0.7936507936507936,1.8705492178806777,-0.12433179269631456
EXTREMO,FISTERRA,0.1496912443678917,dry-dry,111,6,21,6,4.992280576652853,5.285714285714286,1.2018555263219575,0.687064438806572
EXTREMO,GETAFE,0.4721416312425127,dry-dry,542,104,55,31,13.270999957827753,2.9374125874125876,2.335920435423933,0.5846769870719165
EXTREMO,GETAFE,0.4721416312425127,wet-wet,241,34,106,20,23.93895625937951,1.3374028856825748,0.8354583125220345,0.22510690191949315
EXTREMO,GETAFE,0.4721416312425127,dry-wet,414,139,89,15,19.2930113928402,0.501980438121413,0.7774836024596258,-0.3593363235997342
EXTREMO,GUARDA,0.22291590068408076,dry-dry,552,113,69,53,18.040553187081382,3.752212389380531,2.937825655920166,0.8413040036813346
EXTREMO,GUARDA,0.22291590068408076,wet-wet,300,67,104,45,25.49905736577594,1.9374282433983927,1.764771118966838,0.6046475754028676
EXTREMO,GUARDA,0.22291590068408076,dry-wet,261,78,115,16,14.659470935742807,0.46555183946488293,1.0914445732818847,-0.3437241463525885
EXTREMO,LORCA,0.8334259802548611,dry-dry,553,138,42,13,8.397752917943468,1.2403381642512077,1.5480331616119494,0.08393588804037971
EXTREMO,LORCA,0.8334259802548611,dry-wet,685,143,93,18,23.09850561107199,0.927137378750282,0.7792711919584927,0.06678054824914179
EXTREMO,MONTSERRAT,0.9010888652322929,dry-dry,612,124,51,24,12.055567528474976,2.3225806451612905,1.9907814330028468,0.3987256349254344
EXTREMO,MONTSERRAT,0.9010888652322929,wet-wet,153,34,83,19,20.81150266346388,1.0301204819277108,0.9129566618635325,0.06514161492683589
EXTREMO,MONTSERRAT,0.9010888652322929,dry-wet,531,133,99,19,20.483117736568737,0.7662337662337663,0.9275931644956124,-0.18529362829680557
EXTREMO,OURENSE,0.07291384683292099,dry-dry,384,37,69,24,13.533588800240894,3.609870740305523,1.7733655391962853,0.520832893278044
EXTREMO,OURENSE,0.07291384683292099,wet-wet,371,24,117,18,26.28666210913086,2.378205128205128,0.6847579173526018,0.36182582953616965
EXTREMO,OURENSE,0.07291384683292099,dry-wet,297,198,104,51,20.990837651166196,0.7355769230769231,2.4296314824371277,-0.17893492014161444
EXTREMO,OVIEDO,0.2955522119293002,dry-dry,502,72,100,40,22.955530532934723,2.7888888888888888,1.7424994792697672,0.6041833403374346
EXTREMO,OVIEDO,0.2955522119293002,wet-wet,371,74,135,31,29.196436811440925,1.1512512512512512,1.061773400644983,0.0984173782154377
EXTREMO,OVIEDO,0.2955522119293002,dry-wet,410,151,161,36,28.370676659390416,0.6071325737320554,1.2689158045895375,-0.27489351947716495
EXTREMO,PAMPLONA,0.6075896623089745,dry-dry,370,67,61,32,14.65690331620636,2.896990457548324,2.183271548541711,0.6116736260575744
EXTREMO,PAMPLONA,0.6075896623089745,wet-wet,298,53,91,27,23.164529340940277,1.668256272029857,1.165575160306885,0.39207454592224683
EXTREMO,PAMPLONA,0.6075896623089745,dry-wet,284,93,112,18,17.55213007761726,0.49078341013824883,1.025516556702931,-0.3467948806272679
EXTREMO,PONFERRADA,0.18276962938879174,dry-dry,441,48,55,24,13.36013736384835,4.009090909090909,1.796388715653659,0.6654176956748491
EXTREMO,PONFERRADA,0.18276962938879174,wet-wet,314,21,100,13,21.447999862729105,1.9438095238095239,0.6061171243566879,0.20052779901592788
EXTREMO,PONFERRADA,0.18276962938879174,dry-wet,260,155,93,37,16.17956420961704,0.6673603884842179,2.2868353881872423,-0.17400068689870868
EXTREMO,PORTO,0.10089980676165669,dry-dry,754,54,136,30,25.309043860948925,3.0800653594771243,1.1853470310780516,0.39903545146803016
EXTREMO,PORTO,0.10089980676165669,wet-wet,583,38,175,24,37.23414912461958,2.1040601503759397,0.6445695836817437,0.2256884442796698
EXTREMO,PORTO,0.10089980676165669,dry-wet,444,311,137,75,29.34606414055598,0.7815617152111155,2.555708991869568,-0.1468324522561884
EXTREMO,SORIA,0.5231046619556113,dry-dry,352,54,49,23,11.373921007893689,3.059712773998488,2.0221698378279243,0.5910309549635193
EXTREMO,SORIA,0.5231046619556113,wet-wet,281,34,105,21,24.536994808057923,1.6529411764705881,0.8558505295482893,0.35914984845199993
EXTREMO,SORIA,0.5231046619556113,dry-wet,266,100,93,13,15.534458851912746,0.3718279569892473,0.8368492345904486,-0.4466850663927314
EXTREMO,TARIFA,0.8480513957754545,dry-dry,482,89,57,23,13.889653678669738,2.1852946974177017,1.655908817605796,0.408589482436664
EXTREMO,TARIFA,0.8480513957754545,wet-wet,224,35,84,16,18.543012654575406,1.2190476190476192,0.8628587111518834,0.1290660780443656
EXTREMO,TARIFA,0.8480513957754545,dry-wet,476,124,105,19,23.315679028303144,0.6946236559139785,0.8149022800037564,-0.20466149987065996
EXTREMO,TAVIRA,0.6637984881905168,dry-dry,511,93,52,15,12.317927096272596,1.5849875930521091,1.2177373581419393,0.20936664473498975
EXTREMO,TAVIRA,0.6637984881905168,wet-wet,153,22,78,12,15.776982504526362,1.06993006993007,0.7606017181395265,0.02530857108653995
EXTREMO,TAVIRA,0.6637984881905168,dry-wet,447,149,118,39,21.911328954032044,0.9915254237288136,1.7799011681043364,-0.030815880662853512
EXTREMO,TORREVIEJA,0.8678248641291544,dry-dry,795,180,78,26,13.230537539244231,1.4722222222222223,1.9651506919412134,0.18817204561214113
EXTREMO,TORREVIEJA,0.8678248641291544,dry-wet,820,178,128,22,28.470835907409175,0.7917837078651685,0.7727205506556546,-0.02490008122439761
EXTREMO,VALENCIA,0.7837730463347262,dry-dry,386,86,47,16,7.9160945715556785,1.5279564571994062,2.021198692786166,0.21945396995493963
EXTREMO,VALENCIA,0.7837730463347262,wet-wet,110,30,63,13,13.688899778152633,0.7566137566137566,0.9496745692263661,-0.22729082568524997
EXTREMO,VALENCIA,0.7837730463347262,dry-wet,499,107,92,16,20.756441350385728,0.8110524177163755,0.770845046600566,-0.10739558816208086
EXTREMO,VANDELLOS,0.82660017840885,dry-dry,552,118,52,23,11.592376316601364,2.0691003911342896,1.9840625745613396,0.3528530437336966
EXTREMO,VANDELLOS,0.82660017840885,wet-wet,118,22,72,15,16.667068643188,1.1174242424242424,0.8999782937913712,0.12330815922102413
EXTREMO,VANDELLOS,0.82660017840885,dry-wet,477,133,85,19,18.907304386133077,0.8016806722689076,1.0049026350860943,-0.10851033101886566
EXTREMO,VIMIANZO,0.15778177147754419,dry-dry,533,35,131,22,23.92827337120154,2.5574700109051256,0.9194144374193635,0.3640842385450048
EXTREMO,VIMIANZO,0.15778177147754419,wet-wet,596,85,106,27,28.409700706442976,1.786015538290788,0.9503796002284786,0.3020901889244268
EXTREMO,VIMIANZO,0.15778177147754419,dry-wet,443,244,126,53,26.167822034430422,0.7636937288576633,2.0253882776436276,-0.17859357414237886
EXTREMO,ZAMORA,0.2462296403064465,dry-dry,465,76,54,30,12.894588981494863,3.3991228070175437,2.3265572902752667,0.6514614345729086
EXTREMO,ZAMORA,0.2462296403064465,wet-wet,255,25,124,18,25.114447471183137,1.4806451612903226,0.7167189332217478,0.15989905040185237
EXTREMO,ZAMORA,0.2462296403064465,dry-wet,349,145,101,30,18.736522449992055,0.7149197678388528,1.6011509115456333,-0.2406440971819112
FISTERRA,GETAFE,0.6034980057581694,dry-dry,344,89,19,9,11.081749388504946,1.8308693081017149,0.8121461408733592,0.22141061618265837
FISTERRA,GETAFE,0.6034980057581694,wet-wet,113,29,65,18,13.8743165437789,1.0790450928381963,1.2973612028529804,0.054169883742800184
FISTERRA,GETAFE,0.6034980057581694,dry-wet,259,97,89,22,16.068333411213654,0.6600254836094057,1.3691525708974146,-0.22078870249400773
FISTERRA,LORCA,0.9777847391936972,dry-dry,401,106,30,8,7.2056973340483985,1.0088050314465409,1.1102325880658848,-0.009887348692293423
FISTERRA,LORCA,0.9777847391936972,dry-wet,390,111,63,17,18.091597592720156,0.9480909480909481,0.9396627308823516,0.1574558736639776
FISTERRA,MONTSERRAT,0.9881601116840856,dry-dry,398,99,25,8,9.590696447185703,1.2864646464646465,0.8341417168246965,0.08405631093699109
FISTERRA,MONTSERRAT,0.9881601116840856,dry-wet,386,125,83,22,20.28193711061072,0.8185060240963855,1.0847090137406281,-0.175622028325434
FISTERRA,OURENSE,0.14927307273033968,dry-dry,325,74,47,42,15.40669352926231,3.924669350201265,2.7260878474818995,0.8250266227710071
FISTERRA,OURENSE,0.14927307273033968,wet-wet,216,62,60,30,19.35493813259477,1.7419354838709677,1.5499920379222687,0.46473757671964766
FISTERRA,OURENSE,0.14927307273033968,dry-wet,148,64,73,12,11.848567195974145,0.3801369863013699,1.012780684914992,-0.4843055807084245
FISTERRA,OVIEDO,0.3038946096390723,dry-dry,283,72,53,35,16.86007646733232,2.595649895178197,2.075909920563834,0.6281027482422331
FISTERRA,OVIEDO,0.3038946096390723,wet-wet,227,91,62,28,21.998489404724367,1.1265508684863523,1.2728146685375021,0.05902228712278056
FISTERRA,OVIEDO,0.3038946096390723,dry-wet,281,84,131,30,25.11798116932102,0.7660850599781898,1.1943635038886746,-0.23378418973843249
FISTERRA,PAMPLONA,0.6680853805562444,dry-dry,320,83,42,24,15.673505765673022,2.2030981067125643,1.5312464459969806,0.41068685119491366
FISTERRA,PAMPLONA,0.6680853805562444,wet-wet,230,63,75,23,21.887029548466934,1.1195767195767197,1.0508506852914183,0.09218133974561005
FISTERRA,PAMPLONA,0.6680853805562444,dry-wet,319,111,153,43,26.04991722716477,0.8076900429841606,1.6506770299891678,-0.10490250531804206
FISTERRA,PONFERRADA,0.2399675226795752,dry-dry,311,88,41,37,13.772825352002803,3.1893015521064303,2.686449515938977,0.7582696869375896
FISTERRA,PONFERRADA,0.2399675226795752,wet-wet,199,53,65,30,16.94096746783358,1.7329462989840347,1.7708551803173032,0.48486731951623263
FISTERRA,PONFERRADA,0.2399675226795752,dry-wet,179,75,79,15,12.555819491572812,0.4531645569620253,1.1946651518897407,-0.3752483435895535
FISTERRA,PORTO,0.23676306131287303,dry-dry,298,54,39,29,13.997335628746907,4.103513770180437,2.071822864663008,0.7740634327689178
FISTERRA,PORTO,0.23676306131287303,wet-wet,120,38,43,27,10.449424615196698,1.9828641370869033,2.583874327466188,0.7102540912290348
FISTERRA,SORIA,0.6144763473473223,dry-dry,216,64,18,12,9.35968818411515,2.25,1.2820939932983955,0.33494240770903927
FISTERRA,SORIA,0.6144763473473223,wet-wet,130,28,53,17,13.588650052637643,1.4892183288409704,1.2510440650210277,0.35090628555469583
FISTERRA,SORIA,0.6144763473473223,dry-wet,185,68,75,19,13.448158837003938,0.6892156862745098,1.4128328070991862,-0.18445997986512924
FISTERRA,TARIFA,0.9952173545030902,dry-dry,313,79,28,12,11.534031024139901,1.698010849909584,1.0403994904196858,0.15907091745734256
FISTERRA,TARIFA,0.9952173545030902,wet-wet,137,34,60,18,14.146465058054414,1.2088235294117646,1.2724026762962626,0.1798059115805624
FISTERRA,TARIFA,0.9952173545030902,dry-wet,322,102,108,31,20.689275427238634,0.9061365286855483,1.4983608347727198,-0.04710170368409954
FISTERRA,TORREVIEJA,1.0075971356340516,dry-dry,255,64,33,10,5.3579250877680895,1.2073863636363635,1.866394142544017,0.0698903610122516
FISTERRA,TORREVIEJA,1.0075971356340516,dry-wet,206,61,50,8,12.112021240392227,0.540327868852459,0.6605008232086731,0.034715667929059585
FISTERRA,VALENCIA,0.909336575417206,dry-dry,327,94,29,6,8.17574406274205,0.7197358767424799,0.7338781588507395,-0.14251934164946486
FISTERRA,VALENCIA,0.909336575417206,dry-wet,379,111,77,21,20.470616292862726,0.9312039312039312,1.0258606628918079,0.08080082391148441
FISTERRA,VANDELLOS,0.9265191083427609,dry-dry,276,69,19,6,7.073050922504139,1.263157894736842,0.8482902308691089,0.06487136859632019
FISTERRA,VANDELLOS,0.9265191083427609,dry-wet,272,73,54,11,13.360121088249427,0.7590055809233891,0.8233458310250485,-0.15387408979624945
FISTERRA,VIMIANZO,0.028014736691742353,dry-dry,405,79,98,64,25.17342113773273,3.3479721002324982,2.542364013609166,0.8543884618010888
FISTERRA,VIMIANZO,0.028014736691742353,wet-wet,332,115,71,58,22.24515777416568,2.3583588487446416,2.607308996808198,0.7672226571404965
FISTERRA,VIMIANZO,0.028014736691742353,dry-wet,163,68,65,4,11.40119813766567,0.14751131221719457,0.3508403197366919,-0.6709178530338544
FISTERRA,ZAMORA,0.3649246110487485,dry-dry,429,118,29,25,15.094086171382175,3.134132086499123,1.6562778108024232,0.5935923435582808
FISTERRA,ZAMORA,0.3649246110487485,wet-wet,164,39,86,26,19.475419117412457,1.2713178294573644,1.3350161987915365,0.25051974094942003
FISTERRA,ZAMORA,0.3649246110487485,dry-wet,284,99,98,15,16.922240547177733,0.4390847247990105,0.8864074445804802,-0.3387173133288666
GETAFE,GUARDA,0.3076965692800096,dry-dry,387,39,49,19,8.465913724214534,3.847723704866562,2.2442940737342343,0.6449793442618303
GETAFE,GUARDA,0.3076965692800096,wet-wet,132,57,26,20,19.647313682978332,1.7813765182186234,1.017950867111529,0.47297095386010857
GETAFE,GUARDA,0.3076965692800096,dry-wet,155,42,96,20,10.886166492674871,0.7688492063492064,1.8371940217392122,-0.1781985680524196
GETAFE,LORCA,0.4017451151813673,dry-dry,1205,162,68,27,12.346721323953064,2.9534313725490198,2.1868153732132165,0.44236141899045567
GETAFE,LORCA,0.4017451151813673,wet-wet,136,63,79,46,37.176824957167675,1.2569821177416114,1.2373299778288684,0.422275599999273
GETAFE,LORCA,0.4017451151813673,dry-wet,407,179,114,23,20.666134020475155,0.458737626188376,1.1129319096262777,-0.25994475285599755
GETAFE,MONTSERRAT,0.5164138275512969,dry-dry,1119,150,78,37,15.582056901638667,3.5387179487179488,2.3745260483620068,0.5376174775857964
GETAFE,MONTSERRAT,0.5164138275512969,wet-wet,203,112,92,65,49.040589770048776,1.280570652173913,1.325432673317855,0.32103455865968866
GETAFE,MONTSERRAT,0.5164138275512969,dry-wet,392,154,169,39,26.69093212803877,0.5874125874125874,1.4611704009778879,-0.24464724747081792
GETAFE,OURENSE,0.4545331003452077,dry-dry,707,67,146,43,19.94131087149337,3.1078511551829893,2.156327649526272,0.6028013074463825
GETAFE,OURENSE,0.4545331003452077,wet-wet,328,149,94,61,43.280366798289684,1.4285306297301157,1.4094150422590814,0.4107825905440899
GETAFE,OURENSE,0.4545331003452077,dry-wet,382,145,137,20,23.455356257915014,0.38459602315630503,0.8526837017557982,-0.46210707387450006
GETAFE,OVIEDO,0.4565374268781008,dry-dry,761,91,198,53,25.304913834019686,2.2384837384837386,2.0944548694233176,0.4642160339452929
GETAFE,OVIEDO,0.4565374268781008,wet-wet,286,150,89,50,41.65590651825901,1.0711610486891385,1.2003099723224973,0.06474505659556906
GETAFE,OVIEDO,0.4565374268781008,dry-wet,617,146,246,41,41.10055874720763,0.704337899543379,0.9975533484148933,-0.2337085990160655
GETAFE,PAMPLONA,0.3883862409022667,dry-dry,752,113,162,70,21.051242801365817,2.8755599257074183,3.325219354529432,0.6454668439452024
GETAFE,PAMPLONA,0.3883862409022667,wet-wet,292,157,89,54,42.6433261319311,1.128462033922565,1.2663177312420075,0.12476871824375053
GETAFE,PAMPLONA,0.3883862409022667,dry-wet,507,112,217,20,32.893536830588744,0.4172152732060566,0.6080221808620278,-0.4724026950695146
GETAFE,PONFERRADA,0.39788322439984053,dry-dry,818,65,133,39,19.576144967253608,3.6902255639097743,1.9922206371702926,0.6194718271340852
GETAFE,PONFERRADA,0.39788322439984053,wet-wet,297,140,97,60,37.71887069737289,1.3122238586156112,1.5907157051809342,0.33289838158108287
GETAFE,PONFERRADA,0.39788322439984053,dry-wet,349,146,124,16,21.067188576019127,0.30844012372956253,0.7594748555207252,-0.5082509213937798
GETAFE,PORTO,0.450878858048085,dry-dry,884,50,170,29,22.567090562208932,3.016,1.2850571020689605,0.4964251839742513
GETAFE,PORTO,0.450878858048085,wet-wet,358,144,100,59,43.00101885688831,1.4668055555555555,1.372060513178953,0.3861117429024891
GETAFE,PORTO,0.450878858048085,dry-wet,463,178,150,23,26.270395071298964,0.39883895131086144,0.8755102440438002,-0.44015519928783897
GETAFE,SORIA,0.22831426041086986,dry-dry,737,102,125,76,19.54581796667621,4.393098039215686,3.8882997953614877,0.8450888089886363
GETAFE,SORIA,0.22831426041086986,wet-wet,356,153,127,102,57.85468679517834,1.8687664041994752,1.7630378047176771,0.7781113301268426
GETAFE,SORIA,0.22831426041086986,dry-wet,206,65,107,11,15.328284977805962,0.32580877066858377,0.7176275764657986,-0.5222070865712132
GETAFE,TARIFA,0.6064336960053273,dry-dry,918,113,115,56,21.258962067403466,3.9559830704116967,2.634183165784243,0.6620734316587494
GETAFE,TARIFA,0.6064336960053273,wet-wet,306,135,107,87,47.681805808627686,1.8429906542056074,1.8245953257134813,0.7716522502807343
GETAFE,TARIFA,0.6064336960053273,dry-wet,304,108,144,24,19.86374128302313,0.4691358024691358,1.2082316044114,-0.3833169814626498
GETAFE,TAVIRA,0.5527722450827903,dry-dry,463,43,52,24,8.65011077633202,4.9695885509839,2.774530941923604,0.696430156141621
GETAFE,TAVIRA,0.5527722450827903,wet-wet,121,38,57,30,22.89471769529344,1.6759002770083102,1.3103459234252632,0.5870914104585873
GETAFE,TAVIRA,0.5527722450827903,dry-wet,135,70,53,17,10.377197230016204,0.6185983827493261,1.638207275354393,-0.26260285410108947
GETAFE,TORREVIEJA,0.4113254747222588,dry-dry,1086,147,72,27,12.3160085463633,2.770408163265306,2.192268696336089,0.43267741846502406
GETAFE,TORREVIEJA,0.4113254747222588,wet-wet,126,60,81,47,36.72216462576718,1.2185185185185186,1.2798809786670657,0.40249844446375493
GETAFE,TORREVIEJA,0.4113254747222588,dry-wet,413,151,138,26,22.7366595099432,0.5153085708801228,1.1435277019752914,-0.24947593571774263
GETAFE,VALENCIA,0.3133710591198686,dry-dry,944,131,67,30,13.854220433853595,3.226615016520451,2.165405130027616,0.5141283804951878
GETAFE,VALENCIA,0.3133710591198686,wet-wet,199,102,100,64,43.45403773801546,1.248627450980392,1.4728205554994962,0.37261678998349756
GETAFE,VALENCIA,0.3133710591198686,dry-wet,349,124,134,14,21.137803667126175,0.29405392392874335,0.6623204671814134,-0.49800766570335425
GETAFE,VANDELLOS,0.4108027093346946,dry-dry,806,113,58,30,12.354166007567157,3.6893500152578578,2.428330652317966,0.5624288434124795
GETAFE,VANDELLOS,0.4108027093346946,wet-wet,155,77,75,49,38.860201813996184,1.3151515151515152,1.260930147366136,0.39008351994560736
GETAFE,VANDELLOS,0.4108027093346946,dry-wet,292,108,114,20,19.17255364031776,0.4743339831059129,1.0431578586350758,-0.3995908244331923
GETAFE,VIMIANZO,0.5976643365342653,dry-dry,765,50,208,26,24.272495198187492,1.9125,1.0711712902899866,0.36188035835723265
GETAFE,VIMIANZO,0.5976643365342653,wet-wet,390,188,71,48,35.817450002266185,1.4024572969733293,1.3401289035641293,0.324153735217133
GETAFE,VIMIANZO,0.5976643365342653,dry-wet,783,203,206,28,33.393133863816715,0.5242718446601942,0.8384957253245263,-0.3062045501402302
GETAFE,ZAMORA,0.2415434220100298,dry-dry,1166,123,157,89,25.586273840996007,5.373828387965409,3.4784275566299288,0.8484625852711177
GETAFE,ZAMORA,0.2415434220100298,wet-wet,355,156,170,119,64.25560956782105,1.5929487179487178,1.8519783844614668,0.7090121656817381
GETAFE,ZAMORA,0.2415434220100298,dry-wet,266,130,112,18,20.24624321988117,0.32884615384615384,0.8890538261599352,-0.5590409835229336
GUARDA,LORCA,0.6224674710775063,dry-dry,445,92,27,10,5.796574676665429,1.7914653784219001,1.7251567620194375,0.22164982100765884
GUARDA,LORCA,0.6224674710775063,dry-wet,279,103,42,9,12.220049093980506,0.5804438280166435,0.736494586133318,-0.2234021424173906
GUARDA,MONTSERRAT,0.804591352544887,dry-dry,505,92,43,22,8.886422422065367,2.8083923154701718,2.4756869474686525,0.4947341812936976
GUARDA,MONTSERRAT,0.804591352544887,dry-wet,219,95,57,16,12.232477675681936,0.6470914127423822,1.3079933946503632,-0.1506234802596199
GUARDA,OURENSE,0.25072428373522965,dry-dry,253,15,53,8,8.501871299188085,2.5459119496855345,0.9409693135161887,0.08863222164105775
GUARDA,OURENSE,0.25072428373522965,wet-wet,162,28,43,12,17.158097041170727,1.6146179401993355,0.6993782568781427,0.3045057474868899
GUARDA,OURENSE,0.25072428373522965,dry-wet,216,160,73,49,18.524846972089033,0.9061643835616439,2.6450960741444822,-0.03793047370672461
GUARDA,OVIEDO,0.40242326871316664,dry-dry,342,45,73,18,13.892631796135586,1.873972602739726,1.2956508359349832,0.3478285281320694
GUARDA,OVIEDO,0.40242326871316664,wet-wet,151,46,60,21,18.224530120172478,1.1489130434782608,1.1522930830877989,0.10170995610766027
GUARDA,OVIEDO,0.40242326871316664,dry-wet,286,127,97,34,22.755146240122944,0.7893497848851367,1.4941675013298574,-0.15524970542923017
GUARDA,PAMPLONA,0.5790225575430248,dry-dry,238,31,41,14,8.034108975607362,2.6215578284815106,1.742570338852247,0.4329718929464545
GUARDA,PAMPLONA,0.5790225575430248,wet-wet,109,37,33,16,13.420260777238454,1.4283374283374284,1.1922272052370946,0.31805209539276896
GUARDA,PAMPLONA,0.5790225575430248,dry-wet,154,62,52,12,11.334908421309958,0.5732009925558312,1.058676396312091,-0.29775637723531606
GUARDA,PONFERRADA,0.2825154154658514,dry-dry,252,16,35,6,7.053214219910665,2.7,0.850675991530567,0.31526048516969174
GUARDA,PONFERRADA,0.2825154154658514,wet-wet,134,25,37,10,13.356976850968124,1.4486486486486487,0.7486724063069101,0.21509681019936183
GUARDA,PONFERRADA,0.2825154154658514,dry-wet,156,115,53,32,12.318388004543557,0.8190319934372436,2.597742495868535,-0.08068257327528701
GUARDA,PORTO,0.15858146177301197,dry-dry,528,17,99,5,15.150522346570593,1.5686274509803921,0.33002162470865426,0.00020315061783786573
GUARDA,PORTO,0.15858146177301197,wet-wet,244,52,63,15,23.663090543699933,1.1172161172161172,0.6338986013808582,0.0639284809640221
GUARDA,PORTO,0.15858146177301197,dry-wet,346,222,113,69,25.566386368873207,0.9516861994738101,2.6988561857927147,0.019185043806730036
GUARDA,SORIA,0.4475976315867676,dry-dry,242,29,33,17,7.025121005754823,4.2988505747126435,2.4198871430220175,0.7309345311440025
GUARDA,SORIA,0.4475976315867676,wet-wet,142,20,50,13,18.5322598454688,1.846,0.7014794800202709,0.4164577654992786
GUARDA,SORIA,0.4475976315867676,dry-wet,142,86,60,28,12.071948691704241,0.7705426356589147,2.319426690343822,-0.06922566251699835
GUARDA,TARIFA,0.631578430358949,dry-dry,437,68,46,24,11.33761789756192,3.3529411764705883,2.1168467853517132,0.6557704459449322
GUARDA,TARIFA,0.631578430358949,wet-wet,109,34,50,21,14.552910646473192,1.346470588235294,1.4430103028969823,0.2752218156260332
GUARDA,TARIFA,0.631578430358949,dry-wet,199,80,53,11,12.77034297354603,0.5162735849056603,0.8613707574484628,-0.33282701779176116
GUARDA,TAVIRA,0.46653249628894405,dry-dry,573,85,54,19,12.125295997126052,2.3718954248366013,1.5669720561463734,0.3801195011001911
GUARDA,TAVIRA,0.46653249628894405,wet-wet,138,25,73,19,21.743917575912334,1.4367123287671233,0.8738075801505054,0.23042562198644828
GUARDA,TAVIRA,0.46653249628894405,dry-wet,295,166,92,48,21.163312312339645,0.927187008905186,2.268075965217068,-0.03164778847838134
GUARDA,TORREVIEJA,0.6668248417919078,dry-dry,653,121,51,18,9.176672647408209,1.9047156052503647,1.961495270846758,0.2743728424879304
GUARDA,TORREVIEJA,0.6668248417919078,dry-wet,350,132,66,17,16.063034256356588,0.6829660238751147,1.058330557520453,-0.13313145838101398
GUARDA,VALENCIA,0.6157661410130396,dry-dry,310,61,28,17,5.522905056605212,3.085480093676815,3.0780902126261545,0.6438652031348943
GUARDA,VALENCIA,0.6157661410130396,dry-wet,217,73,39,15,11.192289001718315,1.143308746048472,1.3402084236474863,0.1647833404056077
GUARDA,VANDELLOS,0.7093594281064094,dry-dry,501,87,38,19,8.989464146505853,2.8793103448275863,2.113585380657553,0.481346767831988
GUARDA,VANDELLOS,0.7093594281064094,dry-wet,250,92,49,11,13.071687100075545,0.6100266193433895,0.8415134110681419,-0.3268935545147071
GUARDA,VIMIANZO,0.37915809089165337,dry-dry,355,25,89,13,13.51106366108084,2.0741573033707863,0.9621744317175428,0.3061809038847053
GUARDA,VIMIANZO,0.37915809089165337,wet-wet,237,64,40,13,17.334713430849988,1.203515625,0.7499402889963183,0.13902008623967224
GUARDA,VIMIANZO,0.37915809089165337,dry-wet,363,157,90,38,21.269602781635733,0.9762208067940552,1.7865871962973077,-0.03626368848715393
GUARDA,ZAMORA,0.18716535145842778,dry-dry,304,32,43,14,7.441268179212793,3.0930232558139537,1.8813997376292722,0.46310658623050477
GUARDA,ZAMORA,0.18716535145842778,wet-wet,113,12,59,7,17.09613754518725,1.1172316384180792,0.4094492093022834,-0.24957299642595238
GUARDA,ZAMORA,0.18716535145842778,dry-wet,187,137,64,39,15.721723273310376,0.8317746350364964,2.480644094926124,-0.11638904034246864
HUELVA,TAVIRA,0.06404614871405145,dry-dry,104,15,18,14,2.6872889187103928,5.392592592592592,5.209711506092349,0.9348445016258906
HUELVA,TORREVIEJA,0.553259007809491,dry-dry,107,20,6,3,1.4940601084816272,2.675,2.0079513420974866,0.4150790443635778
LORCA,MONTSERRAT,0.6187588091833509,dry-dry,1551,91,137,20,11.733117812407658,2.4881687655410283,1.7045767646558696,0.31277930494534906
LORCA,MONTSERRAT,0.6187588091833509,wet-wet,114,74,56,39,40.99671889801302,1.0728764478764479,0.9512956414151037,0.1379341553796959
LORCA,MONTSERRAT,0.6187588091833509,dry-wet,391,125,184,22,21.85890316424964,0.374,1.0064548909288882,-0.4025604794291452
LORCA,OURENSE,0.8338017764499513,dry-dry,843,58,178,14,12.393623346048033,1.1431615652847733,1.1296131574358514,0.04489836328442414
LORCA,OURENSE,0.8338017764499513,dry-wet,720,132,209,35,29.72664420126077,0.9134406263592867,1.1773949243324136,0.08187670302917537
LORCA,OVIEDO,0.8581598186731159,dry-dry,921,66,259,21,17.181021185695855,1.1314496314496314,1.2222789188737895,0.0883253498257787
LORCA,OVIEDO,0.8581598186731159,wet-wet,103,64,40,24,22.31932552141298,0.965625,1.0753013112772871,-0.06105068753835938
LORCA,OVIEDO,0.8581598186731159,dry-wet,861,144,282,42,39.93707089168437,0.8905141843971631,1.05165449198592,0.07281399552186184
LORCA,PAMPLONA,0.7035442197227552,dry-dry,1013,63,228,16,15.11246543574298,1.1283764967975494,1.0587286414669232,0.04063616400341041
LORCA,PAMPLONA,0.7035442197227552,dry-wet,796,123,253,25,33.5312221101039,0.6394807031074263,0.7455737795034556,-0.08486416437160105
LORCA,PONFERRADA,0.7945603477952629,dry-dry,914,71,168,12,12.115629047895919,0.9195171026156942,0.9904562076439606,-0.0318023562863832
LORCA,PONFERRADA,0.7945603477952629,dry-wet,670,132,194,25,28.09079127815501,0.6540924711027803,0.8899713700639474,-0.13393256708631654
LORCA,PORTO,0.7809770318703814,dry-dry,949,64,211,8,13.882354803325406,0.5622037914691943,0.5762711091409121,-0.17817603603933194
LORCA,PORTO,0.7809770318703814,dry-wet,878,161,245,44,35.97291932904213,0.9793890226898213,1.2231423198527382,0.06682879288238208
LORCA,SORIA,0.5657299800498605,dry-dry,742,55,135,17,10.107161490604579,1.6988552188552188,1.6819756977073008,0.186198915155919
LORCA,SORIA,0.5657299800498605,wet-wet,105,67,44,30,25.562330901971798,1.0685210312075983,1.173601895501865,0.12900866651613782
LORCA,SORIA,0.5657299800498605,dry-wet,473,93,182,23,22.02235929997451,0.6427389814486588,1.044393095522087,-0.1806142323473442
LORCA,TARIFA,0.4080755884507332,dry-dry,1203,62,189,38,14.328878567683214,3.901177675371224,2.651987021908588,0.6071979014434918
LORCA,TARIFA,0.4080755884507332,wet-wet,164,98,68,50,38.04590105580086,1.2304921968787514,1.314202019467653,0.3454890949129095
LORCA,TARIFA,0.4080755884507332,dry-wet,465,114,181,26,20.78088609303643,0.5859261413201512,1.2511497288227988,-0.25078377574490557
LORCA,TAVIRA,0.5255454388768291,dry-dry,575,22,71,7,5.6881018748563985,2.5768245838668373,1.2306389994424496,0.35992083747371945
LORCA,TAVIRA,0.5255454388768291,dry-wet,195,61,81,19,11.273587315151028,0.7498482088646024,1.6853552883264704,-0.06975694396699844
LORCA,TORREVIEJA,0.09587509043703292,dry-dry,1550,117,119,62,10.040376188931678,6.902248078718667,6.175067431073712,0.7790443779754889
LORCA,TORREVIEJA,0.09587509043703292,wet-wet,163,96,97,76,71.4551003639771,1.3303264604810996,1.063604971693723,0.677043830264813
LORCA,TORREVIEJA,0.09587509043703292,dry-wet,197,82,104,11,12.355410665439962,0.2541041275797373,0.8902982100602079,-0.615917219124751
LORCA,VALENCIA,0.27421201025404085,dry-dry,1437,85,105,35,10.939852645580189,5.635294117647059,3.1993118311461313,0.6496914306085757
LORCA,VALENCIA,0.27421201025404085,wet-wet,164,102,78,65,53.36274223049512,1.3398692810457515,1.2180783311179715,0.6229425063458237
LORCA,VALENCIA,0.27421201025404085,dry-wet,269,98,136,20,15.254188018983008,0.40366146458583435,1.3111153458388665,-0.41687574146358675
LORCA,VANDELLOS,0.5024655762665521,dry-dry,1112,80,100,19,9.31111724095927,2.641,2.0405714489792572,0.34374615470626196
LORCA,VANDELLOS,0.5024655762665521,dry-wet,281,100,126,19,16.685189390174045,0.42373015873015873,1.1387344521956193,-0.38463385547840534
LORCA,VIMIANZO,0.9770034849698492,dry-dry,864,68,232,9,15.771994903118536,0.49290060851926976,0.5706316832641422,-0.22807299217127036
LORCA,VIMIANZO,0.9770034849698492,wet-wet,122,82,28,13,17.101333996513816,0.6907665505226481,0.7601746157726706,-0.3663949501427321
LORCA,VIMIANZO,0.9770034849698492,dry-wet,1328,186,284,52,43.98844291966684,1.3072845676207785,1.1821286808210996,0.13809901885034634
LORCA,ZAMORA,0.6337231376571801,dry-dry,1243,73,181,16,13.617952149731089,1.5051842882010142,1.1749196813205096,0.14818911170276175
LORCA,ZAMORA,0.6337231376571801,dry-wet,545,151,216,45,28.983901828823086,0.7519315673289183,1.552585992933832,0.00027050885330884853
MONTSERRAT,OURENSE,0.8522662083876855,dry-dry,761,50,162,13,15.585241565351613,1.221358024691358,0.834122457806557,0.07383511927517293
MONTSERRAT,OURENSE,0.8522662083876855,wet-wet,193,105,63,35,32.66985042166555,1.0211640211640212,1.0713241581537567,0.05611018331451967
MONTSERRAT,OURENSE,0.8522662083876855,dry-wet,602,188,178,39,32.37400210698281,0.7015897681090126,1.2046703361271487,-0.1933373139544327
MONTSERRAT,OVIEDO,0.7145524231250477,dry-dry,860,71,236,38,21.949647569624332,1.9503461446645978,1.731235086097119,0.35910054325208757
MONTSERRAT,OVIEDO,0.7145524231250477,wet-wet,217,127,72,46,41.123057234427655,1.0916447944007,1.118593876368935,0.12835756099008366
MONTSERRAT,OVIEDO,0.7145524231250477,dry-wet,737,173,272,49,41.1757417492105,0.7674472968378103,1.190021063820654,-0.15743846841769485
MONTSERRAT,PAMPLONA,0.3462495099191019,dry-dry,942,97,203,52,19.699050997116267,2.487633944441623,2.6397210712136463,0.490293184309741
MONTSERRAT,PAMPLONA,0.3462495099191019,wet-wet,222,127,81,51,42.33577610241615,1.100612423447069,1.2046548969983186,0.14468971068458295
MONTSERRAT,PAMPLONA,0.3462495099191019,dry-wet,637,148,221,28,33.51721207855833,0.5453100158982512,0.835391676800953,-0.32087124877245815
MONTSERRAT,PONFERRADA,0.7482672721555206,dry-dry,833,57,137,14,14.787536141114048,1.4934050454603662,0.9467432482599689,0.14403546385324917
MONTSERRAT,PONFERRADA,0.7482672721555206,wet-wet,172,91,67,39,28.32920736492592,1.1002132196162047,1.3766710623992067,0.11275845727387306
MONTSERRAT,PONFERRADA,0.7482672721555206,dry-wet,554,174,177,44,29.511936862235398,0.7914799662315735,1.4909221378927549,-0.09366822839380921
MONTSERRAT,PORTO,0.9192672912892503,dry-dry,935,57,182,12,18.391859387702347,1.0815500289184499,0.6524625785266583,0.04307601611435368
MONTSERRAT,PORTO,0.9192672912892503,wet-wet,211,108,66,38,33.53221763067362,1.1248597081930416,1.133238499717939,0.14055986525795441
MONTSERRAT,PORTO,0.9192672912892503,dry-wet,682,191,207,47,34.429644071938505,0.8107342489313807,1.3651026975996776,-0.1247160176291004
MONTSERRAT,SORIA,0.3780159902987535,dry-dry,741,60,142,36,13.648908280482917,3.130985915492958,2.637573589052374,0.5766148866644285
MONTSERRAT,SORIA,0.3780159902987535,wet-wet,205,108,84,54,43.79934331013681,1.2202380952380953,1.2328951970269009,0.29063750497134383
MONTSERRAT,SORIA,0.3780159902987535,dry-wet,387,139,146,29,23.824759820019082,0.5530205972208535,1.2172210850844487,-0.2829886462234423
MONTSERRAT,TARIFA,0.9997510395031189,dry-dry,1097,74,171,41,18.012470983585132,3.5543701596333177,2.276200752099117,0.5816884163672716
MONTSERRAT,TARIFA,0.9997510395031189,wet-wet,213,110,88,54,43.740418738824474,1.1882231404958679,1.2345560823831119,0.23366033496712613
MONTSERRAT,TARIFA,0.9997510395031189,dry-wet,467,177,184,48,29.772342194450594,0.68828297715549,1.6122345929823063,-0.183564192156812
MONTSERRAT,TAVIRA,1.0286039203020003,dry-dry,613,41,74,8,8.2248761725164,1.6163480553724456,0.9726590202940892,0.1633662169822894
MONTSERRAT,TAVIRA,1.0286039203020003,dry-wet,211,90,81,26,14.803122285033286,0.7525377229080933,1.7563862203778002,-0.059976275357181134
MONTSERRAT,TORREVIEJA,0.5407699272642434,dry-dry,1304,126,100,35,11.271098565670682,3.6222222222222222,3.1052873680479025,0.5095262928856805
MONTSERRAT,TORREVIEJA,0.5407699272642434,wet-wet,120,61,78,42,46.58498674423859,1.0592686002522067,0.9015780176259116,0.14691725005742498
MONTSERRAT,TORREVIEJA,0.5407699272642434,dry-wet,358,162,132,30,22.416450243832656,0.5022446689113356,1.3383028835376722,-0.315345823535374
MONTSERRAT,VALENCIA,0.3463942989946013,dry-dry,1284,115,105,45,13.364315807251696,4.785093167701864,3.3671757424036826,0.6526476847147764
MONTSERRAT,VALENCIA,0.3463942989946013,wet-wet,193,91,100,61,55.81823419659627,1.2937362637362637,1.092832850733922,0.41938959348640237
MONTSERRAT,VALENCIA,0.3463942989946013,dry-wet,307,146,123,26,19.944438021391512,0.44448156810335226,1.3036215897441463,-0.37080126463783636
MONTSERRAT,VANDELLOS,0.12102018845009273,dry-dry,1215,120,107,70,13.800536576738782,6.623831775700935,5.072266546359298,0.8457361287040868
MONTSERRAT,VANDELLOS,0.12102018845009273,wet-wet,196,94,111,77,65.05313455041558,1.4464251485528081,1.1836478062456115,0.6973913450399862
MONTSERRAT,VANDELLOS,0.12102018845009273,dry-wet,187,99,75,9,13.255952432843333,0.22666666666666666,0.6789402757436982,-0.615189895509813
MONTSERRAT,VIMIANZO,0.97073385061506,dry-dry,853,66,212,24,20.852287245168725,1.463121783876501,1.1509528771507103,0.21475056610449034
MONTSERRAT,VIMIANZO,0.97073385061506,wet-wet,268,143,56,26,32.83674021586459,0.8701298701298701,0.791796013522636,-0.09504470765102714
MONTSERRAT,VIMIANZO,0.97073385061506,dry-wet,1012,189,246,38,38.270734937474714,0.8271174775239816,0.9929257972725888,-0.18458303088631106
MONTSERRAT,ZAMORA,0.6611291976270082,dry-dry,1197,83,181,33,18.29939138057745,2.62936830193703,1.8033386637670057,0.3881816476332512
MONTSERRAT,ZAMORA,0.6611291976270082,wet-wet,191,89,103,58,44.9083798031441,1.2084651467219374,1.29151842605418,0.2298352172971072
MONTSERRAT,ZAMORA,0.6611291976270082,dry-wet,479,206,190,60,32.88988731846365,0.7342871742462953,1.8242689437952966,-0.10420283710941132
OURENSE,OVIEDO,0.22277897726352877,dry-dry,703,141,145,87,35.57287097631609,2.991489361702128,2.4456839611827608,0.7134125305865192
OURENSE,OVIEDO,0.22277897726352877,wet-wet,494,173,170,98,50.58047225506916,1.6461067664059843,1.9375066232241134,0.5278922773263265
OURENSE,OVIEDO,0.22277897726352877,dry-wet,423,102,218,27,34.39470381296997,0.5136265515380464,0.7850045793916246,-0.4524994722718459
OURENSE,PAMPLONA,0.5470887547468645,dry-dry,657,109,87,38,25.3119352826698,2.6327111673521038,1.5012680609221245,0.4681421843697043
OURENSE,PAMPLONA,0.5470887547468645,wet-wet,394,126,107,49,39.753548973567625,1.4319833852544133,1.2325943535904278,0.2837425005350845
OURENSE,PAMPLONA,0.5470887547468645,dry-wet,438,140,222,45,34.22614686433813,0.6341698841698842,1.314784284026072,-0.284190635159696
OURENSE,PONFERRADA,0.11462273674607268,dry-dry,746,142,116,103,31.296207170001914,4.6647644487615345,3.29113363291919,0.9171173127575881
OURENSE,PONFERRADA,0.11462273674607268,wet-wet,563,139,159,119,50.01161530551245,3.0314012940590924,2.3794472398671638,0.9056238234753407
OURENSE,PONFERRADA,0.11462273674607268,dry-wet,125,54,66,3,9.181793832273069,0.10521885521885523,0.3267335397420171,-0.7095356501180112
OURENSE,PORTO,0.16528301057646214,dry-dry,793,128,155,111,33.70379272652378,4.43664314516129,3.29339789443479,0.8956081547772693
OURENSE,PORTO,0.16528301057646214,wet-wet,619,169,164,118,54.45123966907685,2.6353730697070286,2.1670764654236665,0.819624089740834
OURENSE,PORTO,0.16528301057646214,dry-wet,193,124,63,10,14.720003784725707,0.2470558115719406,0.6793476514168125,-0.6177773903366923
OURENSE,SORIA,0.47516497210681685,dry-dry,523,115,66,43,20.72814745716787,2.9629776021080367,2.074473856810124,0.5925096646343131
OURENSE,SORIA,0.47516497210681685,wet-wet,408,107,140,72,46.02316848403538,1.961014686248331,1.564429446550937,0.6493673936698159
OURENSE,SORIA,0.47516497210681685,dry-wet,278,86,150,21,20.35460248871486,0.4525581395348837,1.0317076942005114,-0.44980110152182373
OURENSE,TARIFA,0.882299443123547,dry-dry,627,123,74,31,19.505485535967075,2.135464733025709,1.589296505479838,0.356254551172745
OURENSE,TARIFA,0.882299443123547,wet-wet,279,76,116,40,30.56738817268867,1.265880217785844,1.3085841608063582,0.23663797427908453
OURENSE,TARIFA,0.882299443123547,dry-wet,514,150,182,37,32.45044096116279,0.6966300366300366,1.1402002223723922,-0.24613488483996407
OURENSE,TAVIRA,0.7099359687761335,dry-dry,285,66,41,28,8.63235580184188,2.9490022172949004,3.2436105094307695,0.6834496268988929
OURENSE,TAVIRA,0.7099359687761335,wet-wet,123,33,68,25,17.44059203505697,1.3703208556149733,1.4334375776778692,0.3917088505952862
OURENSE,TAVIRA,0.7099359687761335,dry-wet,205,60,60,9,11.610263423915452,0.5125,0.7751762101677478,-0.29274888980700614
OURENSE,TORREVIEJA,0.8604018799798282,dry-dry,727,170,63,12,12.296606698650132,0.8145658263305322,0.9758789797934505,-0.06267152532581725
OURENSE,TORREVIEJA,0.8604018799798282,dry-wet,681,189,147,30,33.06301828369301,0.735341755749919,0.907358177120698,0.017019258475406703
OURENSE,VALENCIA,0.7601821871215972,dry-dry,602,141,35,9,12.020127525266146,1.097872340425532,0.7487441361235246,0.024400657516068836
OURENSE,VALENCIA,0.7601821871215972,wet-wet,131,43,76,21,20.6455034521448,0.8417992656058751,1.0171706419597324,-0.16986617663673373
OURENSE,VALENCIA,0.7601821871215972,dry-wet,610,176,145,39,32.15795502003152,0.9322100313479624,1.2127636840000087,0.014319919596579784
OURENSE,VANDELLOS,0.7844061430317679,dry-dry,535,116,43,9,11.665330914571431,0.9653167602245389,0.7715169047418873,-0.0676701418486034
OURENSE,VANDELLOS,0.7844061430317679,wet-wet,133,25,77,15,23.578605390808335,1.0363636363636364,0.6361699409858846,0.06804416346870797
OURENSE,VANDELLOS,0.7844061430317679,dry-wet,481,139,123,27,24.26055679841201,0.7596069485874715,1.112917573341404,-0.15265975352371938
OURENSE,VIMIANZO,0.14383792815337507,dry-dry,756,94,175,76,36.09386577084338,3.4927659574468084,2.1056209518403204,0.7871093299262214
OURENSE,VIMIANZO,0.14383792815337507,wet-wet,687,204,112,88,45.32691576263662,2.6460084033613445,1.941451310317019,0.7578519376437646
OURENSE,VIMIANZO,0.14383792815337507,dry-wet,388,154,132,11,21.922285896702263,0.20995670995670995,0.5017724908721637,-0.5832765410766794
OURENSE,ZAMORA,0.21572873197422135,dry-dry,794,168,93,79,26.01385426449067,4.014720942140297,3.036843337276486,0.8246775589619679
OURENSE,ZAMORA,0.21572873197422135,wet-wet,426,120,194,93,54.37608414688292,1.7018041237113402,1.7103107268405826,0.6339148761177308
OURENSE,ZAMORA,0.21572873197422135,dry-wet,300,92,145,9,19.999610409231604,0.20239880059970014,0.45000876596304584,-0.6227660710043167
OVIEDO,PAMPLONA,0.376822607214375,dry-dry,765,194,139,95,40.592990487209676,2.6950604464881702,2.3403055271311746,0.6620567467214556
OVIEDO,PAMPLONA,0.376822607214375,wet-wet,526,177,161,95,59.64579106657918,1.7535179141664035,1.5927360221269753,0.5480877153832842
OVIEDO,PAMPLONA,0.376822607214375,dry-wet,436,184,194,40,37.8562676544143,0.48857014791573283,1.056628201310166,-0.41894041870963683
OVIEDO,PONFERRADA,0.12479959723548,dry-dry,761,151,134,90,33.98257645680728,3.384896708510428,2.6484160232639304,0.7700657047893954
OVIEDO,PONFERRADA,0.12479959723548,wet-wet,457,155,165,93,44.962907963622456,1.6618181818181819,2.068371558068314,0.5313486011895704
OVIEDO,PONFERRADA,0.12479959723548,dry-wet,387,181,83,16,28.0934423958066,0.4121680090527857,0.5695279266448408,-0.48210979840223
OVIEDO,PORTO,0.3787681239309033,dry-dry,780,136,144,64,35.16874867960263,2.549019607843137,1.8197974736905862,0.5428467065238071
OVIEDO,PORTO,0.3787681239309033,wet-wet,487,157,170,66,46.23819279133594,1.2042712626451855,1.4273914272092183,0.1541455877855367
OVIEDO,PORTO,0.3787681239309033,dry-wet,628,287,149,45,48.03208180448686,0.6608516708369385,0.9368738207761043,-0.28709891689115297
OVIEDO,SORIA,0.3658144242643526,dry-dry,549,137,87,52,25.986029799494215,2.395167379813743,2.001075208534245,0.5510894177147648
OVIEDO,SORIA,0.3658144242643526,wet-wet,349,119,149,73,44.33880132851337,1.4368619931193953,1.6464134756176911,0.41906031284950523
OVIEDO,SORIA,0.3658144242643526,dry-wet,407,176,137,37,32.82206752478978,0.6245437956204379,1.1272903503734102,-0.2847480553969714
OVIEDO,TARIFA,1.0002885404842239,dry-dry,680,187,88,45,27.50219512812344,1.859504132231405,1.6362330275950774,0.332430436530111
OVIEDO,TARIFA,1.0002885404842239,wet-wet,295,107,135,60,36.33704122776062,1.22533748701973,1.6512076375156668,0.25726096835875994
OVIEDO,TARIFA,1.0002885404842239,dry-wet,676,241,175,52,46.59642578411923,0.833479549496147,1.1159654227754607,-0.128357869548291
OVIEDO,TAVIRA,0.8637584635154376,dry-dry,364,87,58,23,12.129660793450244,1.659135949266746,1.8961783343866885,0.21533032980284594
OVIEDO,TAVIRA,0.8637584635154376,dry-wet,333,113,78,22,21.393105746205066,0.8311776718856365,1.0283686838645478,-0.10445000362129334
OVIEDO,TORREVIEJA,0.8600401644164368,dry-dry,896,249,83,30,18.905237928719817,1.3006241834809116,1.5868618058715684,0.13230438354971982
OVIEDO,TORREVIEJA,0.8600401644164368,wet-wet,110,45,74,24,25.40468944986349,0.7927927927927928,0.9447074740812847,-0.3846104045745331
OVIEDO,TORREVIEJA,0.8600401644164368,dry-wet,799,262,171,41,44.09447740708507,0.7311950359358957,0.9298216559294599,-0.01679158749614535
OVIEDO,VALENCIA,0.7137681668359505,dry-dry,711,206,63,17,18.10619246417451,0.9313453536754508,0.9389052962756661,-0.028306716847801103
OVIEDO,VALENCIA,0.7137681668359505,wet-wet,140,45,90,32,24.076008724747656,1.1061728395061727,1.329123957622897,0.14212029257963318
OVIEDO,VALENCIA,0.7137681668359505,dry-wet,758,252,161,44,42.67813144235761,0.8220447599329587,1.0309729717063116,-0.023764458972924864
OVIEDO,VANDELLOS,0.673099838879864,dry-dry,624,174,61,20,17.53401108852281,1.1758055398530243,1.1406403189223113,0.030754789301189342
OVIEDO,VANDELLOS,0.673099838879864,wet-wet,142,38,89,29,28.024520907439168,1.2176227084565345,1.0348080559800716,0.2794757578374259
OVIEDO,VANDELLOS,0.673099838879864,dry-wet,595,207,123,33,33.30556030383687,0.771179450924944,0.9908255468141255,-0.17799415407866137
OVIEDO,VIMIANZO,0.2797860973512317,dry-dry,778,133,196,88,45.71061386371078,2.626361822924659,1.9251546317530939,0.6482096508549693
OVIEDO,VIMIANZO,0.2797860973512317,wet-wet,729,239,170,87,52.928549478641244,1.560989416687177,1.6437253780232146,0.3756470488938098
OVIEDO,VIMIANZO,0.2797860973512317,dry-wet,627,297,161,37,44.28187662638335,0.48516218081435475,0.8355562776207011,-0.4208851004937572
OVIEDO,ZAMORA,0.25066226736830066,dry-dry,818,211,131,89,30.631734925160742,2.6338410332477116,2.90548348689502,0.6542640597220184
OVIEDO,ZAMORA,0.25066226736830066,wet-wet,360,115,175,70,50.59997413362488,1.2521739130434784,1.3833999166707742,0.2557810686272753
OVIEDO,ZAMORA,0.25066226736830066,dry-wet,604,245,139,34,42.17731952451366,0.6030245191601821,0.8061204548629278,-0.3705012124986079
PAMPLONA,PONFERRADA,0.4344219894142916,dry-dry,688,101,115,54,24.456496647993664,3.1986224709427464,2.2080022652970617,0.5994362321264
PAMPLONA,PONFERRADA,0.4344219894142916,wet-wet,373,106,126,59,36.65230581863267,1.6477238694219827,1.609721371745365,0.4359149719239287
PAMPLONA,PONFERRADA,0.4344219894142916,dry-wet,407,207,114,36,29.329311795260395,0.6209000762776506,1.2274410068434536,-0.273574473480486
PAMPLONA,PORTO,0.6513699750076883,dry-dry,697,88,127,34,25.712916312551677,2.120436649964209,1.3222926402713413,0.3549707332329795
PAMPLONA,PORTO,0.6513699750076883,wet-wet,406,111,127,41,38.14971971291595,1.18081861388948,1.074713007291612,0.10270360096040475
PAMPLONA,PORTO,0.6513699750076883,dry-wet,509,260,156,55,37.77232121878177,0.6902120315581854,1.456092668529251,-0.2175550705175553
PAMPLONA,SORIA,0.16008198040933486,dry-dry,614,117,99,70,22.89142062918245,3.710610377277044,3.057914191256552,0.8050007879521897
PAMPLONA,SORIA,0.16008198040933486,wet-wet,377,118,152,75,48.197648802700314,1.5764384478144513,1.5560925037446653,0.4914948240401553
PAMPLONA,SORIA,0.16008198040933486,dry-wet,278,137,101,21,23.17612580124863,0.42191226421912265,0.9061048503140507,-0.46153572771755436
PAMPLONA,TARIFA,0.9894140921844281,dry-dry,751,147,108,45,24.23941640956233,2.128684807256236,1.8564803392810942,0.411164899588301
PAMPLONA,TARIFA,0.9894140921844281,wet-wet,282,85,132,44,34.694719858693844,1.1058823529411765,1.2682045042935959,0.08007322710494096
PAMPLONA,TARIFA,0.9894140921844281,dry-wet,580,217,166,41,39.11964244652855,0.6601521292543445,1.048066838955434,-0.2246917756171699
PAMPLONA,TAVIRA,0.9373984756420505,dry-dry,244,40,37,13,6.572319505927656,2.1432432432432433,1.977992699270804,0.33412120549461827
PAMPLONA,TAVIRA,0.9373984756420505,dry-wet,189,68,31,9,11.795499185719903,0.8069259962049335,0.7630028927385927,-0.23599871096152017
PAMPLONA,TORREVIEJA,0.6645372579105153,dry-dry,781,190,79,29,13.967468715418091,1.508927381745503,2.0762530842820603,0.1952176963634336
PAMPLONA,TORREVIEJA,0.6645372579105153,dry-wet,660,217,119,34,33.14358711765756,0.8689927583936801,1.0258394747467203,0.09902028376892824
PAMPLONA,VALENCIA,0.468061784552402,dry-dry,810,177,71,30,16.144884696121423,1.933635712580568,1.8581736918323777,0.3265709230514594
PAMPLONA,VALENCIA,0.468061784552402,wet-wet,150,59,97,37,25.95853250128837,0.9697710990739122,1.4253502195535752,-0.003675670078610132
PAMPLONA,VALENCIA,0.468061784552402,dry-wet,680,212,139,36,37.00050745193336,0.8307316411022125,0.9729596289123035,-0.01594014456964977
PAMPLONA,VANDELLOS,0.3349233542175873,dry-dry,669,150,67,31,14.952967098507964,2.0635820895522388,2.0731671377176535,0.3823286076649044
PAMPLONA,VANDELLOS,0.3349233542175873,wet-wet,154,45,95,32,30.584561991489316,1.152748538011696,1.0462794925395549,0.2018727691536998
PAMPLONA,VANDELLOS,0.3349233542175873,dry-wet,466,161,107,20,26.452275778560207,0.5410112033435885,0.7560786137051455,-0.29378405282670267
PAMPLONA,VIMIANZO,0.6473942164570747,dry-dry,726,77,181,46,35.493271177584305,2.3962115232833465,1.2960203011395353,0.517414186546269
PAMPLONA,VIMIANZO,0.6473942164570747,wet-wet,626,188,133,71,44.08526345903259,1.777555591105423,1.6105154972245692,0.4380027697895988
PAMPLONA,VIMIANZO,0.6473942164570747,dry-wet,641,277,167,48,38.850370483889805,0.6651246243974146,1.2355094533758513,-0.2625579349287162
PAMPLONA,ZAMORA,0.39917848827833396,dry-dry,861,167,131,75,25.56349347595217,2.951730127531197,2.933871306382801,0.5926124042941975
PAMPLONA,ZAMORA,0.39917848827833396,wet-wet,339,92,175,55,47.81253784573177,1.1580745341614906,1.1503258868512427,0.11154962990535819
PAMPLONA,ZAMORA,0.39917848827833396,dry-wet,557,249,128,32,39.29173681958755,0.5592369477911646,0.8144206031647727,-0.41097428232396416
PONFERRADA,PORTO,0.25664623667062253,dry-dry,831,101,151,83,29.514285246375728,4.522523113238476,2.812197527642726,0.8546494290597205
PONFERRADA,PORTO,0.25664623667062253,wet-wet,512,152,130,90,42.637132041360275,2.331983805668016,2.110836158320762,0.7301728560412479
PONFERRADA,PORTO,0.25664623667062253,dry-wet,242,125,95,13,16.3094123707726,0.2649263157894737,0.7970857382511675,-0.5469950641351322
PONFERRADA,SORIA,0.3750312882024775,dry-dry,625,107,67,46,20.44632770192008,4.0103222206723395,2.249792758416966,0.6929825778641188
PONFERRADA,SORIA,0.3750312882024775,wet-wet,364,110,121,71,40.04942078554747,1.9416979714500375,1.7728096588508364,0.643497035290421
PONFERRADA,SORIA,0.3750312882024775,dry-wet,245,78,137,18,17.294805226027744,0.41268950028074114,1.040774947433983,-0.42689956037347226
PONFERRADA,TARIFA,0.8967382848500989,dry-dry,666,115,81,27,19.243072449697785,1.9304347826086956,1.403102340885488,0.3269259678933352
PONFERRADA,TARIFA,0.8967382848500989,wet-wet,253,91,103,49,26.937784128502948,1.3226288274831963,1.8190063357198323,0.3339633132652802
PONFERRADA,TARIFA,0.8967382848500989,dry-wet,480,136,176,35,28.344808524326176,0.7018716577540107,1.234794017746219,-0.21000542330352623
PONFERRADA,TAVIRA,0.7478481243180282,dry-dry,290,51,44,23,7.329011701520942,2.9723707664884134,3.138213027443654,0.5757260169631676
PONFERRADA,TAVIRA,0.7478481243180282,dry-wet,189,53,43,6,10.152568438356823,0.49758666081614744,0.5909834576767542,-0.3337949431634609
PONFERRADA,TORREVIEJA,0.8091987553789503,dry-dry,819,148,79,11,12.16872820278129,0.7705268559698939,0.9039564214677616,-0.08470340793804405
PONFERRADA,TORREVIEJA,0.8091987553789503,dry-wet,611,172,140,27,29.423482170857426,0.6850913621262459,0.9176344201279558,-0.009764765655207711
PONFERRADA,VALENCIA,0.6873597982338859,dry-dry,743,134,64,14,13.272043119138466,1.212919776119403,1.0548488935973852,0.07585956713680224
PONFERRADA,VALENCIA,0.6873597982338859,wet-wet,115,47,65,25,17.439838422119166,0.9410801963993454,1.4334995195994584,-0.041945202637300054
PONFERRADA,VALENCIA,0.6873597982338859,dry-wet,587,160,141,29,29.700423092949922,0.7545656028368795,0.9764170668290518,-0.05180351992723183
PONFERRADA,VANDELLOS,0.6877805447493095,dry-dry,565,104,38,7,11.123922707322803,1.000759109311741,0.6292744191212285,-0.015735215430989682
PONFERRADA,VANDELLOS,0.6877805447493095,wet-wet,125,38,70,24,21.508375871390946,1.1278195488721805,1.1158443642378062,0.15857737801332797
PONFERRADA,VANDELLOS,0.6877805447493095,dry-wet,444,131,133,38,23.398758445907816,0.9683751363140676,1.624017790851881,-0.028339909185275933
PONFERRADA,VIMIANZO,0.2238691906402687,dry-dry,755,70,181,54,32.08936194572757,3.217837411207577,1.6828006767890769,0.7324708780274557
PONFERRADA,VIMIANZO,0.2238691906402687,wet-wet,609,187,90,68,38.24707608121182,2.4606060606060605,1.7779136856269062,0.6645127246061721
PONFERRADA,VIMIANZO,0.2238691906402687,dry-wet,443,164,138,12,21.522223803621994,0.23488865323435842,0.5575632011586326,-0.5414575956060388
PONFERRADA,ZAMORA,0.16155106552986837,dry-dry,921,162,104,87,26.635288527640917,4.755876068376068,3.2663434416982295,0.8584333391392902
PONFERRADA,ZAMORA,0.16155106552986837,wet-wet,403,122,176,94,49.53649499242952,1.7642511177347242,1.89759085729351,0.666906460425188
PONFERRADA,ZAMORA,0.16155106552986837,dry-wet,263,98,115,6,16.925649972742093,0.14001774622892635,0.35449155628662404,-0.6669423392735755
PORTO,SORIA,0.5457716770353707,dry-dry,589,121,56,30,21.327584707657834,2.607733175914994,1.4066290398663037,0.44194294350018964
PORTO,SORIA,0.5457716770353707,wet-wet,406,119,140,71,42.93111008970068,1.7302521008403362,1.6538123484729816,0.5183775573167041
PORTO,SORIA,0.5457716770353707,dry-wet,354,110,191,34,25.52869047618462,0.5728700618752974,1.3318348636691002,-0.3027811231135539
PORTO,TARIFA,0.7600676331883891,dry-dry,786,148,70,24,22.789636703201257,1.8208494208494208,1.0531102497403446,0.26233713923970076
PORTO,TARIFA,0.7600676331883891,wet-wet,318,83,100,35,32.01062355230614,1.3409638554216867,1.093387010809369,0.24758794551314567
PORTO,TARIFA,0.7600676331883891,dry-wet,594,183,210,52,35.66059599531494,0.8037470725995316,1.4581921179004331,-0.10579668561692092
PORTO,TAVIRA,0.5678350387943679,dry-dry,570,122,55,35,14.761665654966993,2.9731743666169894,2.371006146465811,0.5483796968616649
PORTO,TAVIRA,0.5678350387943679,wet-wet,184,49,92,35,23.332661932632128,1.4285714285714286,1.5000431627156265,0.4399405115099224
PORTO,TAVIRA,0.5678350387943679,dry-wet,362,103,103,15,18.679791732551003,0.5118295786596286,0.8030068115728144,-0.31762922534523275
PORTO,TORREVIEJA,0.8247876968453945,dry-dry,1222,268,97,19,19.789498765318157,0.8931374057547316,0.9601051661448958,-0.025710861021126793
PORTO,TORREVIEJA,0.8247876968453945,wet-wet,124,41,89,27,24.404851967209275,0.9175116470265826,1.106337380627328,-0.14628593592225023
PORTO,TORREVIEJA,0.8247876968453945,dry-wet,1056,292,214,50,46.553505971272465,0.8449622327486878,1.074032963937331,0.01759533470882797
PORTO,VALENCIA,0.7636840600784899,dry-dry,729,163,59,9,14.240473436253042,0.6822293854632422,0.6320014598031568,-0.13431380795137293
PORTO,VALENCIA,0.7636840600784899,wet-wet,154,45,87,22,22.343674976256878,0.865389527458493,0.9846186906754562,-0.1509136641146524
PORTO,VALENCIA,0.7636840600784899,dry-wet,722,196,180,45,36.40880138336539,0.9209183673469388,1.2359648845940803,-0.004545383231444447
PORTO,VANDELLOS,0.8343121473006241,dry-dry,743,146,55,15,15.263606730116113,1.387920298879203,0.9827297220914374,0.1560828884694679
PORTO,VANDELLOS,0.8343121473006241,wet-wet,146,37,83,19,24.131453028513995,0.9032888309996744,0.7873541629486375,-0.08850436582040007
PORTO,VANDELLOS,0.8343121473006241,dry-wet,564,171,145,34,28.48950139210382,0.7733817301875379,1.1934220796655808,-0.1390120030267624
PORTO,VIMIANZO,0.25084137496856607,dry-dry,916,140,221,106,42.56837513924688,3.138202973497091,2.490111488945954,0.7854324336323105
PORTO,VIMIANZO,0.25084137496856607,wet-wet,836,244,127,91,50.670008389128654,2.4550148444559183,1.7959341806527946,0.6500908148850529
PORTO,VIMIANZO,0.25084137496856607,dry-wet,543,189,181,19,29.413404685498836,0.30158730158730157,0.6459639814960704,-0.48099120157094
PORTO,ZAMORA,0.259792802110727,dry-dry,879,185,77,64,26.937303310977775,3.949175149175149,2.375887417576727,0.7415687763162793
PORTO,ZAMORA,0.259792802110727,wet-wet,437,126,188,94,51.714586334538325,1.7341269841269842,1.8176689917216018,0.6294960904736135
PORTO,ZAMORA,0.259792802110727,dry-wet,353,116,166,19,22.49018239945091,0.34830702118820106,0.8448130683219305,-0.4699836804624717
SORIA,TARIFA,0.8307470265440196,dry-dry,586,89,84,34,17.66214808392392,2.6650615302300698,1.9250206621779367,0.4892098597303005
SORIA,TARIFA,0.8307470265440196,wet-wet,283,98,108,63,38.72120599637535,1.6845238095238095,1.6270154397024037,0.5793156144498336
SORIA,TARIFA,0.8307470265440196,dry-wet,333,138,118,29,23.607315574436505,0.593036109064112,1.2284327673156974,-0.30194992354803596
SORIA,TAVIRA,0.7785970528385282,dry-dry,261,46,51,23,7.048381963382116,2.5588235294117645,3.2631602713204284,0.49603958726467023
SORIA,TAVIRA,0.7785970528385282,wet-wet,110,30,57,25,18.642813094257736,1.608187134502924,1.3409993370421318,0.5362394975247693
SORIA,TAVIRA,0.7785970528385282,dry-wet,151,70,41,10,10.613161134312346,0.5261324041811847,0.9422263426935076,-0.3912582306475578
SORIA,TORREVIEJA,0.5401302785939772,dry-dry,676,146,69,32,10.528133413380129,2.14730990669049,3.039475160842038,0.39971005981771207
SORIA,TORREVIEJA,0.5401302785939772,wet-wet,118,47,77,34,30.712869170294557,1.108593534125449,1.1070278003490717,0.185480985049846
SORIA,TORREVIEJA,0.5401302785939772,dry-wet,471,166,110,24,24.84518750041349,0.6190580503833516,0.9659818425439766,-0.14814505953533189
SORIA,VALENCIA,0.3631277292387,dry-dry,668,132,58,33,12.640408235139633,2.8793103448275863,2.610675176475854,0.544642003879343
SORIA,VALENCIA,0.3631277292387,wet-wet,172,72,96,46,33.34872293192356,1.1446759259259258,1.3793631646375824,0.22410878171630674
SORIA,VALENCIA,0.3631277292387,dry-wet,369,139,102,20,21.775523291618672,0.520524756665256,0.9184624283035225,-0.26602343369202974
SORIA,VANDELLOS,0.31319966008783096,dry-dry,514,108,51,32,10.85488503516031,2.9862018881626726,2.947981475284912,0.6041405799537773
SORIA,VANDELLOS,0.31319966008783096,wet-wet,168,62,92,42,37.38076343915458,1.2370266479663394,1.1235725580715934,0.314819975803494
SORIA,VANDELLOS,0.31319966008783096,dry-wet,320,111,100,20,19.47203057706112,0.5765765765765766,1.0271142457818885,-0.32656910826037955
SORIA,VIMIANZO,0.5988858426736478,dry-dry,543,51,141,21,22.448082210142978,1.5857321652065082,0.9354919410670781,0.2473596999723647
SORIA,VIMIANZO,0.5988858426736478,wet-wet,441,160,72,40,34.56740511396478,1.53125,1.1571594647652774,0.33864342332781056
SORIA,VIMIANZO,0.5988858426736478,dry-wet,517,207,151,34,28.446332655223586,0.5623700291134786,1.1952331575422463,-0.2946021629608566
SORIA,ZAMORA,0.28602326941769207,dry-dry,774,126,114,72,21.87301082248254,3.8796992481203008,3.2917279008518383,0.7842362404915477
SORIA,ZAMORA,0.28602326941769207,wet-wet,348,110,168,88,55.0271972916772,1.6571428571428573,1.5992091971093338,0.6116365283103445
SORIA,ZAMORA,0.28602326941769207,dry-wet,274,156,97,25,22.124467202384086,0.4526830557758393,1.1299707139300537,-0.4470797399884404
TARIFA,TAVIRA,0.23371139465298946,dry-dry,473,55,52,24,10.357502669933524,3.9692307692307693,2.3171608798778167,0.6824979775248663
TARIFA,TAVIRA,0.23371139465298946,wet-wet,110,26,52,24,17.97327142352693,1.952662721893491,1.3353161722458666,0.7402593130257066
TARIFA,TAVIRA,0.23371139465298946,dry-wet,140,80,39,15,9.647700211582926,0.6730769230769231,1.554774679046428,-0.26425834789245384
TARIFA,TORREVIEJA,0.5035343283423817,dry-dry,1049,150,57,22,13.843601445523603,2.699181286549708,1.589181838741378,0.3994958546152971
TARIFA,TORREVIEJA,0.5035343283423817,wet-wet,151,49,98,34,37.41654424359845,1.0691378592253227,0.9086889419462358,0.1104757375738329
TARIFA,TORREVIEJA,0.5035343283423817,dry-wet,443,168,127,25,21.968416128824195,0.5190757405324334,1.1379973801205514,-0.4208179853654546
TARIFA,VALENCIA,0.6570002662509301,dry-dry,950,152,48,25,15.037734640128729,3.2552083333333335,1.6624844498377178,0.46348613292509033
TARIFA,VALENCIA,0.6570002662509301,wet-wet,196,70,102,42,36.036090946217925,1.1529411764705881,1.1654982240632845,0.1841021704335461
TARIFA,VALENCIA,0.6570002662509301,dry-wet,418,166,139,33,24.03337908407866,0.5978157233249545,1.3730903126253036,-0.26797492695852454
TARIFA,VANDELLOS,0.879028790191711,dry-dry,848,133,52,31,14.743363662263498,3.801041064198959,2.102640937993432,0.6217018121397863
TARIFA,VANDELLOS,0.879028790191711,wet-wet,148,57,85,41,31.498478673912864,1.2524251805985551,1.301650166169972,0.3548994286054344
TARIFA,VANDELLOS,0.879028790191711,dry-wet,367,144,118,32,22.365186045385332,0.6911487758945386,1.4307951624038757,-0.18858616866862132
TARIFA,VIMIANZO,1.0057925961274885,dry-dry,703,72,171,29,25.3361969498203,1.6558641975308641,1.1446074585477866,0.2778012603597435
TARIFA,VIMIANZO,1.0057925961274885,wet-wet,379,160,69,30,29.29132816131975,1.0298913043478262,1.0241939127777782,0.02790126109352773
TARIFA,VIMIANZO,1.0057925961274885,dry-wet,862,225,203,39,42.317662094161406,0.7360262725779967,0.921601007003193,-0.16528745254946223
TARIFA,ZAMORA,0.7497254706559883,dry-dry,924,123,132,60,22.879977737819946,3.4146341463414633,2.622380173946661,0.6181351282078498
TARIFA,ZAMORA,0.7497254706559883,wet-wet,276,89,138,64,42.0208968952438,1.4382022471910112,1.5230517368429597,0.4394094607941227
TARIFA,ZAMORA,0.7497254706559883,dry-wet,405,179,132,38,28.718018672061024,0.6513458608430676,1.3232110625016469,-0.26683730598521643
TAVIRA,TORREVIEJA,0.6168635454163104,dry-dry,745,102,41,5,8.280251677898438,0.8907221425155428,0.6038463798565384,-0.03816028000511548
TAVIRA,TORREVIEJA,0.6168635454163104,dry-wet,274,108,97,24,16.269249655656907,0.6277205040091638,1.4751755924806937,-0.07828684620853539
TAVIRA,VALENCIA,0.7126063708431614,dry-dry,384,56,27,6,5.363561203524997,1.5238095238095237,1.1186597434661,0.1518533325734209
TAVIRA,VALENCIA,0.7126063708431614,dry-wet,182,68,73,19,12.16071648175428,0.6966156325543916,1.56240794105407,-0.10813002461509114
TAVIRA,VANDELLOS,0.909408908844793,dry-dry,619,76,34,12,8.666278885714116,2.874613003095975,1.3846773405574728,0.4112524191882912
TAVIRA,VANDELLOS,0.909408908844793,dry-wet,217,88,81,26,15.071779267123917,0.7915263748597082,1.725078342721872,-0.04353604118071252
TAVIRA,VIMIANZO,0.8185955372841867,dry-dry,360,38,89,15,11.551694984154327,1.5966883500887048,1.2985107398157392,0.2132782258301251
TAVIRA,VIMIANZO,0.8185955372841867,wet-wet,155,77,33,17,14.794024004482942,1.0369933097205823,1.1491126413508992,0.06116552339343706
TAVIRA,VIMIANZO,0.8185955372841867,dry-wet,435,98,96,12,17.89030392460584,0.5548469387755102,0.6707543958208293,-0.34590736592930504
TAVIRA,ZAMORA,0.6222297580133931,dry-dry,400,54,61,37,9.02826826534808,4.493017607771706,4.098238877328429,0.7984480779801656
TAVIRA,ZAMORA,0.6222297580133931,wet-wet,116,56,57,37,21.994004969863656,1.344611528822055,1.6822766044973467,0.5001669867938848
TAVIRA,ZAMORA,0.6222297580133931,dry-wet,135,55,54,9,10.121989781134571,0.4090909090909091,0.8891532390967493,-0.4611586920694323
TORREVIEJA,VALENCIA,0.20706499446507884,dry-dry,1151,95,123,64,10.568040964941437,6.304150620453573,6.055994693085925,0.8003556772005128
TORREVIEJA,VALENCIA,0.20706499446507884,wet-wet,180,113,92,77,63.41072667762248,1.3332050788764909,1.2143055920406784,0.6335057196989107
TORREVIEJA,VALENCIA,0.20706499446507884,dry-wet,235,87,108,18,14.926241266732141,0.4501915708812261,1.2059298572453538,-0.39171068829951894
TORREVIEJA,VANDELLOS,0.4290136451479065,dry-dry,1049,96,101,37,9.628984903056002,4.002990924092409,3.8425649611577555,0.5729086364201655
TORREVIEJA,VANDELLOS,0.4290136451479065,wet-wet,101,62,49,32,40.82489215099739,1.0638578011849902,0.7838355060839569,0.16075690953672722
TORREVIEJA,VANDELLOS,0.4290136451479065,dry-wet,254,99,119,20,17.250019428538934,0.4312027841439606,1.1594189840106162,-0.3770278370450323
TORREVIEJA,VIMIANZO,1.0042368477524628,dry-dry,823,78,224,16,17.15791175120082,0.7536630036630036,0.9325144127099393,-0.09252894043112699
TORREVIEJA,VIMIANZO,1.0042368477524628,wet-wet,125,86,34,22,18.7372729324351,0.9404924760601915,1.1741303059057737,-0.10210478277461058
TORREVIEJA,VIMIANZO,1.0042368477524628,dry-wet,1246,192,250,47,45.17690018847392,1.2200416666666667,1.0403546902049559,0.1324356057261266
TORREVIEJA,ZAMORA,0.6517466284800268,dry-dry,982,71,163,16,12.500638757899907,1.3576427892508425,1.2799345945333103,0.09576369710756705
TORREVIEJA,ZAMORA,0.6517466284800268,dry-wet,516,151,187,40,29.69251163022691,0.7309558380847824,1.3471410063970504,-0.04884683884442065
VALENCIA,VANDELLOS,0.22846843421513238,dry-dry,970,87,85,44,11.361179391511538,5.771467207572684,3.8728373599024795,0.7615127074881084
VALENCIA,VANDELLOS,0.22846843421513238,wet-wet,166,86,93,66,49.998186110500285,1.3698424606151538,1.3200478884200786,0.625463609459989
VALENCIA,VANDELLOS,0.22846843421513238,dry-wet,196,90,77,12,12.902807922689956,0.3393939393939394,0.9300301199475858,-0.5168521246112298
VALENCIA,VIMIANZO,0.900789149244246,dry-dry,631,62,180,14,15.634613697521843,0.7915770609318996,0.8954490511152868,-0.08267939512695403
VALENCIA,VIMIANZO,0.900789149244246,wet-wet,178,107,44,21,20.007665933916684,0.7939677145284622,1.0495976926724435,-0.1980630664609425
VALENCIA,VIMIANZO,0.900789149244246,dry-wet,1053,178,223,44,42.52038090046593,1.1672293041769537,1.0347978797037978,0.07133314296499478
VALENCIA,ZAMORA,0.5444539354972004,dry-dry,986,75,153,27,14.921124549214358,2.32,1.809515087884018,0.38227157112107896
VALENCIA,ZAMORA,0.5444539354972004,wet-wet,144,78,73,42,30.704741815779308,1.0621707060063224,1.367866899907167,0.12061935200115667
VALENCIA,ZAMORA,0.5444539354972004,dry-wet,475,164,157,36,29.44613714151621,0.6641292527574957,1.2225712264731483,-0.13377058193760885
VANDELLOS,VIMIANZO,0.9116204829636099,dry-dry,639,53,163,16,16.731940080832228,1.183470309063549,0.9562549185990259,0.10429435197277541
VANDELLOS,VIMIANZO,0.9116204829636099,wet-wet,168,104,29,18,21.23610394169129,1.0026525198938991,0.8476131049943637,0.014407121587962942
VANDELLOS,VIMIANZO,0.9116204829636099,dry-wet,776,135,189,27,28.932603190394445,0.8211640211640212,0.9332032732182196,-0.108054559287739
VANDELLOS,ZAMORA,0.5815641533755557,dry-dry,823,56,125,21,13.657468079106511,2.469,1.5376202879160488,0.37053070805670746
VANDELLOS,ZAMORA,0.5815641533755557,wet-wet,135,71,64,39,32.859936539064634,1.1586707746478873,1.1868556092199363,0.2175508901093205
VANDELLOS,ZAMORA,0.5815641533755557,dry-wet,386,145,141,36,26.267796980013642,0.6796771826852531,1.3704993999836108,-0.2184752554246827
VIMIANZO,ZAMORA,0.3572935465567434,dry-dry,870,223,70,53,30.74324594143915,2.953875720691864,1.7239558926522047,0.6634954543095843
VIMIANZO,ZAMORA,0.3572935465567434,wet-wet,481,94,222,67,42.938053415605424,1.5443262411347518,1.5603874575191965,0.4332472645444899
VIMIANZO,ZAMORA,0.3572935465567434,dry-wet,722,178,209,13,30.840980313123303,0.2522982635342186,0.421517081104854,-0.5148364206432454
