station_j,station_k,state_class,dist_exact,n_class_days_exact,n_used_exact,n_cells_exact,phi_bar_exact,dist_binned,n_class_days_binned,n_used_binned,n_cells_binned,phi_bar_binned
ALACANT/ALICANTE,AMARANTE,dry-dry,722.4169965750731,755,0,0,,722.4169965750731,755,695,12,-0.03883330114685978
ALACANT/ALICANTE,AMARANTE,dry-wet,722.4169965750731,175,0,0,,722.4169965750731,175,60,4,0.046746515676027736
ALACANT/ALICANTE,AMARANTE,wet-wet,722.4169965750731,14,0,0,,722.4169965750731,14,0,0,
ALACANT/ALICANTE,ARANJUEZ,dry-dry,323.4013395002759,706,15,1,-0.10482848367219183,323.4013395002759,706,559,9,0.24373996654651273
ALACANT/ALICANTE,ARANJUEZ,dry-wet,323.4013395002759,106,13,1,-0.36514837167011077,323.4013395002759,106,57,4,-0.10451726551804912
ALACANT/ALICANTE,ARANJUEZ,wet-wet,323.4013395002759,22,10,1,0.3333333333333333,323.4013395002759,22,10,1,0.3333333333333333
ALACANT/ALICANTE,BARCELOS,dry-dry,776.0798722095955,729,0,0,,776.0798722095955,729,611,9,-0.05872759937383741
ALACANT/ALICANTE,BARCELOS,dry-wet,776.0798722095955,194,0,0,,776.0798722095955,194,89,4,0.11781691202511597
ALACANT/ALICANTE,BARCELOS,wet-wet,776.0798722095955,10,0,0,,776.0798722095955,10,0,0,
ALACANT/ALICANTE,BEJA,dry-dry,645.2484958319031,919,0,0,,645.2484958319031,919,664,5,0.060704168103441467
ALACANT/ALICANTE,BEJA,dry-wet,645.2484958319031,98,0,0,,645.2484958319031,98,0,0,
ALACANT/ALICANTE,BEJA,wet-wet,645.2484958319031,13,0,0,,645.2484958319031,13,0,0,
ALACANT/ALICANTE,BRAGANCA,dry-dry,654.0074821361715,1027,0,0,,654.0074821361715,1027,1002,14,0.03806521338853441
ALACANT/ALICANTE,BRAGANCA,dry-wet,654.0074821361715,215,14,1,0.11322770341445956,654.0074821361715,215,153,7,0.11408485366228509
ALACANT/ALICANTE,BRAGANCA,wet-wet,654.0074821361715,17,0,0,,654.0074821361715,17,0,0,
ALACANT/ALICANTE,CADIZ,dry-dry,549.7244310931843,639,0,0,,549.7244310931843,639,486,3,-0.01122056585867877
ALACANT/ALICANTE,CADIZ,dry-wet,549.7244310931843,62,0,0,,549.7244310931843,62,0,0,
ALACANT/ALICANTE,CADIZ,wet-wet,549.7244310931843,4,0,0,,549.7244310931843,4,0,0,
ALACANT/ALICANTE,CAMPDEVANOL,dry-dry,483.90656470772444,893,134,7,0.15330881154326656,483.90656470772444,893,842,10,0.12025384439578596
ALACANT/ALICANTE,CAMPDEVANOL,dry-wet,483.90656470772444,388,43,3,-0.11712589040402353,483.90656470772444,388,291,6,-0.14153669718880652
ALACANT/ALICANTE,CAMPDEVANOL,wet-wet,483.90656470772444,60,12,1,0.0,483.90656470772444,60,16,1,0.034815531191139566
ALACANT/ALICANTE,CUENCA,dry-dry,235.359069323701,1043,61,3,0.19612375602389484,235.359069323701,1043,899,11,0.200546351698939
ALACANT/ALICANTE,CUENCA,dry-wet,235.359069323701,174,0,0,,235.359069323701,174,72,3,-0.23005784102590246
ALACANT/ALICANTE,CUENCA,wet-wet,235.359069323701,47,34,2,0.39908401994869164,235.359069323701,47,37,2,0.338442010556746
ALACANT/ALICANTE,DAROCA,dry-dry,314.74959747928835,1090,103,6,0.22762641492508012,314.74959747928835,1090,1038,13,0.13031242892179215
ALACANT/ALICANTE,DAROCA,dry-wet,314.74959747928835,259,42,3,-0.30460796195060974,314.74959747928835,259,206,8,-0.23293114836332723
ALACANT/ALICANTE,DAROCA,wet-wet,314.74959747928835,48,33,2,0.4526988163288247,314.74959747928835,48,36,2,0.37390372968665503
ALACANT/ALICANTE,EXTREMO,dry-dry,785.917196969032,662,0,0,,785.917196969032,662,408,8,-0.0019272217381331915
ALACANT/ALICANTE,EXTREMO,dry-wet,785.917196969032,223,0,0,,785.917196969032,223,124,4,-0.0019492102978673424
ALACANT/ALICANTE,EXTREMO,wet-wet,785.917196969032,15,0,0,,785.917196969032,15,0,0,
ALACANT/ALICANTE,GETAFE,dry-dry,350.6111409533631,986,37,3,0.16499304448942553,350.6111409533631,986,807,10,0.046224914179458725
ALACANT/ALICANTE,GETAFE,dry-wet,350.6111409533631,143,18,1,-0.17541160386140586,350.6111409533631,143,63,3,-0.05935223018000623
ALACANT/ALICANTE,GETAFE,wet-wet,350.6111409533631,19,12,1,-0.25819888974716115,350.6111409533631,19,12,1,-0.25819888974716115
ALACANT/ALICANTE,LORCA,dry-dry,131.50609021423713,1294,110,5,0.5918923835320553,131.50609021423713,1294,1026,5,0.38156313180892093
ALACANT/ALICANTE,LORCA,dry-wet,131.50609021423713,83,0,0,,131.50609021423713,83,37,1,-0.36687032795664193
ALACANT/ALICANTE,LORCA,wet-wet,131.50609021423713,52,37,1,0.4030446159483618,131.50609021423713,52,37,1,0.4030446159483618
ALACANT/ALICANTE,MONTSERRAT,dry-dry,409.6572976142475,1170,115,6,0.14478728614567143,409.6572976142475,1170,1105,11,0.1606431024078867
ALACANT/ALICANTE,MONTSERRAT,dry-wet,409.6572976142475,231,36,3,-0.3996105266435646,409.6572976142475,231,160,7,-0.17517863589028004
ALACANT/ALICANTE,MONTSERRAT,wet-wet,409.6572976142475,46,27,1,0.2786391062876764,409.6572976142475,46,37,2,0.13576367215587198
ALACANT/ALICANTE,OURENSE,dry-dry,762.920366146825,774,12,1,-0.0909090909090909,762.920366146825,774,681,10,0.0567026118937989
ALACANT/ALICANTE,OURENSE,dry-wet,762.920366146825,208,23,2,0.13767789522698076,762.920366146825,208,112,5,0.10468022282351688
ALACANT/ALICANTE,OURENSE,wet-wet,762.920366146825,19,11,1,0.19364916731037088,762.920366146825,19,11,1,0.19364916731037088
ALACANT/ALICANTE,OVIEDO,dry-dry,714.7849823242314,855,98,7,0.32916626345714806,714.7849823242314,855,818,13,0.01650445677229446
ALACANT/ALICANTE,OVIEDO,dry-wet,714.7849823242314,480,71,5,-0.16949098727208667,714.7849823242314,480,420,10,-0.05272610726167528
ALACANT/ALICANTE,OVIEDO,wet-wet,714.7849823242314,46,24,2,-0.21445062583725535,714.7849823242314,46,32,2,-0.1743014469381438
ALACANT/ALICANTE,PAMPLONA,dry-dry,503.62547941199756,900,34,2,0.3946345267191967,503.62547941199756,900,828,12,0.09132645225335036
ALACANT/ALICANTE,PAMPLONA,dry-wet,503.62547941199756,281,35,3,-0.0503166204312046,503.62547941199756,281,232,9,-0.1074189804453036
ALACANT/ALICANTE,PAMPLONA,wet-wet,503.62547941199756,34,13,1,-0.05773502691896257,503.62547941199756,34,27,2,0.16514457417778677
ALACANT/ALICANTE,PONFERRADA,dry-dry,695.3522209424913,1020,34,3,0.15768257554517687,695.3522209424913,1020,960,13,0.006839183413072288
ALACANT/ALICANTE,PONFERRADA,dry-wet,695.3522209424913,266,36,3,-0.1586772354685769,695.3522209424913,266,177,8,0.06281993987161111
ALACANT/ALICANTE,PONFERRADA,wet-wet,695.3522209424913,20,0,0,,695.3522209424913,20,0,0,
ALACANT/ALICANTE,PORTO,dry-dry,767.6557535721732,994,0,0,,767.6557535721732,994,934,11,0.0009654108566370931
ALACANT/ALICANTE,PORTO,dry-wet,767.6557535721732,234,0,0,,767.6557535721732,234,73,4,0.035979726938166035
ALACANT/ALICANTE,PORTO,wet-wet,767.6557535721732,16,0,0,,767.6557535721732,16,0,0,
ALACANT/ALICANTE,SORIA,dry-dry,414.431919387457,1020,21,2,-0.1693121693121693,414.431919387457,1020,948,12,0.13521109176500212
ALACANT/ALICANTE,SORIA,dry-wet,414.431919387457,262,19,1,-0.20464687117164013,414.431919387457,262,184,6,-0.040298094803256634
ALACANT/ALICANTE,SORIA,wet-wet,414.431919387457,28,12,1,0.0,414.431919387457,28,23,2,0.2000708759103224
ALACANT/ALICANTE,TARIFA,dry-dry,522.5995432683703,701,0,0,,522.5995432683703,701,418,3,0.1475916612171365
ALACANT/ALICANTE,TARIFA,dry-wet,522.5995432683703,75,0,0,,522.5995432683703,75,0,0,
ALACANT/ALICANTE,TARIFA,wet-wet,522.5995432683703,6,0,0,,522.5995432683703,6,0,0,
ALACANT/ALICANTE,TORREVIEJA,dry-dry,47.87864066936528,915,142,6,0.8228668547114163,47.87864066936528,915,774,7,0.4925526737459509
ALACANT/ALICANTE,TORREVIEJA,dry-wet,47.87864066936528,45,0,0,,47.87864066936528,45,23,1,-0.6166666666666667
ALACANT/ALICANTE,TORREVIEJA,wet-wet,47.87864066936528,45,36,1,0.408248290463863,47.87864066936528,45,36,1,0.408248290463863
ALACANT/ALICANTE,VALENCIA,dry-dry,123.70509196102228,916,95,3,0.3644584084375635,123.70509196102228,916,853,11,0.19344046060296166
ALACANT/ALICANTE,VALENCIA,dry-wet,123.70509196102228,115,0,0,,123.70509196102228,115,63,3,-0.42623437477534293
ALACANT/ALICANTE,VALENCIA,wet-wet,123.70509196102228,47,30,1,0.5122717640554154,123.70509196102228,47,30,1,0.5122717640554154
ALACANT/ALICANTE,VANDELLOS,dry-dry,310.34175152064387,998,13,1,1.0,310.34175152064387,998,816,11,0.0340280863190737
ALACANT/ALICANTE,VANDELLOS,dry-wet,310.34175152064387,158,16,1,-0.8320502943378436,310.34175152064387,158,105,5,-0.34436842410915547
ALACANT/ALICANTE,VANDELLOS,wet-wet,310.34175152064387,21,11,1,-0.14907119849998599,310.34175152064387,21,11,1,-0.14907119849998599
ALACANT/ALICANTE,VIMIANZO,dry-dry,888.6088475841793,1011,34,3,0.13249623522999876,888.6088475841793,1011,917,12,-0.03579308390559764
ALACANT/ALICANTE,VIMIANZO,dry-wet,888.6088475841793,501,44,4,0.032000635748945606,888.6088475841793,501,376,9,0.05577202446084749
ALACANT/ALICANTE,VIMIANZO,wet-wet,888.6088475841793,33,13,1,-0.03042903097250923,888.6088475841793,33,13,1,-0.03042903097250923
ALACANT/ALICANTE,ZAMORA,dry-dry,567.0689947636466,1107,26,2,0.2324733237264698,567.0689947636466,1107,1028,11,0.10140128395704899
ALACANT/ALICANTE,ZAMORA,dry-wet,567.0689947636466,215,16,1,-0.53748384988657,567.0689947636466,215,93,3,-0.07267071485465845
ALACANT/ALICANTE,ZAMORA,wet-wet,567.0689947636466,17,11,1,-0.14907119849998599,567.0689947636466,17,11,1,-0.14907119849998599
AMARANTE,ARANJUEZ,dry-dry,404.2806175279353,856,10,1,-0.11111111111111112,404.2806175279353,856,748,8,0.12236537905896414
AMARANTE,ARANJUEZ,dry-wet,404.2806175279353,171,11,1,-0.8100925873009825,404.2806175279353,171,87,4,-0.32585928880611403
AMARANTE,ARANJUEZ,wet-wet,404.2806175279353,33,0,0,,404.2806175279353,33,0,0,
AMARANTE,BARCELOS,dry-dry,54.20497580593242,1550,715,23,0.5441970368298296,54.20497580593242,1550,1510,13,0.5694014543631979
AMARANTE,BARCELOS,dry-wet,54.20497580593242,177,24,2,-0.3936745759800397,54.20497580593242,177,126,7,-0.5620442685637862
AMARANTE,BARCELOS,wet-wet,54.20497580593242,187,136,4,0.5987685533367669,54.20497580593242,187,166,5,0.6258455445332759
AMARANTE,BEJA,dry-dry,361.1845703344827,1393,12,1,0.674199862463242,361.1845703344827,1393,1258,8,0.13414768104817307
AMARANTE,BEJA,dry-wet,361.1845703344827,213,0,0,,361.1845703344827,213,145,6,-0.11592412190349993
AMARANTE,BEJA,wet-wet,361.1845703344827,36,12,1,0.0,361.1845703344827,36,12,1,0.0
AMARANTE,BRAGANCA,dry-dry,125.37851272267845,1520,363,16,0.3240478447675535,125.37851272267845,1520,1476,13,0.1612903001939831
AMARANTE,BRAGANCA,dry-wet,125.37851272267845,305,99,5,-0.131224880186172,125.37851272267845,305,263,10,-0.03803435676146253
AMARANTE,BRAGANCA,wet-wet,125.37851272267845,94,47,2,0.3270047564186808,125.37851272267845,94,67,3,0.3689556677490058
AMARANTE,CADIZ,dry-dry,553.1291105674836,500,0,0,,553.1291105674836,500,69,2,-0.0499660171955004
AMARANTE,CADIZ,dry-wet,553.1291105674836,98,0,0,,553.1291105674836,98,27,1,0.06933752452815363
AMARANTE,CADIZ,wet-wet,553.1291105674836,6,0,0,,553.1291105674836,6,0,0,
AMARANTE,CAMPDEVANOL,dry-dry,855.3351234711791,844,154,10,0.10097677657186194,855.3351234711791,844,774,13,0.06338789806749538
AMARANTE,CAMPDEVANOL,dry-wet,855.3351234711791,470,121,9,-0.1838692129965509,855.3351234711791,470,401,13,-0.1626576006131084
AMARANTE,CAMPDEVANOL,wet-wet,855.3351234711791,85,43,2,-0.03492979495742011,855.3351234711791,85,60,3,-0.030661462220514506
AMARANTE,CUENCA,dry-dry,518.2801219233589,1260,22,2,0.5298546410694129,518.2801219233589,1260,1200,13,0.018528185913959976
AMARANTE,CUENCA,dry-wet,518.2801219233589,311,27,2,-0.15923510483348474,518.2801219233589,311,251,10,0.021046243125080306
AMARANTE,CUENCA,wet-wet,518.2801219233589,46,13,1,0.09759000729485333,518.2801219233589,46,13,1,0.09759000729485333
AMARANTE,DAROCA,dry-dry,557.4078630193003,1068,92,6,0.037627488329554655,557.4078630193003,1068,1068,16,0.07526044996433784
AMARANTE,DAROCA,dry-wet,557.4078630193003,335,68,6,-0.0931349763250249,557.4078630193003,335,261,10,-0.13705869948359817
AMARANTE,DAROCA,wet-wet,557.4078630193003,65,24,1,-0.08362420100070907,557.4078630193003,65,45,3,0.1170490806020431
AMARANTE,EXTREMO,dry-dry,83.62039509843535,1452,481,15,0.5648070165759511,83.62039509843535,1452,1388,12,0.5252450027794712
AMARANTE,EXTREMO,dry-wet,83.62039509843535,214,42,4,-0.6154959412382423,83.62039509843535,214,171,9,-0.5068874605021286
AMARANTE,EXTREMO,wet-wet,83.62039509843535,195,135,4,0.573971009503,83.62039509843535,195,162,4,0.5446584940837697
AMARANTE,GETAFE,dry-dry,381.6142805359026,869,11,1,0.6708203932499369,381.6142805359026,869,833,13,0.00873476573311706
AMARANTE,GETAFE,dry-wet,381.6142805359026,209,12,1,-0.6324555320336759,381.6142805359026,209,118,6,-0.10241790512409267
AMARANTE,GETAFE,wet-wet,381.6142805359026,29,10,1,0.21821789023599242,381.6142805359026,29,10,1,0.21821789023599242
AMARANTE,LORCA,dry-dry,679.3174001407024,979,0,0,,679.3174001407024,979,847,8,0.01581919514791661
AMARANTE,LORCA,dry-wet,679.3174001407024,186,0,0,,679.3174001407024,186,45,2,-0.07855233574835013
AMARANTE,LORCA,wet-wet,679.3174001407024,13,0,0,,679.3174001407024,13,0,0,
AMARANTE,MONTSERRAT,dry-dry,826.4334290093525,1009,88,6,0.06803190531161055,826.4334290093525,1009,979,15,0.05622277851864374
AMARANTE,MONTSERRAT,dry-wet,826.4334290093525,314,61,4,0.13993544737061978,826.4334290093525,314,239,11,-0.04685246445877664
AMARANTE,MONTSERRAT,wet-wet,826.4334290093525,48,20,1,0.25677629550654774,826.4334290093525,48,20,1,0.25677629550654774
AMARANTE,OURENSE,dry-dry,118.63261093482076,837,143,6,0.09298717192515409,118.63261093482076,837,690,8,0.12925802629224797
AMARANTE,OURENSE,dry-wet,118.63261093482076,205,72,4,-0.3588530421258395,118.63261093482076,205,166,7,-0.29884354222353066
AMARANTE,OURENSE,wet-wet,118.63261093482076,79,43,2,0.18360233565265385,118.63261093482076,79,57,3,0.30880488657855987
AMARANTE,OVIEDO,dry-dry,293.66277862388165,832,180,9,0.17044159636667375,293.66277862388165,832,799,12,0.15160408673729667
AMARANTE,OVIEDO,dry-wet,293.66277862388165,434,155,10,-0.2423108983943686,293.66277862388165,434,373,10,-0.1987176273173433
AMARANTE,OVIEDO,wet-wet,293.66277862388165,120,58,2,-0.025680951465986323,293.66277862388165,120,92,4,0.11608047125406351
AMARANTE,PAMPLONA,dry-dry,558.1471877232595,704,73,4,0.2514734240098016,558.1471877232595,704,595,12,0.14960834885519733
AMARANTE,PAMPLONA,dry-wet,558.1471877232595,237,26,2,-0.09730951790374294,558.1471877232595,237,169,7,-0.15437475448383567
AMARANTE,PAMPLONA,wet-wet,558.1471877232595,56,19,1,0.3680349649825889,558.1471877232595,56,29,2,0.5859539425747996
AMARANTE,PONFERRADA,dry-dry,188.3911114730106,930,169,7,0.22158863553287939,188.3911114730106,930,848,10,0.22835278183861263
AMARANTE,PONFERRADA,dry-wet,188.3911114730106,222,57,3,0.008701600147319794,188.3911114730106,222,158,6,-0.0937663171955437
AMARANTE,PONFERRADA,wet-wet,188.3911114730106,91,51,2,0.3251948479594826,188.3911114730106,91,68,3,0.2793544363085852
AMARANTE,PORTO,dry-dry,51.081047811761934,1509,372,9,-0.0030073337879033693,51.081047811761934,1509,1435,11,0.046949869109130266
AMARANTE,PORTO,dry-wet,51.081047811761934,330,136,5,-0.06268048302280582,51.081047811761934,330,260,7,-0.1371178751966973
AMARANTE,PORTO,wet-wet,51.081047811761934,99,60,2,0.25566948134557593,51.081047811761934,99,65,2,0.1850484179286575
AMARANTE,SORIA,dry-dry,468.41208759642063,994,138,9,0.07537420235168105,468.41208759642063,994,994,16,0.1450914153733804
AMARANTE,SORIA,dry-wet,468.41208759642063,343,68,5,-0.09445609921447722,468.41208759642063,343,293,12,-0.1231017940259778
AMARANTE,SORIA,wet-wet,468.41208759642063,64,26,1,-0.242872246468334,468.41208759642063,64,47,3,-0.05154603006896924
AMARANTE,TARIFA,dry-dry,622.5347570287753,878,0,0,,622.5347570287753,878,531,4,-0.02066573844135437
AMARANTE,TARIFA,dry-wet,622.5347570287753,127,0,0,,622.5347570287753,127,11,1,0.2222222222222222
AMARANTE,TARIFA,wet-wet,622.5347570287753,14,0,0,,622.5347570287753,14,0,0,
AMARANTE,TORREVIEJA,dry-dry,728.5825709497442,1013,0,0,,728.5825709497442,1013,928,7,-0.013620996588612998
AMARANTE,TORREVIEJA,dry-wet,728.5825709497442,205,0,0,,728.5825709497442,205,77,2,-0.1568737189155754
AMARANTE,TORREVIEJA,wet-wet,728.5825709497442,11,0,0,,728.5825709497442,11,0,0,
AMARANTE,VALENCIA,dry-dry,681.9591613928288,721,10,1,-0.11111111111111112,681.9591613928288,721,654,12,-0.05356185592535068
AMARANTE,VALENCIA,dry-wet,681.9591613928288,212,11,1,0.14907119849998599,681.9591613928288,212,136,7,-0.010819167754577355
AMARANTE,VALENCIA,wet-wet,681.9591613928288,21,0,0,,681.9591613928288,21,0,0,
AMARANTE,VANDELLOS,dry-dry,749.532595129377,1149,44,4,-0.03790502494636536,749.532595129377,1149,1078,13,0.054619273305416695
AMARANTE,VANDELLOS,dry-wet,749.532595129377,282,11,1,-0.24056261216234406,749.532595129377,282,210,10,-0.08630155495250184
AMARANTE,VANDELLOS,wet-wet,749.532595129377,35,15,1,0.44320263021395917,749.532595129377,35,15,1,0.44320263021395917
AMARANTE,VIMIANZO,dry-dry,214.43889743376576,1037,95,4,0.23227346934587603,214.43889743376576,1037,893,12,0.11986021066066926
AMARANTE,VIMIANZO,dry-wet,214.43889743376576,399,144,10,-0.31969208903294144,214.43889743376576,399,343,12,-0.22414003294992815
AMARANTE,VIMIANZO,wet-wet,214.43889743376576,144,90,4,0.32039917033198073,214.43889743376576,144,112,4,0.28010965856566117
AMARANTE,ZAMORA,dry-dry,196.65607083453096,939,117,6,0.36184996919305445,196.65607083453096,939,851,11,0.2134894342926297
AMARANTE,ZAMORA,dry-wet,196.65607083453096,230,40,2,-0.4285879835607423,196.65607083453096,230,179,9,-0.16673594264927416
AMARANTE,ZAMORA,wet-wet,196.65607083453096,63,22,1,0.2556549962824568,196.65607083453096,63,22,1,0.2556549962824568
ARANJUEZ,BARCELOS,dry-dry,456.94386740700327,817,0,0,,456.94386740700327,817,757,10,0.13725011658731995
ARANJUEZ,BARCELOS,dry-wet,456.94386740700327,181,0,0,,456.94386740700327,181,51,3,-0.1895607480372326
ARANJUEZ,BARCELOS,wet-wet,456.94386740700327,29,10,1,-0.21821789023599242,456.94386740700327,29,10,1,-0.21821789023599242
ARANJUEZ,BEJA,dry-dry,436.6998355189474,869,11,1,-0.19364916731037088,436.6998355189474,869,754,7,0.18485800007454978
ARANJUEZ,BEJA,dry-wet,436.6998355189474,83,0,0,,436.6998355189474,83,35,2,0.10146035915079112
ARANJUEZ,BEJA,wet-wet,436.6998355189474,23,13,1,0.13333333333333333,436.6998355189474,23,13,1,0.13333333333333333
ARANJUEZ,BRAGANCA,dry-dry,330.7157646460867,973,44,3,0.39951054903848376,330.7157646460867,973,833,9,0.11568216290304531
ARANJUEZ,BRAGANCA,dry-wet,330.7157646460867,164,0,0,,330.7157646460867,164,102,5,-0.2335577355340348
ARANJUEZ,BRAGANCA,wet-wet,330.7157646460867,44,12,1,0.07559289460184544,330.7157646460867,44,23,2,-0.024470525882442994
ARANJUEZ,CADIZ,dry-dry,461.88355657159053,568,10,1,-0.11111111111111112,461.88355657159053,568,375,3,0.18286848973933145
ARANJUEZ,CADIZ,dry-wet,461.88355657159053,45,0,0,,461.88355657159053,45,0,0,
ARANJUEZ,CADIZ,wet-wet,461.88355657159053,17,0,0,,461.88355657159053,17,0,0,
ARANJUEZ,CAMPDEVANOL,dry-dry,534.9047749260752,735,67,4,0.12632178722213097,534.9047749260752,735,704,10,0.016470801712828474
ARANJUEZ,CAMPDEVANOL,dry-wet,534.9047749260752,373,68,5,-0.13529924530246418,534.9047749260752,373,302,10,-0.08127008989366623
ARANJUEZ,CAMPDEVANOL,wet-wet,534.9047749260752,55,26,2,0.13158394830388967,534.9047749260752,55,32,2,0.1829634828095358
ARANJUEZ,CUENCA,dry-dry,120.3397979196313,1008,155,7,0.2388776254737964,120.3397979196313,1008,971,12,0.407932332922789
ARANJUEZ,CUENCA,dry-wet,120.3397979196313,127,12,1,-0.6324555320336759,120.3397979196313,127,61,3,-0.30453094941992265
ARANJUEZ,CUENCA,wet-wet,120.3397979196313,78,44,1,0.4658474953124561,120.3397979196313,78,68,3,0.4682265046848322
ARANJUEZ,DAROCA,dry-dry,214.66382762625304,1011,161,7,0.389909543082949,214.66382762625304,1011,913,9,0.3237995006047692
ARANJUEZ,DAROCA,dry-wet,214.66382762625304,201,23,2,-0.47539497833348343,214.66382762625304,201,149,6,-0.23208078288661746
ARANJUEZ,DAROCA,wet-wet,214.66382762625304,77,52,2,0.4884572795674425,214.66382762625304,77,68,3,0.44202831257928593
ARANJUEZ,EXTREMO,dry-dry,463.58147248375593,740,0,0,,463.58147248375593,740,671,9,0.07336636161374015
ARANJUEZ,EXTREMO,dry-wet,463.58147248375593,201,0,0,,463.58147248375593,201,118,4,-0.138382318445594
ARANJUEZ,EXTREMO,wet-wet,463.58147248375593,29,10,1,-0.10206207261596575,463.58147248375593,29,10,1,-0.10206207261596575
ARANJUEZ,GETAFE,dry-dry,29.842957016008317,822,194,6,0.48451505139497164,29.842957016008317,822,750,7,0.53068260344596
ARANJUEZ,GETAFE,dry-wet,29.842957016008317,67,0,0,,29.842957016008317,67,19,1,-0.4564354645876384
ARANJUEZ,GETAFE,wet-wet,29.842957016008317,68,43,1,0.7270366229305447,29.842957016008317,68,54,2,0.6841287103787216
ARANJUEZ,LORCA,dry-dry,312.81875602167975,1059,0,0,,312.81875602167975,1059,887,6,0.11226286913248666
ARANJUEZ,LORCA,dry-wet,312.81875602167975,125,12,1,-0.4000000000000001,312.81875602167975,125,58,3,0.02859066917824484
ARANJUEZ,LORCA,wet-wet,312.81875602167975,23,11,1,-0.28867513459481287,312.81875602167975,23,11,1,-0.28867513459481287
ARANJUEZ,MONTSERRAT,dry-dry,483.74183977122476,1018,112,8,0.2566480070551564,483.74183977122476,1018,981,13,0.1358861050849919
ARANJUEZ,MONTSERRAT,dry-wet,483.74183977122476,225,28,2,-0.23535260431220756,483.74183977122476,225,194,10,-0.14071772654095918
ARANJUEZ,MONTSERRAT,wet-wet,483.74183977122476,40,18,1,0.31622776601683794,483.74183977122476,40,28,2,0.28122423895225024
ARANJUEZ,OURENSE,dry-dry,439.5898363142306,635,14,1,-0.07692307692307694,439.5898363142306,635,542,11,0.08244418786204015
ARANJUEZ,OURENSE,dry-wet,439.5898363142306,173,11,1,0.04303314829119352,439.5898363142306,173,128,8,-0.24050649690360906
ARANJUEZ,OURENSE,wet-wet,439.5898363142306,36,10,1,-0.3333333333333333,439.5898363142306,36,16,1,-0.42857142857142855
ARANJUEZ,OVIEDO,dry-dry,413.3214453984977,622,54,3,0.027096502907458804,413.3214453984977,622,593,11,-0.028547555553578595
ARANJUEZ,OVIEDO,dry-wet,413.3214453984977,396,55,4,-0.24405512292336395,413.3214453984977,396,369,13,-0.13430066238354252
ARANJUEZ,OVIEDO,wet-wet,413.3214453984977,61,29,2,0.2156105187008727,413.3214453984977,61,37,2,0.11382334027043224
ARANJUEZ,PAMPLONA,dry-dry,344.72106708465105,738,72,4,0.4229378367397253,344.72106708465105,738,710,11,0.28803464946772267
ARANJUEZ,PAMPLONA,dry-wet,344.72106708465105,212,10,1,-0.5091750772173156,344.72106708465105,212,125,5,-0.21791330465711597
ARANJUEZ,PAMPLONA,wet-wet,344.72106708465105,58,28,1,0.3468729675471603,344.72106708465105,58,28,1,0.3468729675471603
ARANJUEZ,PONFERRADA,dry-dry,376.975941051903,723,39,3,0.24197651653755328,376.975941051903,723,667,11,0.12501148252958547
ARANJUEZ,PONFERRADA,dry-wet,376.975941051903,194,0,0,,376.975941051903,194,135,6,-0.1802602928161995
ARANJUEZ,PONFERRADA,wet-wet,376.975941051903,49,25,2,-0.18273268353539884,376.975941051903,49,31,2,-0.13902591394067257
ARANJUEZ,PORTO,dry-dry,451.91969297701263,932,0,0,,451.91969297701263,932,818,10,0.043375355498279436
ARANJUEZ,PORTO,dry-wet,451.91969297701263,208,12,1,0.15811388300841897,451.91969297701263,208,156,7,-0.1275492917696593
ARANJUEZ,PORTO,wet-wet,451.91969297701263,27,0,0,,451.91969297701263,27,11,1,0.2390457218668787
ARANJUEZ,SORIA,dry-dry,209.8666537534825,931,149,6,0.36064415657397997,209.8666537534825,931,837,10,0.28370406061228404
ARANJUEZ,SORIA,dry-wet,209.8666537534825,213,0,0,,209.8666537534825,213,161,6,-0.3342461830475603
ARANJUEZ,SORIA,wet-wet,209.8666537534825,74,50,2,0.5222517382242124,209.8666537534825,74,66,3,0.4741811256791259
ARANJUEZ,TARIFA,dry-dry,485.1795408589508,669,0,0,,485.1795408589508,669,482,4,0.22130554193391613
ARANJUEZ,TARIFA,dry-wet,485.1795408589508,57,0,0,,485.1795408589508,57,0,0,
ARANJUEZ,TARIFA,wet-wet,485.1795408589508,21,11,1,0.3105295017040594,485.1795408589508,21,11,1,0.3105295017040594
ARANJUEZ,TORREVIEJA,dry-dry,337.60440912071414,701,0,0,,337.60440912071414,701,524,5,0.19546844022799445
ARANJUEZ,TORREVIEJA,dry-wet,337.60440912071414,78,12,1,0.13483997249264842,337.60440912071414,78,38,3,-0.36259952403184886
ARANJUEZ,TORREVIEJA,wet-wet,337.60440912071414,15,0,0,,337.60440912071414,15,0,0,
ARANJUEZ,VALENCIA,dry-dry,279.4178733912003,751,91,6,0.005042406907488935,279.4178733912003,751,599,9,0.1313136129941012
ARANJUEZ,VALENCIA,dry-wet,279.4178733912003,138,11,1,-0.3464101615137754,279.4178733912003,138,91,6,-0.26375246848177675
ARANJUEZ,VALENCIA,wet-wet,279.4178733912003,39,18,1,0.2548235957188128,279.4178733912003,39,29,2,0.2494142571284281
ARANJUEZ,VANDELLOS,dry-dry,386.29498057401196,924,30,2,0.08363636363636365,386.29498057401196,924,843,12,0.15989734366777214
ARANJUEZ,VANDELLOS,dry-wet,386.29498057401196,145,0,0,,386.29498057401196,145,83,5,-0.07713398295006384
ARANJUEZ,VANDELLOS,wet-wet,386.29498057401196,33,19,1,0.45361105256925455,386.29498057401196,33,19,1,0.45361105256925455
ARANJUEZ,VIMIANZO,dry-dry,565.5182139725509,990,47,4,0.02430528287977967,565.5182139725509,990,909,13,-0.04509966086594698
ARANJUEZ,VIMIANZO,dry-wet,565.5182139725509,473,48,4,-0.009544937734106066,565.5182139725509,473,437,14,-0.09390201590297191
ARANJUEZ,VIMIANZO,wet-wet,565.5182139725509,50,21,2,-0.3185282320135495,565.5182139725509,50,27,2,-0.22140277702318695
ARANJUEZ,ZAMORA,dry-dry,244.76945615902187,958,91,5,0.31286384725355465,244.76945615902187,958,919,13,0.19289156863066728
ARANJUEZ,ZAMORA,dry-wet,244.76945615902187,168,13,1,0.15811388300841897,244.76945615902187,168,103,5,-0.1906665902275954
ARANJUEZ,ZAMORA,wet-wet,244.76945615902187,53,33,2,0.3402741386107335,244.76945615902187,53,43,3,0.20300108311986528
BARCELOS,BEJA,dry-dry,394.9462144858965,1331,0,0,,394.9462144858965,1331,1115,7,0.12409147224081465
BARCELOS,BEJA,dry-wet,394.9462144858965,244,0,0,,394.9462144858965,244,93,5,-0.09621113867264296
BARCELOS,BEJA,wet-wet,394.9462144858965,30,15,1,-0.07537783614444091,394.9462144858965,30,15,1,-0.07537783614444091
BARCELOS,BRAGANCA,dry-dry,158.84068706909179,1468,195,9,0.2849044137859708,158.84068706909179,1468,1447,14,0.20144519488477255
BARCELOS,BRAGANCA,dry-wet,158.84068706909179,326,74,4,-0.2551393487376778,158.84068706909179,326,271,10,-0.20434477686723962
BARCELOS,BRAGANCA,wet-wet,158.84068706909179,94,43,2,0.2396110913261235,158.84068706909179,94,67,3,0.20154138762761473
BARCELOS,CADIZ,dry-dry,595.3643399439889,497,0,0,,595.3643399439889,497,235,1,-0.018255271030879924
BARCELOS,CADIZ,dry-wet,595.3643399439889,98,0,0,,595.3643399439889,98,0,0,
BARCELOS,CADIZ,wet-wet,595.3643399439889,7,0,0,,595.3643399439889,7,0,0,
BARCELOS,CAMPDEVANOL,dry-dry,895.7864620392419,814,166,10,-0.03227183847897125,895.7864620392419,814,806,15,0.06052301996022658
BARCELOS,CAMPDEVANOL,dry-wet,895.7864620392419,485,133,9,-0.19261973000673954,895.7864620392419,485,436,15,-0.06881614833339292
BARCELOS,CAMPDEVANOL,wet-wet,895.7864620392419,86,51,3,0.043348463915272334,895.7864620392419,86,68,4,0.0602091228517085
BARCELOS,CUENCA,dry-dry,569.6889276503039,1207,35,3,-0.07746572839549819,569.6889276503039,1207,1148,14,0.017862438910930107
BARCELOS,CUENCA,dry-wet,569.6889276503039,342,0,0,,569.6889276503039,342,256,9,0.03558500394347802
BARCELOS,CUENCA,wet-wet,569.6889276503039,38,17,1,0.11769797726729993,569.6889276503039,38,17,1,0.11769797726729993
BARCELOS,DAROCA,dry-dry,603.6694309161289,1023,99,7,0.14910617009707788,603.6694309161289,1023,988,15,0.1285321907625467
BARCELOS,DAROCA,dry-wet,603.6694309161289,363,70,5,-0.29010081455465636,603.6694309161289,363,287,10,-0.0846301913837076
BARCELOS,DAROCA,wet-wet,603.6694309161289,59,29,1,-0.004901960784313725,603.6694309161289,59,41,2,0.08222154633828346
BARCELOS,EXTREMO,dry-dry,49.40102682945533,1462,640,18,0.6640325353973519,49.40102682945533,1462,1448,14,0.6173629630861889
BARCELOS,EXTREMO,dry-wet,49.40102682945533,180,21,2,-0.4552953918147252,49.40102682945533,180,123,7,-0.48368845893464213
BARCELOS,EXTREMO,wet-wet,49.40102682945533,226,176,5,0.648682122211296,49.40102682945533,226,216,6,0.6398692770619961
BARCELOS,GETAFE,dry-dry,433.6385065645445,844,0,0,,433.6385065645445,844,790,12,0.03110495964199662
BARCELOS,GETAFE,dry-wet,433.6385065645445,235,10,1,-0.42857142857142855,433.6385065645445,235,127,6,-0.1714731972360666
BARCELOS,GETAFE,wet-wet,433.6385065645445,26,10,1,0.3273268353539886,433.6385065645445,26,10,1,0.3273268353539886
BARCELOS,LORCA,dry-dry,733.4979004425483,938,0,0,,733.4979004425483,938,763,6,-0.022821468016790733
BARCELOS,LORCA,dry-wet,733.4979004425483,199,0,0,,733.4979004425483,199,39,1,0.12139539573337679
BARCELOS,LORCA,wet-wet,733.4979004425483,9,0,0,,733.4979004425483,9,0,0,
BARCELOS,MONTSERRAT,dry-dry,869.679214214432,982,63,4,-0.11368255689870715,869.679214214432,982,955,15,0.029369214170466645
BARCELOS,MONTSERRAT,dry-wet,869.679214214432,325,12,1,-0.15811388300841897,869.679214214432,325,191,7,-0.13887621242009107
BARCELOS,MONTSERRAT,wet-wet,869.679214214432,52,27,2,0.32749169862846095,869.679214214432,52,34,2,0.301091940317729
BARCELOS,OURENSE,dry-dry,108.51603210141234,822,144,6,0.3214650332106932,108.51603210141234,822,716,9,0.21259767518584896
BARCELOS,OURENSE,dry-wet,108.51603210141234,202,67,3,-0.20400924012795155,108.51603210141234,202,156,6,-0.21743603185372537
BARCELOS,OURENSE,wet-wet,108.51603210141234,85,62,3,0.2882901375985219,108.51603210141234,85,71,3,0.254611834022181
BARCELOS,OVIEDO,dry-dry,303.03775372150017,808,237,14,0.22966616053684002,303.03775372150017,808,789,13,0.2294867482205583
BARCELOS,OVIEDO,dry-wet,303.03775372150017,429,153,10,-0.14263532800010728,303.03775372150017,429,371,11,-0.18381724654038092
BARCELOS,OVIEDO,wet-wet,303.03775372150017,124,81,4,0.12932498821142308,303.03775372150017,124,111,5,0.15852824281668798
BARCELOS,PAMPLONA,dry-dry,592.6994498625564,669,75,5,-0.03414424122651603,592.6994498625564,669,647,15,0.0926955490470416
BARCELOS,PAMPLONA,dry-wet,592.6994498625564,253,34,3,-0.20136981164553097,592.6994498625564,253,175,8,-0.05938109388140885
BARCELOS,PAMPLONA,wet-wet,592.6994498625564,61,24,1,0.2956561979945413,592.6994498625564,61,46,3,0.34683073592896085
BARCELOS,PONFERRADA,dry-dry,202.54991121436774,904,192,9,0.2903746371528024,202.54991121436774,904,823,12,0.2392509282650819
BARCELOS,PONFERRADA,dry-wet,202.54991121436774,213,33,2,-0.0371157447608852,202.54991121436774,213,154,8,-0.21817763822396644
BARCELOS,PONFERRADA,wet-wet,202.54991121436774,98,53,2,0.14611666201032453,202.54991121436774,98,73,3,0.27180844269342774
BARCELOS,PORTO,dry-dry,33.53848022189384,1474,671,16,0.23280740049748488,33.53848022189384,1474,1363,8,0.22314449434417977
BARCELOS,PORTO,dry-wet,33.53848022189384,311,137,4,-0.04157770428867752,33.53848022189384,311,256,7,-0.07645038937782098
BARCELOS,PORTO,wet-wet,33.53848022189384,123,82,3,0.24333380202354876,33.53848022189384,123,99,3,0.23853814870000767
BARCELOS,SORIA,dry-dry,510.47595095847004,960,106,7,-0.13303999936004718,510.47595095847004,960,960,16,0.064782067709918
BARCELOS,SORIA,dry-wet,510.47595095847004,353,47,4,-0.213607403369152,510.47595095847004,353,300,12,-0.15247422590074516
BARCELOS,SORIA,wet-wet,510.47595095847004,64,25,1,0.08006407690254357,510.47595095847004,64,38,2,0.23297903998934413
BARCELOS,TARIFA,dry-dry,666.8113288261869,837,0,0,,666.8113288261869,837,515,4,-0.0379104477791917
BARCELOS,TARIFA,dry-wet,666.8113288261869,141,0,0,,666.8113288261869,141,14,1,0.14484136487558028
BARCELOS,TARIFA,wet-wet,666.8113288261869,10,0,0,,666.8113288261869,10,0,0,
BARCELOS,TORREVIEJA,dry-dry,782.6215615097669,974,0,0,,782.6215615097669,974,678,6,-0.04500085846796625
BARCELOS,TORREVIEJA,dry-wet,782.6215615097669,215,0,0,,782.6215615097669,215,92,3,0.0870280037205981
BARCELOS,TORREVIEJA,wet-wet,782.6215615097669,7,0,0,,782.6215615097669,7,0,0,
BARCELOS,VALENCIA,dry-dry,733.7072218600883,707,0,0,,733.7072218600883,707,675,14,0.04387333054070096
BARCELOS,VALENCIA,dry-wet,733.7072218600883,220,12,1,0.2548235957188128,733.7072218600883,220,171,9,0.06660314816399665
BARCELOS,VALENCIA,wet-wet,733.7072218600883,13,0,0,,733.7072218600883,13,0,0,
BARCELOS,VANDELLOS,dry-dry,795.6777500992627,1117,45,3,0.2237625328039448,795.6777500992627,1117,1117,16,0.05190015353162596
BARCELOS,VANDELLOS,dry-wet,795.6777500992627,304,34,3,-0.2983995927437628,795.6777500992627,304,257,11,-0.17203304482763904
BARCELOS,VANDELLOS,wet-wet,795.6777500992627,39,16,1,0.2581988897471611,795.6777500992627,39,28,2,0.09397079414123491
BARCELOS,VIMIANZO,dry-dry,173.4419829726839,1013,146,9,0.176408835069571,173.4419829726839,1013,935,12,0.1729553741121132
BARCELOS,VIMIANZO,dry-wet,173.4419829726839,385,148,9,-0.3510152263637124,173.4419829726839,385,341,12,-0.2516854158938428
BARCELOS,VIMIANZO,wet-wet,173.4419829726839,164,101,4,0.22558731001902257,173.4419829726839,164,139,5,0.24285115567952206
BARCELOS,ZAMORA,dry-dry,240.12680160839145,890,51,3,0.13045840322577346,240.12680160839145,890,829,14,0.12840814254411168
BARCELOS,ZAMORA,dry-wet,240.12680160839145,248,35,2,-0.2817630967382434,240.12680160839145,248,195,9,-0.3012539529050315
BARCELOS,ZAMORA,wet-wet,240.12680160839145,62,24,1,0.21821789023599236,240.12680160839145,62,34,2,0.08985442539129096
BEJA,BRAGANCA,dry-dry,430.8607385181245,1809,31,2,0.6779137844938067,430.8607385181245,1809,1687,8,0.10976918777499031
BEJA,BRAGANCA,dry-wet,430.8607385181245,247,11,1,-0.8100925873009825,430.8607385181245,247,193,6,-0.23082767874339694
BEJA,BRAGANCA,wet-wet,430.8607385181245,59,20,1,0.2516299559794226,430.8607385181245,59,34,2,0.06289574448549769
BEJA,CADIZ,dry-dry,221.52310477604246,628,0,0,,221.52310477604246,628,469,2,0.2637173860820078
BEJA,CADIZ,dry-wet,221.52310477604246,35,0,0,,221.52310477604246,35,0,0,
BEJA,CADIZ,wet-wet,221.52310477604246,13,0,0,,221.52310477604246,13,0,0,
BEJA,CAMPDEVANOL,dry-dry,971.5264098324253,978,15,1,0.2721655269759087,971.5264098324253,978,805,8,0.060535847505323925
BEJA,CAMPDEVANOL,dry-wet,971.5264098324253,495,43,3,-0.013708387241587888,971.5264098324253,495,413,8,0.11943510091275707
BEJA,CAMPDEVANOL,wet-wet,971.5264098324253,26,15,1,-0.4,971.5264098324253,26,15,1,-0.4
BEJA,CUENCA,dry-dry,544.681595978789,1478,54,4,0.4320070749229648,544.681595978789,1478,1423,10,0.2221743071731915
BEJA,CUENCA,dry-wet,544.681595978789,208,21,2,-0.06325532344750139,544.681595978789,208,155,6,-0.005682701541486902
BEJA,CUENCA,wet-wet,544.681595978789,37,19,1,0.6513389472789296,544.681595978789,37,19,1,0.6513389472789296
BEJA,DAROCA,dry-dry,651.0787517022701,1217,41,3,0.028527398403546664,651.0787517022701,1217,1167,10,0.10786942675995559
BEJA,DAROCA,dry-wet,651.0787517022701,286,23,2,-0.08198445140154301,651.0787517022701,286,222,6,-0.005367706240449087
BEJA,DAROCA,wet-wet,651.0787517022701,37,19,1,0.015430334996209194,651.0787517022701,37,19,1,0.015430334996209194
BEJA,EXTREMO,dry-dry,440.49324693578575,1227,10,1,1.0,440.49324693578575,1227,1069,9,0.07020459056431187
BEJA,EXTREMO,dry-wet,440.49324693578575,282,0,0,,440.49324693578575,282,219,7,-0.1262992757330121
BEJA,EXTREMO,wet-wet,440.49324693578575,35,11,1,0.2390457218668787,440.49324693578575,35,11,1,0.2390457218668787
BEJA,GETAFE,dry-dry,437.6679412323377,1025,11,1,-0.19364916731037088,437.6679412323377,1025,929,8,0.06262194920650248
BEJA,GETAFE,dry-wet,437.6679412323377,128,0,0,,437.6679412323377,128,15,1,0.1336306209562122
BEJA,GETAFE,wet-wet,437.6679412323377,27,15,1,0.21821789023599233,437.6679412323377,27,15,1,0.21821789023599233
BEJA,LORCA,dry-dry,544.1541780990365,1145,0,0,,544.1541780990365,1145,1026,6,0.141184756063342
BEJA,LORCA,dry-wet,544.1541780990365,112,0,0,,544.1541780990365,112,0,0,
BEJA,LORCA,wet-wet,544.1541780990365,16,0,0,,544.1541780990365,16,0,0,
BEJA,MONTSERRAT,dry-dry,918.3970126546851,1266,0,0,,918.3970126546851,1266,1213,11,0.052213356184180014
BEJA,MONTSERRAT,dry-wet,918.3970126546851,290,10,1,0.21821789023599236,918.3970126546851,290,192,3,0.08929160950136024
BEJA,MONTSERRAT,wet-wet,918.3970126546851,22,14,1,-0.8606629658238705,918.3970126546851,22,14,1,-0.8606629658238705
BEJA,OURENSE,dry-dry,478.10838148272,948,0,0,,478.10838148272,948,815,5,0.09894089312370535
BEJA,OURENSE,dry-wet,478.10838148272,212,10,1,-0.2721655269759087,478.10838148272,212,159,6,-0.24286030231126293
BEJA,OURENSE,wet-wet,478.10838148272,43,12,1,0.0975900072948533,478.10838148272,43,12,1,0.0975900072948533
BEJA,OVIEDO,dry-dry,615.7044529368845,1013,16,1,0.16012815380508713,615.7044529368845,1013,884,7,0.07835286430967256
BEJA,OVIEDO,dry-wet,615.7044529368845,506,11,1,-0.19364916731037088,615.7044529368845,506,408,6,-0.03915542221303317
BEJA,OVIEDO,wet-wet,615.7044529368845,46,14,1,0.3892494720807615,615.7044529368845,46,26,2,0.0031895947358140555
BEJA,PAMPLONA,dry-dry,749.236086638974,946,28,2,-0.0671437037845878,749.236086638974,946,908,9,0.054410061777195
BEJA,PAMPLONA,dry-wet,749.236086638974,241,0,0,,749.236086638974,241,171,3,-0.1535703662742394
BEJA,PAMPLONA,wet-wet,749.236086638974,40,15,1,0.022727272727272728,749.236086638974,40,15,1,0.022727272727272728
BEJA,PONFERRADA,dry-dry,515.9345422390563,1125,10,1,-0.16666666666666666,515.9345422390563,1125,1062,8,0.24040232008940304
BEJA,PONFERRADA,dry-wet,515.9345422390563,222,0,0,,515.9345422390563,222,166,5,-0.1423215742285456
BEJA,PONFERRADA,wet-wet,515.9345422390563,43,19,1,0.294174202707276,515.9345422390563,43,19,1,0.294174202707276
BEJA,PORTO,dry-dry,363.21670264981594,1779,13,1,-0.12309149097933272,363.21670264981594,1779,1429,7,0.14847514183710295
BEJA,PORTO,dry-wet,363.21670264981594,277,10,1,-0.6123724356957946,363.21670264981594,277,210,6,-0.2137036587078826
BEJA,PORTO,wet-wet,363.21670264981594,52,27,2,0.3682098883822014,363.21670264981594,52,32,2,0.282377115308845
BEJA,SORIA,dry-dry,620.0440291830206,1214,15,1,0.07537783614444091,620.0440291830206,1214,1114,8,0.1937241872879986
BEJA,SORIA,dry-wet,620.0440291830206,275,11,1,0.28867513459481287,620.0440291830206,275,208,5,0.07784926837302891
BEJA,SORIA,wet-wet,620.0440291830206,32,17,1,-0.4364357804719847,620.0440291830206,32,17,1,-0.4364357804719847
BEJA,TARIFA,dry-dry,300.94700188637086,885,0,0,,300.94700188637086,885,688,2,0.3258339829737395
BEJA,TARIFA,dry-wet,300.94700188637086,51,0,0,,300.94700188637086,51,12,1,-0.674199862463242
BEJA,TARIFA,wet-wet,300.94700188637086,17,0,0,,300.94700188637086,17,0,0,
BEJA,TORREVIEJA,dry-dry,626.9216009737157,1307,0,0,,626.9216009737157,1307,1204,8,-0.006411674213523869
BEJA,TORREVIEJA,dry-wet,626.9216009737157,98,0,0,,626.9216009737157,98,46,2,-0.2016303628624265
BEJA,TORREVIEJA,wet-wet,626.9216009737157,13,0,0,,626.9216009737157,13,0,0,
BEJA,VALENCIA,dry-dry,670.0089442478595,868,0,0,,670.0089442478595,868,684,5,0.0016436636818464223
BEJA,VALENCIA,dry-wet,670.0089442478595,158,0,0,,670.0089442478595,158,81,2,-0.06417961603487776
BEJA,VALENCIA,wet-wet,670.0089442478595,14,0,0,,670.0089442478595,14,0,0,
BEJA,VANDELLOS,dry-dry,817.1787164831283,1386,0,0,,817.1787164831283,1386,1308,10,0.018233474564643713
BEJA,VANDELLOS,dry-wet,817.1787164831283,209,0,0,,817.1787164831283,209,129,4,0.1208896132483986
BEJA,VANDELLOS,wet-wet,817.1787164831283,12,0,0,,817.1787164831283,12,0,0,
BEJA,VIMIANZO,dry-dry,568.3203927006623,1182,0,0,,568.3203927006623,1182,1032,6,0.05191335426302817
BEJA,VIMIANZO,dry-wet,568.3203927006623,534,0,0,,568.3203927006623,534,408,8,-0.07148762690211759
BEJA,VIMIANZO,wet-wet,568.3203927006623,48,11,1,-0.38575837490522974,568.3203927006623,48,16,1,-0.23354968324845687
BEJA,ZAMORA,dry-dry,428.66901235196895,1237,43,3,0.5043075805207278,428.66901235196895,1237,1192,8,0.13627280861024604
BEJA,ZAMORA,dry-wet,428.66901235196895,190,13,1,-0.1776672636296754,428.66901235196895,190,138,5,-0.26460501965647487
BEJA,ZAMORA,wet-wet,428.66901235196895,40,15,1,0.4803844614152614,428.66901235196895,40,15,1,0.4803844614152614
BRAGANCA,CADIZ,dry-dry,591.2441421173287,579,0,0,,591.2441421173287,579,296,2,-0.02331174879717505
BRAGANCA,CADIZ,dry-wet,591.2441421173287,98,0,0,,591.2441421173287,98,0,0,
BRAGANCA,CADIZ,wet-wet,591.2441421173287,15,0,0,,591.2441421173287,15,0,0,
BRAGANCA,CAMPDEVANOL,dry-dry,737.2338559609224,1142,351,21,0.10060145264845846,737.2338559609224,1142,1098,13,0.04122982854388298
BRAGANCA,CAMPDEVANOL,dry-wet,737.2338559609224,641,213,12,0.019654178220552126,737.2338559609224,641,558,14,-0.026276097076753716
BRAGANCA,CAMPDEVANOL,wet-wet,737.2338559609224,85,45,2,0.13351085670855647,737.2338559609224,85,72,4,-0.07510051835087078
BRAGANCA,CUENCA,dry-dry,432.7158669303208,1677,161,10,0.1205600941711075,432.7158669303208,1677,1657,15,0.06797642606479466
BRAGANCA,CUENCA,dry-wet,432.7158669303208,366,94,7,-0.09396918691902359,432.7158669303208,366,333,13,-0.0796189372588456
BRAGANCA,CUENCA,wet-wet,432.7158669303208,78,26,1,0.13722155123693863,432.7158669303208,78,65,4,0.07863189144452097
BRAGANCA,DAROCA,dry-dry,450.87818508278497,1478,301,16,0.17777314970853345,450.87818508278497,1478,1460,15,0.1532391799571551
BRAGANCA,DAROCA,dry-wet,450.87818508278497,394,130,9,-0.33104955039363104,450.87818508278497,394,352,13,-0.20214803882167162
BRAGANCA,DAROCA,wet-wet,450.87818508278497,97,64,3,-0.03502226255570916,450.87818508278497,97,74,3,0.02005852636516552
BRAGANCA,EXTREMO,dry-dry,144.04718332264275,1364,245,12,0.2227414606102378,144.04718332264275,1364,1344,14,0.1483857963980492
BRAGANCA,EXTREMO,dry-wet,144.04718332264275,360,91,5,-0.20899832810808222,144.04718332264275,360,339,14,-0.1504906047502549
BRAGANCA,EXTREMO,wet-wet,144.04718332264275,105,49,2,0.271937797468155,144.04718332264275,105,82,4,0.21195598364864165
BRAGANCA,GETAFE,dry-dry,303.51700722728503,1158,143,7,0.29164713841787465,303.51700722728503,1158,1133,15,0.14757636194911247
BRAGANCA,GETAFE,dry-wet,303.51700722728503,208,26,2,-0.13760595039022355,303.51700722728503,208,160,9,-0.25509281316554416
BRAGANCA,GETAFE,wet-wet,303.51700722728503,63,27,1,0.4969293465978882,303.51700722728503,63,49,3,0.4784300337997928
BRAGANCA,LORCA,dry-dry,632.034788008791,1278,11,1,-0.2222222222222222,632.034788008791,1278,1060,10,0.015473607869502913
BRAGANCA,LORCA,dry-wet,632.034788008791,273,11,1,0.2222222222222222,632.034788008791,273,188,6,0.042261510804224835
BRAGANCA,LORCA,wet-wet,632.034788008791,17,10,1,-0.3273268353539886,632.034788008791,17,10,1,-0.3273268353539886
BRAGANCA,MONTSERRAT,dry-dry,712.5915308846161,1395,163,10,0.013743596544119684,712.5915308846161,1395,1395,16,0.04365140056867412
BRAGANCA,MONTSERRAT,dry-wet,712.5915308846161,429,67,5,0.024015044753990654,712.5915308846161,429,370,13,-0.06156050852013752
BRAGANCA,MONTSERRAT,wet-wet,712.5915308846161,52,25,1,-0.16116459280507606,712.5915308846161,52,25,1,-0.16116459280507606
BRAGANCA,OURENSE,dry-dry,108.92866052224846,1073,277,11,0.3854561577087754,108.92866052224846,1073,1031,13,0.42672538443945857
BRAGANCA,OURENSE,dry-wet,108.92866052224846,176,33,3,-0.5207609283044036,108.92866052224846,176,132,8,-0.47027970177378003
BRAGANCA,OURENSE,wet-wet,108.92866052224846,151,111,4,0.6413393962934508,108.92866052224846,151,132,4,0.6075286426319011
BRAGANCA,OVIEDO,dry-dry,186.4182409514349,1185,345,15,0.34550281204656363,186.4182409514349,1185,1154,12,0.2587375320685591
BRAGANCA,OVIEDO,dry-wet,186.4182409514349,544,174,11,-0.3073526199369499,186.4182409514349,544,488,13,-0.23901295309523624
BRAGANCA,OVIEDO,wet-wet,186.4182409514349,176,121,4,0.25496054832400045,186.4182409514349,176,145,4,0.29232809288340417
BRAGANCA,PAMPLONA,dry-dry,434.5720584909428,1104,194,9,0.30816546283075275,434.5720584909428,1104,1070,14,0.08768910796832298
BRAGANCA,PAMPLONA,dry-wet,434.5720584909428,329,96,7,-0.1517045188003114,434.5720584909428,329,286,11,-0.13174411127491126
BRAGANCA,PAMPLONA,wet-wet,434.5720584909428,96,57,3,0.3522907567954359,434.5720584909428,96,79,4,0.33953321111812057
BRAGANCA,PONFERRADA,dry-dry,85.38430983920601,1380,500,15,0.6144652357731354,85.38430983920601,1380,1373,15,0.5298354889082105
BRAGANCA,PONFERRADA,dry-wet,85.38430983920601,182,23,2,-0.17139769890271675,85.38430983920601,182,136,8,-0.3540811924044162
BRAGANCA,PONFERRADA,wet-wet,85.38430983920601,182,142,4,0.645200047918041,85.38430983920601,182,173,5,0.6193624880704083
BRAGANCA,PORTO,dry-dry,173.2717078252005,2042,429,18,0.24920692077912687,173.2717078252005,2042,2042,16,0.23787891418737422
BRAGANCA,PORTO,dry-wet,173.2717078252005,349,56,4,-0.48902251897893784,173.2717078252005,349,296,10,-0.4134584948963638
BRAGANCA,PORTO,wet-wet,173.2717078252005,166,116,4,0.5809536860793153,173.2717078252005,166,138,4,0.5628250867055848
BRAGANCA,SORIA,dry-dry,353.1398767564946,1405,297,13,0.25652548398115405,353.1398767564946,1405,1364,14,0.18897027628785695
BRAGANCA,SORIA,dry-wet,353.1398767564946,369,117,8,-0.23846189084146835,353.1398767564946,369,333,13,-0.21265047902995954
BRAGANCA,SORIA,wet-wet,353.1398767564946,113,79,3,0.20361964802130153,353.1398767564946,113,103,4,0.1592205281467218
BRAGANCA,TARIFA,dry-dry,651.3030041168986,979,0,0,,651.3030041168986,979,775,6,0.022839175051536417
BRAGANCA,TARIFA,dry-wet,651.3030041168986,125,0,0,,651.3030041168986,125,71,3,-0.10227822859831245
BRAGANCA,TARIFA,wet-wet,651.3030041168986,21,0,0,,651.3030041168986,21,0,0,
BRAGANCA,TORREVIEJA,dry-dry,667.4514050425146,1358,0,0,,667.4514050425146,1358,1220,8,0.017339986051868848
BRAGANCA,TORREVIEJA,dry-wet,667.4514050425146,246,10,1,-0.7637626158259734,667.4514050425146,246,130,4,-0.0828512173053469
BRAGANCA,TORREVIEJA,wet-wet,667.4514050425146,16,0,0,,667.4514050425146,16,0,0,
BRAGANCA,VALENCIA,dry-dry,596.5755591706245,1004,53,4,0.16940229581739016,596.5755591706245,1004,987,15,0.06679677363256956
BRAGANCA,VALENCIA,dry-wet,596.5755591706245,243,13,1,-0.778498944161523,596.5755591706245,243,167,7,-0.12876077562943183
BRAGANCA,VALENCIA,wet-wet,596.5755591706245,29,15,1,-0.1336306209562122,596.5755591706245,29,15,1,-0.1336306209562122
BRAGANCA,VANDELLOS,dry-dry,641.9702702886015,1466,65,4,0.17515210769733378,641.9702702886015,1466,1466,16,0.08355432577601027
BRAGANCA,VANDELLOS,dry-wet,641.9702702886015,326,73,6,0.06458306773439317,641.9702702886015,326,288,12,0.016522379900989207
BRAGANCA,VANDELLOS,wet-wet,641.9702702886015,47,22,1,0.1619047619047619,641.9702702886015,47,32,2,0.2704267354399349
BRAGANCA,VIMIANZO,dry-dry,234.93580978932752,1415,251,14,0.28009686584853216,234.93580978932752,1415,1415,16,0.09907824586294339
BRAGANCA,VIMIANZO,dry-wet,234.93580978932752,630,157,11,-0.20841983755308935,234.93580978932752,630,593,17,-0.17691479215776032
BRAGANCA,VIMIANZO,wet-wet,234.93580978932752,168,94,4,0.2695973305312726,234.93580978932752,168,134,5,0.3311142527652391
BRAGANCA,ZAMORA,dry-dry,89.6056573567959,1436,457,12,0.522405959450319,89.6056573567959,1436,1365,12,0.5370802529417886
BRAGANCA,ZAMORA,dry-wet,89.6056573567959,166,11,1,-1.0,89.6056573567959,166,122,7,-0.571709893464076
BRAGANCA,ZAMORA,wet-wet,89.6056573567959,159,124,4,0.5653244193515832,89.6056573567959,159,143,4,0.5312219011323841
CADIZ,CAMPDEVANOL,dry-dry,963.2819400725859,490,0,0,,963.2819400725859,490,119,1,-0.04747501098334506
CADIZ,CAMPDEVANOL,dry-wet,963.2819400725859,229,0,0,,963.2819400725859,229,99,1,0.08317464424851172
CADIZ,CAMPDEVANOL,wet-wet,963.2819400725859,13,0,0,,963.2819400725859,13,0,0,
CADIZ,CUENCA,dry-dry,535.6507685530933,726,0,0,,535.6507685530933,726,386,2,-0.018903241255332166
CADIZ,CUENCA,dry-wet,535.6507685530933,90,0,0,,535.6507685530933,90,0,0,
CADIZ,CUENCA,wet-wet,535.6507685530933,12,0,0,,535.6507685530933,12,0,0,
CADIZ,DAROCA,dry-dry,662.9000222460407,716,0,0,,662.9000222460407,716,269,2,0.02015219342518534
CADIZ,DAROCA,dry-wet,662.9000222460407,138,0,0,,662.9000222460407,138,66,1,0.0788626185355985
CADIZ,DAROCA,wet-wet,662.9000222460407,17,10,1,0.2721655269759087,662.9000222460407,17,10,1,0.2721655269759087
CADIZ,EXTREMO,dry-dry,636.3172506741432,454,0,0,,636.3172506741432,454,263,3,-0.03469227286349666
CADIZ,EXTREMO,dry-wet,636.3172506741432,109,0,0,,636.3172506741432,109,0,0,
CADIZ,EXTREMO,wet-wet,636.3172506741432,6,0,0,,636.3172506741432,6,0,0,
CADIZ,GETAFE,dry-dry,476.75290326913614,668,0,0,,476.75290326913614,668,460,2,0.1376408331021694
CADIZ,GETAFE,dry-wet,476.75290326913614,59,0,0,,476.75290326913614,59,0,0,
CADIZ,GETAFE,wet-wet,476.75290326913614,12,0,0,,476.75290326913614,12,0,0,
CADIZ,LORCA,dry-dry,425.2960461605942,838,0,0,,425.2960461605942,838,601,1,0.14933168295549795
CADIZ,LORCA,dry-wet,425.2960461605942,56,0,0,,425.2960461605942,56,0,0,
CADIZ,LORCA,wet-wet,425.2960461605942,6,0,0,,425.2960461605942,6,0,0,
CADIZ,MONTSERRAT,dry-dry,899.2086026396215,725,0,0,,899.2086026396215,725,312,3,0.004872043929010923
CADIZ,MONTSERRAT,dry-wet,899.2086026396215,157,0,0,,899.2086026396215,157,76,1,0.0643267520902677
CADIZ,MONTSERRAT,wet-wet,899.2086026396215,8,0,0,,899.2086026396215,8,0,0,
CADIZ,OURENSE,dry-dry,662.218400872485,528,0,0,,662.218400872485,528,321,3,0.02475257646220361
CADIZ,OURENSE,dry-wet,662.218400872485,109,0,0,,662.218400872485,109,0,0,
CADIZ,OURENSE,wet-wet,662.218400872485,16,0,0,,662.218400872485,16,0,0,
CADIZ,OVIEDO,dry-dry,762.7869596510226,484,0,0,,762.7869596510226,484,364,3,0.003313640076320866
CADIZ,OVIEDO,dry-wet,762.7869596510226,276,0,0,,762.7869596510226,276,121,1,0.009669484889938717
CADIZ,OVIEDO,wet-wet,762.7869596510226,19,0,0,,762.7869596510226,19,0,0,
CADIZ,PAMPLONA,dry-dry,805.9017585906898,593,0,0,,805.9017585906898,593,223,2,0.0899104940690471
CADIZ,PAMPLONA,dry-wet,805.9017585906898,156,0,0,,805.9017585906898,156,32,1,0.11235088294097073
CADIZ,PAMPLONA,wet-wet,805.9017585906898,17,0,0,,805.9017585906898,17,0,0,
CADIZ,PONFERRADA,dry-dry,674.972969789671,523,0,0,,674.972969789671,523,293,4,0.10244026594087088
CADIZ,PONFERRADA,dry-wet,674.972969789671,134,0,0,,674.972969789671,134,68,2,-0.20510902884273408
CADIZ,PONFERRADA,wet-wet,674.972969789671,20,0,0,,674.972969789671,20,0,0,
CADIZ,PORTO,dry-dry,566.34726285661,577,0,0,,566.34726285661,577,407,3,0.10993795966193419
CADIZ,PORTO,dry-wet,566.34726285661,99,0,0,,566.34726285661,99,0,0,
CADIZ,PORTO,wet-wet,566.34726285661,11,0,0,,566.34726285661,11,0,0,
CADIZ,SORIA,dry-dry,670.7214943588078,601,0,0,,670.7214943588078,601,327,4,0.12221009995332714
CADIZ,SORIA,dry-wet,670.7214943588078,140,0,0,,670.7214943588078,140,69,1,0.07747516350666292
CADIZ,SORIA,wet-wet,670.7214943588078,13,0,0,,670.7214943588078,13,0,0,
CADIZ,TARIFA,dry-dry,80.03351863142868,531,0,0,,80.03351863142868,531,407,2,0.05773709265877735
CADIZ,TARIFA,dry-wet,80.03351863142868,23,0,0,,80.03351863142868,23,0,0,
CADIZ,TARIFA,wet-wet,80.03351863142868,11,0,0,,80.03351863142868,11,0,0,
CADIZ,TORREVIEJA,dry-dry,517.7215139227709,457,0,0,,517.7215139227709,457,306,1,-0.007379923070606888
CADIZ,TORREVIEJA,dry-wet,517.7215139227709,30,0,0,,517.7215139227709,30,0,0,
CADIZ,TORREVIEJA,wet-wet,517.7215139227709,2,0,0,,517.7215139227709,2,0,0,
CADIZ,VALENCIA,dry-dry,613.3347128165052,573,0,0,,613.3347128165052,573,463,4,-0.023144503967052855
CADIZ,VALENCIA,dry-wet,613.3347128165052,90,0,0,,613.3347128165052,90,0,0,
CADIZ,VALENCIA,wet-wet,613.3347128165052,7,0,0,,613.3347128165052,7,0,0,
CADIZ,VANDELLOS,dry-dry,792.135361733422,640,0,0,,792.135361733422,640,331,1,-0.0197720569260839
CADIZ,VANDELLOS,dry-wet,792.135361733422,79,0,0,,792.135361733422,79,38,1,0.09158437663089954
CADIZ,VANDELLOS,wet-wet,792.135361733422,6,0,0,,792.135361733422,6,0,0,
CADIZ,VIMIANZO,dry-dry,767.0536111227079,691,0,0,,767.0536111227079,691,576,4,0.13834159659844414
CADIZ,VIMIANZO,dry-wet,767.0536111227079,306,0,0,,767.0536111227079,306,23,2,-0.01862522643869948
CADIZ,VIMIANZO,wet-wet,767.0536111227079,16,0,0,,767.0536111227079,16,0,0,
CADIZ,ZAMORA,dry-dry,559.5875847493983,739,0,0,,559.5875847493983,739,510,3,-0.017649737039636338
CADIZ,ZAMORA,dry-wet,559.5875847493983,94,0,0,,559.5875847493983,94,0,0,
CADIZ,ZAMORA,wet-wet,559.5875847493983,17,0,0,,559.5875847493983,17,0,0,
CAMPDEVANOL,CUENCA,dry-dry,432.37580926553534,1153,323,14,0.12118591996892464,432.37580926553534,1153,1144,13,0.118738364387304
CAMPDEVANOL,CUENCA,dry-wet,432.37580926553534,549,227,13,-0.14397233228606085,432.37580926553534,549,503,13,-0.09454717735342016
CAMPDEVANOL,CUENCA,wet-wet,432.37580926553534,131,102,5,0.2535665945902738,432.37580926553534,131,121,5,0.32397464831322653
CAMPDEVANOL,DAROCA,dry-dry,321.63614811834907,1132,566,19,0.2312188284148394,321.63614811834907,1132,1115,14,0.1826799081908491
CAMPDEVANOL,DAROCA,dry-wet,321.63614811834907,544,286,14,-0.30131383278660534,321.63614811834907,544,516,16,-0.2406337081768014
CAMPDEVANOL,DAROCA,wet-wet,321.63614811834907,215,161,5,0.19560269416414383,321.63614811834907,215,194,5,0.24089317073893335
CAMPDEVANOL,EXTREMO,dry-dry,877.6268823610054,769,180,11,0.10176578596198756,877.6268823610054,769,757,15,0.05505361121680243
CAMPDEVANOL,EXTREMO,dry-wet,877.6268823610054,478,174,12,-0.1632980768711516,877.6268823610054,478,412,14,-0.07774372917061136
CAMPDEVANOL,EXTREMO,wet-wet,877.6268823610054,105,61,3,0.1204491025280212,877.6268823610054,105,87,4,0.17425014381082352
CAMPDEVANOL,GETAFE,dry-dry,536.5420570240863,838,104,7,0.04550579932663661,536.5420570240863,838,749,11,0.07266004689737028
CAMPDEVANOL,GETAFE,dry-wet,536.5420570240863,422,103,6,-0.18076589640119695,536.5420570240863,422,379,11,-0.07334049825305025
CAMPDEVANOL,GETAFE,wet-wet,536.5420570240863,68,41,2,-0.10741735353257553,536.5420570240863,68,45,2,-0.026644792695244134
CAMPDEVANOL,LORCA,dry-dry,604.8174522164234,1051,55,4,0.08562179469671112,604.8174522164234,1051,955,8,0.0993268693162283
CAMPDEVANOL,LORCA,dry-wet,604.8174522164234,528,46,4,-0.4498506020405754,604.8174522164234,528,485,10,-0.04128098594882065
CAMPDEVANOL,LORCA,wet-wet,604.8174522164234,45,16,1,0.14907119849998599,604.8174522164234,45,28,2,0.13640762525718028
CAMPDEVANOL,MONTSERRAT,dry-dry,74.97672363971473,1200,590,17,0.4877209659842258,74.97672363971473,1200,1179,13,0.4716736815278587
CAMPDEVANOL,MONTSERRAT,dry-wet,74.97672363971473,363,180,10,-0.334961537604943,74.97672363971473,363,332,12,-0.3792509975526304
CAMPDEVANOL,MONTSERRAT,wet-wet,74.97672363971473,269,226,5,0.47073898594493047,74.97672363971473,269,255,5,0.4631408853183571
CAMPDEVANOL,OURENSE,dry-dry,824.5451288996337,664,158,10,-0.05957855056170082,824.5451288996337,664,639,14,0.03615761135091199
CAMPDEVANOL,OURENSE,dry-wet,824.5451288996337,464,150,8,0.025985931575545546,824.5451288996337,464,393,13,0.015134763949427667
CAMPDEVANOL,OURENSE,wet-wet,824.5451288996337,79,45,2,-0.14399866895581243,824.5451288996337,79,69,4,-0.09962895982334681
CAMPDEVANOL,OVIEDO,dry-dry,667.8256272139039,905,624,22,0.12129475021829396,667.8256272139039,905,897,15,0.0912197874742483
CAMPDEVANOL,OVIEDO,dry-wet,667.8256272139039,641,415,16,-0.18714475085261875,667.8256272139039,641,611,18,-0.18861294072958457
CAMPDEVANOL,OVIEDO,wet-wet,667.8256272139039,244,194,7,0.2451564338374116,667.8256272139039,244,227,6,0.2048715102692676
CAMPDEVANOL,PAMPLONA,dry-dry,318.7496701681545,875,409,18,0.23503765081823838,318.7496701681545,875,875,16,0.14342121867795174
CAMPDEVANOL,PAMPLONA,dry-wet,318.7496701681545,466,245,13,-0.10840603397584635,318.7496701681545,466,430,15,-0.1373120290954439
CAMPDEVANOL,PAMPLONA,wet-wet,318.7496701681545,163,109,4,0.2563765862239824,318.7496701681545,163,139,4,0.29432900883714913
CAMPDEVANOL,PONFERRADA,dry-dry,720.628643357688,910,255,12,0.07016261919422043,720.628643357688,910,882,14,0.039771890423786996
CAMPDEVANOL,PONFERRADA,dry-wet,720.628643357688,566,204,10,-0.014823432215418878,720.628643357688,566,505,14,-0.0658348928745437
CAMPDEVANOL,PONFERRADA,wet-wet,720.628643357688,102,51,2,0.02762300148686346,720.628643357688,102,84,4,-0.047512156548133025
CAMPDEVANOL,PORTO,dry-dry,906.1590406468866,1078,280,17,-0.006895989955967591,906.1590406468866,1078,1068,15,-0.016304415053390166
CAMPDEVANOL,PORTO,dry-wet,906.1590406468866,669,284,16,0.016494301423223758,906.1590406468866,669,611,15,0.019544130829783807
CAMPDEVANOL,PORTO,wet-wet,906.1590406468866,85,52,3,-0.06006055800690624,906.1590406468866,85,62,3,-0.04427383434010265
CAMPDEVANOL,SORIA,dry-dry,387.4173084136961,1077,550,20,0.22742115936775845,387.4173084136961,1077,1036,14,0.16664999591184027
CAMPDEVANOL,SORIA,dry-wet,387.4173084136961,522,234,11,-0.2014721752393537,387.4173084136961,522,482,16,-0.2095358516544051
CAMPDEVANOL,SORIA,wet-wet,387.4173084136961,178,140,5,0.23059585269915747,387.4173084136961,178,158,4,0.2532995890484769
CAMPDEVANOL,TARIFA,dry-dry,961.2019371404201,643,0,0,,961.2019371404201,643,298,4,0.08411381570846599
CAMPDEVANOL,TARIFA,dry-wet,961.2019371404201,326,11,1,-0.3105295017040594,961.2019371404201,326,79,5,0.21749366802306108
CAMPDEVANOL,TARIFA,wet-wet,961.2019371404201,23,10,1,-0.21821789023599242,961.2019371404201,23,10,1,-0.21821789023599242
CAMPDEVANOL,TORREVIEJA,dry-dry,531.6989397599546,782,29,2,0.4859583474159591,531.6989397599546,782,604,6,0.1539004492354547
CAMPDEVANOL,TORREVIEJA,dry-wet,531.6989397599546,346,11,1,-0.4303314829119352,531.6989397599546,346,273,5,-0.13990751352892009
CAMPDEVANOL,TORREVIEJA,wet-wet,531.6989397599546,34,15,1,0.18898223650461363,531.6989397599546,34,26,2,0.286013988211793
CAMPDEVANOL,VALENCIA,dry-dry,371.9501231758438,843,204,8,0.3738973683891892,371.9501231758438,843,810,11,0.22920176896666808
CAMPDEVANOL,VALENCIA,dry-wet,371.9501231758438,362,105,6,-0.08032464388924603,371.9501231758438,362,322,11,-0.19015324705352327
CAMPDEVANOL,VALENCIA,wet-wet,371.9501231758438,108,77,3,0.23624171768678828,371.9501231758438,108,101,4,0.15731645325558616
CAMPDEVANOL,VANDELLOS,dry-dry,177.15493704075024,1043,368,16,0.33357605931112905,177.15493704075024,1043,1019,12,0.25951225580329357
CAMPDEVANOL,VANDELLOS,dry-wet,177.15493704075024,442,152,9,-0.26516378326697,177.15493704075024,442,406,12,-0.27400353610564543
CAMPDEVANOL,VANDELLOS,wet-wet,177.15493704075024,145,99,3,0.22761885885764355,177.15493704075024,145,127,4,0.3182794787828146
CAMPDEVANOL,VIMIANZO,dry-dry,921.2327549660163,989,587,29,0.10143960985354766,921.2327549660163,989,976,15,0.09014338584336269
CAMPDEVANOL,VIMIANZO,dry-wet,921.2327549660163,840,523,25,-0.01434522325247848,921.2327549660163,840,797,21,-0.017132906349747918
CAMPDEVANOL,VIMIANZO,wet-wet,921.2327549660163,225,175,7,-0.04214044845071401,921.2327549660163,225,207,6,-0.058804732559079
CAMPDEVANOL,ZAMORA,dry-dry,658.7984610222471,1050,236,14,0.11195797007753973,658.7984610222471,1050,1012,14,0.055362526510925325
CAMPDEVANOL,ZAMORA,dry-wet,658.7984610222471,564,172,10,-0.07703230134871339,658.7984610222471,564,481,13,-0.08729531679553292
CAMPDEVANOL,ZAMORA,wet-wet,658.7984610222471,89,48,2,-0.22385879579011939,658.7984610222471,89,69,3,-0.13281403047941884
CUENCA,DAROCA,dry-dry,131.42533507353394,1548,514,18,0.4517652123199808,131.42533507353394,1548,1526,14,0.4059003579355215
CUENCA,DAROCA,dry-wet,131.42533507353394,285,53,4,-0.26667666094400644,131.42533507353394,285,249,11,-0.39688311006023386
CUENCA,DAROCA,wet-wet,131.42533507353394,181,149,4,0.5287719889206498,131.42533507353394,181,172,4,0.4804655959447853
CUENCA,EXTREMO,dry-dry,571.7664461104613,1126,58,5,0.020341554750918027,571.7664461104613,1126,1117,15,-0.025392149754674
CUENCA,EXTREMO,dry-wet,571.7664461104613,389,43,3,0.2397959595105508,571.7664461104613,389,340,13,0.08516469310298753
CUENCA,EXTREMO,wet-wet,571.7664461104613,40,12,1,-0.11952286093343938,571.7664461104613,40,12,1,-0.11952286093343938
CUENCA,GETAFE,dry-dry,137.54018635559115,1214,254,9,0.46237581348910206,137.54018635559115,1214,1110,11,0.4584703980264929
CUENCA,GETAFE,dry-wet,137.54018635559115,151,25,2,-0.5882632851979036,137.54018635559115,151,107,7,-0.446396775985543
CUENCA,GETAFE,wet-wet,137.54018635559115,93,72,3,0.4894456729478674,137.54018635559115,93,83,3,0.4707812394299066
CUENCA,LORCA,dry-dry,271.00645499216216,1520,65,3,0.5073216984481536,271.00645499216216,1520,1307,9,0.16477910349913252
CUENCA,LORCA,dry-wet,271.00645499216216,235,10,1,-0.5091750772173156,271.00645499216216,235,176,5,-0.16928350947797136
CUENCA,LORCA,wet-wet,271.00645499216216,49,35,2,0.1885618083164127,271.00645499216216,49,39,2,0.1827434711619518
CUENCA,MONTSERRAT,dry-dry,374.7167603573681,1453,324,15,0.3322432323051174,374.7167603573681,1453,1453,16,0.15249663319003048
CUENCA,MONTSERRAT,dry-wet,374.7167603573681,379,128,8,-0.061909855939428216,374.7167603573681,379,329,12,-0.1503825690380146
CUENCA,MONTSERRAT,wet-wet,374.7167603573681,92,67,3,0.3591461203701042,374.7167603573681,92,88,4,0.2645020369850543
CUENCA,OURENSE,dry-dry,540.8797259364422,1034,45,3,0.015391205097284298,540.8797259364422,1034,986,14,0.06594765290912244
CUENCA,OURENSE,dry-wet,540.8797259364422,312,63,4,-0.16074481134363097,540.8797259364422,312,270,12,-0.0906799391882414
CUENCA,OURENSE,wet-wet,540.8797259364422,55,29,2,0.11525838708721914,540.8797259364422,55,32,2,0.1498084023061984
CUENCA,OVIEDO,dry-dry,479.503617813958,1199,354,19,0.08700096337136343,479.503617813958,1199,1194,15,0.08070923979112732
CUENCA,OVIEDO,dry-wet,479.503617813958,661,278,17,-0.029139663032837985,479.503617813958,661,616,15,-0.007144097385181857
CUENCA,OVIEDO,wet-wet,479.503617813958,129,92,4,0.1977310500813449,479.503617813958,129,111,4,0.22050554265724523
CUENCA,PAMPLONA,dry-dry,308.63219424047696,1209,171,7,0.20345646557425368,308.63219424047696,1209,1176,15,0.11874308687815996
CUENCA,PAMPLONA,dry-wet,308.63219424047696,376,92,6,-0.19327666291485257,308.63219424047696,376,312,11,-0.18048672390688034
CUENCA,PAMPLONA,wet-wet,308.63219424047696,94,55,2,0.33721941841502484,308.63219424047696,94,84,4,0.34082298551379303
CUENCA,PONFERRADA,dry-dry,465.0263825421571,1244,150,9,0.2715225132884704,465.0263825421571,1244,1222,15,0.07016817192831494
CUENCA,PONFERRADA,dry-wet,465.0263825421571,382,57,3,0.06763696939256147,465.0263825421571,382,347,14,-0.052690320184110864
CUENCA,PONFERRADA,wet-wet,465.0263825421571,74,28,1,0.05337605126836238,465.0263825421571,74,65,4,0.036673646582756146
CUENCA,PORTO,dry-dry,567.1821488614561,1604,79,7,-0.055488279059232856,567.1821488614561,1604,1558,14,-0.0068392765307798
CUENCA,PORTO,dry-wet,567.1821488614561,449,64,4,-0.1642545963091703,567.1821488614561,449,361,11,-0.10713882718426486
CUENCA,PORTO,wet-wet,567.1821488614561,50,24,2,0.24305555555555558,567.1821488614561,50,26,2,0.16919457700507928
CUENCA,SORIA,dry-dry,192.20784562821694,1424,457,18,0.29231781212412405,192.20784562821694,1424,1424,16,0.2819307773484507
CUENCA,SORIA,dry-wet,192.20784562821694,318,87,7,-0.27258857338233994,192.20784562821694,318,292,12,-0.32116598356097875
CUENCA,SORIA,wet-wet,192.20784562821694,141,114,4,0.3594582483495536,192.20784562821694,141,135,4,0.3593241854902081
CUENCA,TARIFA,dry-dry,543.314058633662,979,0,0,,543.314058633662,979,837,6,0.0844427031303477
CUENCA,TARIFA,dry-wet,543.314058633662,135,0,0,,543.314058633662,135,10,1,-0.6666666666666666
CUENCA,TARIFA,wet-wet,543.314058633662,20,11,1,0.3105295017040594,543.314058633662,20,11,1,0.3105295017040594
CUENCA,TORREVIEJA,dry-dry,262.82152027625284,1134,0,0,,262.82152027625284,1134,1019,8,0.07004520996235139
CUENCA,TORREVIEJA,dry-wet,262.82152027625284,170,0,0,,262.82152027625284,170,125,5,-0.161161303633499
CUENCA,TORREVIEJA,wet-wet,262.82152027625284,33,24,2,0.11737173499482388,262.82152027625284,33,25,2,0.12972943454572644
CUENCA,VALENCIA,dry-dry,164.3475767291076,1112,333,13,0.32313093788013403,164.3475767291076,1112,1056,13,0.22198274572611743
CUENCA,VALENCIA,dry-wet,164.3475767291076,205,48,4,-0.6017169501628001,164.3475767291076,205,171,9,-0.37584059135756415
CUENCA,VALENCIA,wet-wet,164.3475767291076,92,75,3,0.44327228348591535,164.3475767291076,92,79,3,0.4260240081081608
CUENCA,VANDELLOS,dry-dry,272.5041374933283,1370,128,7,0.20454819771055152,272.5041374933283,1370,1370,16,0.14480018424325983
CUENCA,VANDELLOS,dry-wet,272.5041374933283,268,34,3,0.09706095993310593,272.5041374933283,268,184,7,0.017552188698475156
CUENCA,VANDELLOS,wet-wet,272.5041374933283,57,30,1,0.3232676249994279,272.5041374933283,57,42,2,0.46995116829504147
CUENCA,VIMIANZO,dry-dry,664.1938871252027,1382,203,14,-0.18034929612315395,664.1938871252027,1382,1354,15,-0.03893958243515014
CUENCA,VIMIANZO,dry-wet,664.1938871252027,777,201,13,-0.1004723622434117,664.1938871252027,777,755,20,-0.010394864749991656
CUENCA,VIMIANZO,wet-wet,664.1938871252027,82,35,2,0.07303030303030304,664.1938871252027,82,57,3,0.08661636481998924
CUENCA,ZAMORA,dry-dry,343.440380730089,1477,238,11,0.2928127758471277,343.440380730089,1477,1454,15,0.1839833150705868
CUENCA,ZAMORA,dry-wet,343.440380730089,286,62,4,-0.28275261660029144,343.440380730089,286,240,11,-0.21049116842301038
CUENCA,ZAMORA,wet-wet,343.440380730089,88,56,2,0.08064436125217635,343.440380730089,88,84,4,0.22308177070196508
DAROCA,EXTREMO,dry-dry,594.9213952362923,953,98,7,0.26799665983894777,594.9213952362923,953,953,16,0.08307708796664973
DAROCA,EXTREMO,dry-wet,594.9213952362923,398,99,7,0.03750320243879889,594.9213952362923,398,326,14,-0.014254707565546752
DAROCA,EXTREMO,wet-wet,594.9213952362923,65,25,1,-0.03268602252303067,594.9213952362923,65,48,3,-0.18742407081548249
DAROCA,GETAFE,dry-dry,214.91018245542134,1114,280,12,0.46164198089002256,214.91018245542134,1114,1038,11,0.3984057899849148
DAROCA,GETAFE,dry-wet,214.91018245542134,199,54,4,-0.2367165684178106,214.91018245542134,199,139,7,-0.10225447876481679
DAROCA,GETAFE,wet-wet,214.91018245542134,107,83,3,0.4267111776881606,214.91018245542134,107,97,3,0.4406620135289019
DAROCA,LORCA,dry-dry,385.4390109784557,1486,66,4,0.2813462105761782,385.4390109784557,1486,1361,12,0.05422851562033919
DAROCA,LORCA,dry-wet,385.4390109784557,345,21,2,-0.4292242337033751,385.4390109784557,345,282,7,-0.1989030403715383
DAROCA,LORCA,wet-wet,385.4390109784557,44,19,1,-0.12171612389003691,385.4390109784557,44,33,2,0.10419637878465281
DAROCA,MONTSERRAT,dry-dry,276.3837482779679,1419,409,16,0.3176295971945439,276.3837482779679,1419,1419,16,0.24596571617664512
DAROCA,MONTSERRAT,dry-wet,276.3837482779679,422,181,10,-0.023013526814947866,276.3837482779679,422,391,14,-0.08508720813083494
DAROCA,MONTSERRAT,wet-wet,276.3837482779679,130,98,3,0.19944732911167312,276.3837482779679,130,124,4,0.20546957576143743
DAROCA,OURENSE,dry-dry,551.811062081934,904,159,10,0.08906154798426166,551.811062081934,904,904,16,0.13863567287646467
DAROCA,OURENSE,dry-wet,551.811062081934,348,98,7,-0.16114831132222418,551.811062081934,348,309,13,-0.1085114628198697
DAROCA,OURENSE,wet-wet,551.811062081934,85,60,3,-0.0858998702416898,551.811062081934,85,66,3,-0.08029681585538646
DAROCA,OVIEDO,dry-dry,443.8119946032598,1101,511,20,0.11609614352507644,443.8119946032598,1101,1092,15,0.11180198380819265
DAROCA,OVIEDO,dry-wet,443.8119946032598,633,372,20,-0.20213042981346765,443.8119946032598,633,598,16,-0.179919052276291
DAROCA,OVIEDO,wet-wet,443.8119946032598,194,148,5,0.2551996413610902,443.8119946032598,194,181,5,0.2030362587253402
DAROCA,PAMPLONA,dry-dry,190.36900257435718,1209,418,13,0.3574317872296842,190.36900257435718,1209,1209,16,0.2897841804070935
DAROCA,PAMPLONA,dry-wet,190.36900257435718,337,112,8,-0.35291964134017967,190.36900257435718,337,286,12,-0.196704638298773
DAROCA,PAMPLONA,wet-wet,190.36900257435718,171,135,4,0.5315115998157757,190.36900257435718,171,156,4,0.5296436722248592
DAROCA,PONFERRADA,dry-dry,459.08235989634846,1221,309,14,0.03884144500489442,459.08235989634846,1221,1190,15,0.10839906749362586
DAROCA,PONFERRADA,dry-wet,459.08235989634846,405,159,10,-0.1512148374034467,459.08235989634846,405,386,16,-0.13621512935327898
DAROCA,PONFERRADA,wet-wet,459.08235989634846,110,78,3,0.13324863067018008,459.08235989634846,110,98,4,0.04793497599128814
DAROCA,PORTO,dry-dry,608.3649744652214,1393,145,8,0.09809260574769993,608.3649744652214,1393,1393,16,0.026171723849248346
DAROCA,PORTO,dry-wet,608.3649744652214,458,105,7,-0.020706329995910974,608.3649744652214,458,390,15,-0.1342458388095405
DAROCA,PORTO,wet-wet,608.3649744652214,81,43,2,0.17659861734111174,608.3649744652214,81,60,3,0.027255606262264278
DAROCA,SORIA,dry-dry,115.75300736284872,1425,701,16,0.5282311734052192,115.75300736284872,1425,1425,16,0.577069268267971
DAROCA,SORIA,dry-wet,115.75300736284872,236,88,7,-0.4674140182346013,115.75300736284872,236,204,10,-0.5650043496574979
DAROCA,SORIA,wet-wet,115.75300736284872,241,195,4,0.5488146301757598,115.75300736284872,241,226,4,0.5121065087195765
DAROCA,TARIFA,dry-dry,673.7930290643372,871,10,1,1.0,673.7930290643372,871,802,8,0.07676261858245279
DAROCA,TARIFA,dry-wet,673.7930290643372,175,0,0,,673.7930290643372,175,101,2,-0.017068665012363024
DAROCA,TARIFA,wet-wet,673.7930290643372,28,14,1,0.45226701686664544,673.7930290643372,28,14,1,0.45226701686664544
DAROCA,TORREVIEJA,dry-dry,353.9576047317979,979,31,2,0.6668475428117783,353.9576047317979,979,861,9,0.0383493430098068
DAROCA,TORREVIEJA,dry-wet,353.9576047317979,209,10,1,-0.6666666666666666,353.9576047317979,209,142,4,-0.09465990059449382
DAROCA,TORREVIEJA,wet-wet,353.9576047317979,30,22,2,0.31240204838605423,353.9576047317979,30,23,2,0.3174445770688383
DAROCA,VALENCIA,dry-dry,202.0600060499945,1098,268,10,0.4465221418726663,202.0600060499945,1098,1033,13,0.28865780882419295
DAROCA,VALENCIA,dry-wet,202.0600060499945,262,63,5,-0.23704564700067382,202.0600060499945,262,204,9,-0.23223480745008937
DAROCA,VALENCIA,wet-wet,202.0600060499945,100,71,2,0.3477007072255686,202.0600060499945,100,90,3,0.3862573186045141
DAROCA,VANDELLOS,dry-dry,192.12935002265584,1278,255,9,0.21944906332985384,192.12935002265584,1278,1239,15,0.2036967947051061
DAROCA,VANDELLOS,dry-wet,192.12935002265584,273,63,5,-0.28524869731003427,192.12935002265584,273,214,9,-0.23008713212344037
DAROCA,VANDELLOS,wet-wet,192.12935002265584,104,79,3,0.3761154405793837,192.12935002265584,104,89,3,0.4171770604888707
DAROCA,VIMIANZO,dry-dry,665.9181091997569,1336,449,24,-0.04031997634993463,665.9181091997569,1336,1336,16,-0.029533478757752075
DAROCA,VIMIANZO,dry-wet,665.9181091997569,825,395,21,-0.020493234661531416,665.9181091997569,825,748,18,-0.030541564215565
DAROCA,VIMIANZO,wet-wet,665.9181091997569,144,91,4,0.12101718741368718,665.9181091997569,144,129,5,0.07202704043145527
DAROCA,ZAMORA,dry-dry,363.94512147091547,1490,313,12,0.3244946740884641,363.94512147091547,1490,1444,14,0.2488531583368206
DAROCA,ZAMORA,dry-wet,363.94512147091547,327,83,5,-0.09226525086323514,363.94512147091547,327,286,12,-0.21405893942932208
DAROCA,ZAMORA,wet-wet,363.94512147091547,116,84,3,0.09889645491808012,363.94512147091547,116,106,4,0.12646119530602357
EXTREMO,GETAFE,dry-dry,438.37559538811104,784,33,3,-0.1761795048487187,438.37559538811104,784,692,14,0.017590153309185657
EXTREMO,GETAFE,dry-wet,438.37559538811104,257,17,1,-0.06546536707079773,438.37559538811104,257,157,7,-0.008404712992813762
EXTREMO,GETAFE,wet-wet,438.37559538811104,27,0,0,,438.37559538811104,27,0,0,
EXTREMO,LORCA,dry-dry,751.1837443784797,870,0,0,,751.1837443784797,870,695,4,-0.02342271693110364
EXTREMO,LORCA,dry-wet,751.1837443784797,241,0,0,,751.1837443784797,241,168,6,-0.010566588069666575
EXTREMO,LORCA,wet-wet,751.1837443784797,12,0,0,,751.1837443784797,12,0,0,
EXTREMO,MONTSERRAT,dry-dry,855.3162852926539,921,105,7,0.009160381655064016,855.3162852926539,921,921,16,0.05311786852502302
EXTREMO,MONTSERRAT,dry-wet,855.3162852926539,351,53,4,-0.22599143560271273,855.3162852926539,351,277,12,-0.15639894279392386
EXTREMO,MONTSERRAT,wet-wet,855.3162852926539,59,32,2,0.004633693214606799,855.3162852926539,59,35,2,0.030323925021302527
EXTREMO,OURENSE,dry-dry,64.68203519715652,783,226,8,0.21845593764778667,64.68203519715652,783,734,11,0.24709575741048848
EXTREMO,OURENSE,dry-wet,64.68203519715652,206,64,3,-0.2977008915119336,64.68203519715652,206,165,8,-0.23112511335469413
EXTREMO,OURENSE,wet-wet,64.68203519715652,98,50,2,0.12936423457895646,64.68203519715652,98,73,3,0.09585739758949333
EXTREMO,OVIEDO,dry-dry,262.7630837702682,763,244,13,0.2849824911468752,262.7630837702682,763,758,14,0.2458874416558851
EXTREMO,OVIEDO,dry-wet,262.7630837702682,421,144,8,-0.1256803481029005,262.7630837702682,421,388,13,-0.14193899864319015
EXTREMO,OVIEDO,wet-wet,262.7630837702682,144,78,3,0.07576579379136687,262.7630837702682,144,110,4,0.059456043433342834
EXTREMO,PAMPLONA,dry-dry,568.9701886163513,617,99,7,0.026378372397199104,568.9701886163513,617,601,15,0.09968543636491295
EXTREMO,PAMPLONA,dry-wet,568.9701886163513,256,32,2,-0.07758714887621357,568.9701886163513,256,172,8,-0.13824280453058968
EXTREMO,PAMPLONA,wet-wet,568.9701886163513,74,23,1,0.13740858372430334,568.9701886163513,74,53,3,0.19551042884570924
EXTREMO,PONFERRADA,dry-dry,167.89533229819756,842,181,8,0.20321279292719835,167.89533229819756,842,789,11,0.2328038778229267
EXTREMO,PONFERRADA,dry-wet,167.89533229819756,228,41,2,-0.2577920905518172,167.89533229819756,228,173,9,-0.31444653082895624
EXTREMO,PONFERRADA,wet-wet,167.89533229819756,108,57,2,0.25923600061310625,167.89533229819756,108,90,4,0.1888638255273883
EXTREMO,PORTO,dry-dry,82.82891707459974,1377,540,17,0.1087511749450479,82.82891707459974,1377,1280,11,0.1264933208885962
EXTREMO,PORTO,dry-wet,82.82891707459974,349,151,6,-0.22161297482400352,82.82891707459974,349,310,10,-0.2425755114835224
EXTREMO,PORTO,wet-wet,82.82891707459974,134,78,3,0.0720784355283825,82.82891707459974,134,109,4,0.15230801937551375
EXTREMO,SORIA,dry-dry,496.0797158419938,891,134,9,0.018825451000973593,496.0797158419938,891,859,15,0.07874018803838377
EXTREMO,SORIA,dry-wet,496.0797158419938,380,66,5,-0.06697670943378672,496.0797158419938,380,326,13,-0.11159303150505963
EXTREMO,SORIA,wet-wet,496.0797158419938,72,27,1,0.024049303512194094,496.0797158419938,72,62,4,0.06419277715444066
EXTREMO,TARIFA,dry-dry,706.092912792578,765,0,0,,706.092912792578,765,681,6,-0.03498256779320146
EXTREMO,TARIFA,dry-wet,706.092912792578,183,0,0,,706.092912792578,183,40,1,0.15231225557722924
EXTREMO,TARIFA,wet-wet,706.092912792578,11,0,0,,706.092912792578,11,0,0,
EXTREMO,TORREVIEJA,dry-dry,795.3584392799829,879,0,0,,795.3584392799829,879,800,8,-0.024832873516153545
EXTREMO,TORREVIEJA,dry-wet,795.3584392799829,260,0,0,,795.3584392799829,260,101,2,-0.14773799961121756
EXTREMO,TORREVIEJA,wet-wet,795.3584392799829,8,0,0,,795.3584392799829,8,0,0,
EXTREMO,VALENCIA,dry-dry,736.1000516651022,632,24,2,0.1967592592592593,736.1000516651022,632,625,15,0.009574700815352818
EXTREMO,VALENCIA,dry-wet,736.1000516651022,240,24,2,0.1668856215913601,736.1000516651022,240,122,7,0.25491383831771064
EXTREMO,VALENCIA,wet-wet,736.1000516651022,22,0,0,,736.1000516651022,22,0,0,
EXTREMO,VANDELLOS,dry-dry,785.969387395911,1070,26,2,0.3776526809966331,785.969387395911,1070,1058,15,0.09089955856518757
EXTREMO,VANDELLOS,dry-wet,785.969387395911,349,52,4,-0.04063509020755126,785.969387395911,349,316,14,-0.08977222757772092
EXTREMO,VANDELLOS,wet-wet,785.969387395911,46,20,1,0.15309310892394865,785.969387395911,46,20,1,0.15309310892394865
EXTREMO,VIMIANZO,dry-dry,130.8704831301554,959,278,14,0.1809055790064075,130.8704831301554,959,873,12,0.15410683036423356
EXTREMO,VIMIANZO,dry-wet,130.8704831301554,375,151,8,-0.15515048867936929,130.8704831301554,375,320,12,-0.18189036706804357
EXTREMO,VIMIANZO,wet-wet,130.8704831301554,184,113,4,0.19485237972417424,130.8704831301554,184,157,5,0.25977632091672653
EXTREMO,ZAMORA,dry-dry,232.2182025586913,813,52,4,0.37646160976899457,232.2182025586913,813,803,15,0.07174465690321691
EXTREMO,ZAMORA,dry-wet,232.2182025586913,265,34,2,-0.32494945237740847,232.2182025586913,265,209,10,-0.2611644397066921
EXTREMO,ZAMORA,wet-wet,232.2182025586913,67,21,1,-0.07905694150420949,232.2182025586913,67,35,2,0.010502381047706422
GETAFE,LORCA,dry-dry,342.6521266485664,1194,0,0,,342.6521266485664,1194,1101,10,-0.019774166529946107
GETAFE,LORCA,dry-wet,342.6521266485664,164,0,0,,342.6521266485664,164,95,4,0.02437697610319931
GETAFE,LORCA,wet-wet,342.6521266485664,19,10,1,-0.3333333333333333,342.6521266485664,19,10,1,-0.3333333333333333
GETAFE,MONTSERRAT,dry-dry,488.6532105300666,1071,160,10,0.3322332489267071,488.6532105300666,1071,874,12,0.20114699860889626
GETAFE,MONTSERRAT,dry-wet,488.6532105300666,287,62,4,-0.20924625342741787,488.6532105300666,287,201,8,0.015712405863917814
GETAFE,MONTSERRAT,wet-wet,488.6532105300666,41,28,1,-0.13712555853457373,488.6532105300666,41,28,1,-0.13712555853457373
GETAFE,OURENSE,dry-dry,412.4454585493426,676,31,2,0.1957359109267786,412.4454585493426,676,618,13,0.09684773189306771
GETAFE,OURENSE,dry-wet,412.4454585493426,207,37,3,0.008292432878750606,412.4454585493426,207,139,9,-0.18717570471526251
GETAFE,OURENSE,wet-wet,412.4454585493426,38,13,1,0.07142857142857142,412.4454585493426,38,25,2,0.1776724676474459
GETAFE,OVIEDO,dry-dry,383.52033088822407,810,151,8,0.09309537198315733,383.52033088822407,810,738,12,0.02869947305002239
GETAFE,OVIEDO,dry-wet,383.52033088822407,460,101,7,-0.2332154500441244,383.52033088822407,460,383,11,-0.0675522382034949
GETAFE,OVIEDO,wet-wet,383.52033088822407,76,44,2,0.04962467356012468,383.52033088822407,76,53,2,0.012251063536880415
GETAFE,PAMPLONA,dry-dry,329.36051686188137,905,64,3,0.12797388154083061,329.36051686188137,905,869,13,0.14932717640737292
GETAFE,PAMPLONA,dry-wet,329.36051686188137,265,37,3,-0.012714808377914529,329.36051686188137,265,218,10,-0.12865972402203701
GETAFE,PAMPLONA,wet-wet,329.36051686188137,67,41,2,0.37092179730485875,329.36051686188137,67,57,3,0.3476225875230103
GETAFE,PONFERRADA,dry-dry,347.7878302875474,843,90,6,0.21013734700904305,347.7878302875474,843,748,13,0.12556247627437447
GETAFE,PONFERRADA,dry-wet,347.7878302875474,220,21,2,-0.2336549296942822,347.7878302875474,220,184,10,-0.24762550843205047
GETAFE,PONFERRADA,wet-wet,347.7878302875474,57,33,2,-0.08697968697968697,347.7878302875474,57,39,2,-0.06369115071853887
GETAFE,PORTO,dry-dry,430.07989294675906,1089,12,1,0.5222329678670935,430.07989294675906,1089,954,11,-0.002775303681523257
GETAFE,PORTO,dry-wet,430.07989294675906,274,21,2,-0.21125929737639576,430.07989294675906,274,202,7,-0.06823975753074599
GETAFE,PORTO,wet-wet,430.07989294675906,33,0,0,,430.07989294675906,33,13,1,0.50709255283711
GETAFE,SORIA,dry-dry,194.23062427293388,1095,232,8,0.494176616149312,194.23062427293388,1095,1017,11,0.33583184580734954
GETAFE,SORIA,dry-wet,194.23062427293388,198,12,1,-0.2548235957188128,194.23062427293388,198,124,5,-0.29347235812451317
GETAFE,SORIA,wet-wet,194.23062427293388,100,82,3,0.47804044499089365,194.23062427293388,100,92,3,0.47639781966994893
GETAFE,TARIFA,dry-dry,503.93440625424194,709,21,2,0.4444444444444445,503.93440625424194,709,525,4,0.060027568082180884
GETAFE,TARIFA,dry-wet,503.93440625424194,77,0,0,,503.93440625424194,77,10,1,0.16666666666666666
GETAFE,TARIFA,wet-wet,503.93440625424194,21,10,1,0.6546536707079772,503.93440625424194,21,10,1,0.6546536707079772
GETAFE,TORREVIEJA,dry-dry,366.1941513723087,855,0,0,,366.1941513723087,855,651,5,0.14708546644739598
GETAFE,TORREVIEJA,dry-wet,366.1941513723087,124,10,1,0.21821789023599236,366.1941513723087,124,57,2,0.11701459847380767
GETAFE,TORREVIEJA,wet-wet,366.1941513723087,8,0,0,,366.1941513723087,8,0,0,
GETAFE,VALENCIA,dry-dry,300.38725558016614,804,59,3,-0.12982992600193488,300.38725558016614,804,672,12,0.08489116133882194
GETAFE,VALENCIA,dry-wet,300.38725558016614,146,14,1,-0.18856180831641267,300.38725558016614,146,106,6,-0.3239338167198229
GETAFE,VALENCIA,wet-wet,300.38725558016614,36,14,1,0.2842676218074806,300.38725558016614,36,34,3,0.346987288321906
GETAFE,VANDELLOS,dry-dry,394.4493920266504,962,48,3,0.06839314588331039,394.4493920266504,962,873,12,0.12667892429611122
GETAFE,VANDELLOS,dry-wet,394.4493920266504,196,0,0,,394.4493920266504,196,115,5,-0.06504031878319438
GETAFE,VANDELLOS,wet-wet,394.4493920266504,27,17,1,0.15,394.4493920266504,27,17,1,0.15
GETAFE,VIMIANZO,dry-dry,537.9982813583713,1023,44,3,0.06162625985620831,537.9982813583713,1023,1023,16,-0.030969397573151224
GETAFE,VIMIANZO,dry-wet,537.9982813583713,519,78,5,-0.13052752682954177,537.9982813583713,519,440,12,-0.042422230207642284
GETAFE,VIMIANZO,wet-wet,537.9982813583713,51,24,2,0.09092412093166351,537.9982813583713,51,26,2,0.16317848796612638
GETAFE,ZAMORA,dry-dry,216.6030790562176,1084,246,11,0.2270328579410139,216.6030790562176,1084,1047,13,0.17882007728244953
GETAFE,ZAMORA,dry-wet,216.6030790562176,176,21,2,-0.7662738462939599,216.6030790562176,176,144,9,-0.411961921044879
GETAFE,ZAMORA,wet-wet,216.6030790562176,67,43,2,0.32777216548073895,216.6030790562176,67,55,3,0.42427607758538166
LORCA,MONTSERRAT,dry-dry,531.9731725143124,1506,61,3,0.10755395441024915,531.9731725143124,1506,1452,12,0.07385024458819384
LORCA,MONTSERRAT,dry-wet,531.9731725143124,319,27,2,-0.2651694851001786,531.9731725143124,319,281,8,-0.08159263634222856
LORCA,MONTSERRAT,wet-wet,531.9731725143124,36,17,1,0.5952380952380952,531.9731725143124,36,17,1,0.5952380952380952
LORCA,OURENSE,dry-dry,738.7044514897925,975,0,0,,738.7044514897925,975,870,9,0.028758809308254838
LORCA,OURENSE,dry-wet,738.7044514897925,258,10,1,-0.10206207261596575,738.7044514897925,258,145,5,-0.06475409242991124
LORCA,OURENSE,wet-wet,738.7044514897925,13,0,0,,738.7044514897925,13,0,0,
LORCA,OVIEDO,dry-dry,725.6043641308303,1087,67,5,0.011987821899939202,725.6043641308303,1087,1022,11,0.01681013802463093
LORCA,OVIEDO,dry-wet,725.6043641308303,621,52,4,-0.15271178657685994,725.6043641308303,621,512,7,0.016998778778141696
LORCA,OVIEDO,wet-wet,725.6043641308303,40,14,1,0.31622776601683794,725.6043641308303,40,14,1,0.31622776601683794
LORCA,PAMPLONA,dry-dry,574.15223025708,1242,24,2,-0.04695103131367486,574.15223025708,1242,1184,11,-0.0013305076721382763
LORCA,PAMPLONA,dry-wet,574.15223025708,355,10,1,0.10206207261596575,574.15223025708,355,268,6,-0.06201154579835738
LORCA,PAMPLONA,wet-wet,574.15223025708,27,0,0,,574.15223025708,27,0,0,
LORCA,PONFERRADA,dry-dry,687.1777861882695,1214,0,0,,687.1777861882695,1214,1089,9,0.00010808074635711482
LORCA,PONFERRADA,dry-wet,687.1777861882695,324,21,2,-0.3744073560379747,687.1777861882695,324,170,4,-0.10509635158688427
LORCA,PONFERRADA,wet-wet,687.1777861882695,15,0,0,,687.1777861882695,15,0,0,
LORCA,PORTO,dry-dry,719.8418893182059,1281,0,0,,719.8418893182059,1281,1152,9,-0.017280628673557244
LORCA,PORTO,dry-wet,719.8418893182059,274,0,0,,719.8418893182059,274,137,4,-0.08834096102162738
LORCA,PORTO,wet-wet,719.8418893182059,9,0,0,,719.8418893182059,9,0,0,
LORCA,SORIA,dry-dry,463.21138692365764,1332,23,2,0.1518070169322535,463.21138692365764,1332,1248,11,0.003941057843808288
LORCA,SORIA,dry-wet,463.21138692365764,358,34,3,-0.07210204318430874,463.21138692365764,358,261,9,0.017722062195217946
LORCA,SORIA,wet-wet,463.21138692365764,23,0,0,,463.21138692365764,23,0,0,
LORCA,TARIFA,dry-dry,393.000828128321,965,0,0,,393.000828128321,965,741,2,0.16446580382962595
LORCA,TARIFA,dry-wet,393.000828128321,68,0,0,,393.000828128321,68,10,1,-1.0
LORCA,TARIFA,wet-wet,393.000828128321,13,0,0,,393.000828128321,13,0,0,
LORCA,TORREVIEJA,dry-dry,92.9629128265286,1087,72,4,0.6608020828558308,92.9629128265286,1087,861,5,0.32134177460072366
LORCA,TORREVIEJA,dry-wet,92.9629128265286,63,0,0,,92.9629128265286,63,12,1,0.13483997249264842
LORCA,TORREVIEJA,wet-wet,92.9629128265286,38,23,1,0.4443938593811115,92.9629128265286,38,23,1,0.4443938593811115
LORCA,VALENCIA,dry-dry,233.25734632832993,1155,45,2,0.5374745699751978,233.25734632832993,1155,1092,10,0.14115308098593124
LORCA,VALENCIA,dry-wet,233.25734632832993,171,0,0,,233.25734632832993,171,104,3,-0.05938740456384727
LORCA,VALENCIA,wet-wet,233.25734632832993,42,23,1,0.30496877279641665,233.25734632832993,42,23,1,0.30496877279641665
LORCA,VANDELLOS,dry-dry,428.19478759397066,1312,24,2,0.2623204580173322,428.19478759397066,1312,1161,9,0.022612286231898805
LORCA,VANDELLOS,dry-wet,428.19478759397066,202,0,0,,428.19478759397066,202,136,3,-0.04083545480766011
LORCA,VANDELLOS,wet-wet,428.19478759397066,21,13,1,0.1011299793694863,428.19478759397066,21,13,1,0.1011299793694863
LORCA,VIMIANZO,dry-dry,865.2869295532565,1419,17,1,-0.1613743060919757,865.2869295532565,1419,1395,14,-0.01070731987336993
LORCA,VIMIANZO,dry-wet,865.2869295532565,647,12,1,-0.3567530340063379,865.2869295532565,647,489,6,-0.005021936713528585
LORCA,VIMIANZO,wet-wet,865.2869295532565,25,0,0,,865.2869295532565,25,0,0,
LORCA,ZAMORA,dry-dry,551.8402907324325,1485,21,2,-0.13099496641004554,551.8402907324325,1485,1454,13,0.06012245475405415
LORCA,ZAMORA,dry-wet,551.8402907324325,265,11,1,0.1,551.8402907324325,265,211,8,-0.041117706786656834
LORCA,ZAMORA,wet-wet,551.8402907324325,23,10,1,-0.16666666666666666,551.8402907324325,23,10,1,-0.16666666666666666
MONTSERRAT,OURENSE,dry-dry,805.6077124931321,927,85,6,-0.06807660873787597,805.6077124931321,927,927,16,-0.005997049489591424
MONTSERRAT,OURENSE,dry-wet,805.6077124931321,345,73,5,-0.10409741550122813,805.6077124931321,345,231,10,-0.11662100360606426
MONTSERRAT,OURENSE,wet-wet,805.6077124931321,46,21,1,-0.13762047064079508,805.6077124931321,46,32,2,-0.21921968385802176
MONTSERRAT,OVIEDO,dry-dry,661.86942974353,1090,528,23,0.05527700796626143,661.86942974353,1090,1090,16,-0.0010414330417420077
MONTSERRAT,OVIEDO,dry-wet,661.86942974353,682,392,19,-0.03692649324916736,661.86942974353,682,648,16,-0.056350603131392764
MONTSERRAT,OVIEDO,wet-wet,661.86942974353,146,104,4,0.2705734097479435,661.86942974353,146,127,4,0.24271849711906085
MONTSERRAT,PAMPLONA,dry-dry,317.04551951128434,1224,311,14,0.1387287148763264,317.04551951128434,1224,1224,16,0.0810668089252416
MONTSERRAT,PAMPLONA,dry-wet,317.04551951128434,415,185,12,-0.03588048559156478,317.04551951128434,415,369,13,-0.10281202545064626
MONTSERRAT,PAMPLONA,wet-wet,317.04551951128434,109,83,4,0.29644035597105367,317.04551951128434,109,100,4,0.27361199346053794
MONTSERRAT,PONFERRADA,dry-dry,704.4850567179411,1215,246,14,0.009411001936084868,704.4850567179411,1215,1215,16,0.01980415577110144
MONTSERRAT,PONFERRADA,dry-wet,704.4850567179411,454,160,11,-0.05674353916815117,704.4850567179411,454,390,14,-0.05354468354120172
MONTSERRAT,PONFERRADA,wet-wet,704.4850567179411,61,37,2,-0.13852575873186437,704.4850567179411,61,43,2,-0.03503995129928072
MONTSERRAT,PORTO,dry-dry,877.5041047929506,1338,148,10,-0.04521337051608712,877.5041047929506,1338,1338,16,-0.02645584598822169
MONTSERRAT,PORTO,dry-wet,877.5041047929506,469,105,8,0.004505112050328447,877.5041047929506,469,386,12,-0.043131144467427156
MONTSERRAT,PORTO,wet-wet,877.5041047929506,48,25,2,-0.0047833839759180204,877.5041047929506,48,30,2,-0.12145478671766706
MONTSERRAT,SORIA,dry-dry,359.45237758100865,1380,418,19,0.2511439349637362,359.45237758100865,1380,1380,16,0.18912522135854873
MONTSERRAT,SORIA,dry-wet,359.45237758100865,425,193,12,-0.19881317535375692,359.45237758100865,425,404,15,-0.1613177938003882
MONTSERRAT,SORIA,wet-wet,359.45237758100865,109,72,2,0.20185645722373588,359.45237758100865,109,102,4,0.24941424015735128
MONTSERRAT,TARIFA,dry-dry,894.0073536859612,817,0,0,,894.0073536859612,817,576,7,0.04364112922584323
MONTSERRAT,TARIFA,dry-wet,894.0073536859612,189,0,0,,894.0073536859612,189,15,1,0.21821789023599233
MONTSERRAT,TARIFA,wet-wet,894.0073536859612,17,0,0,,894.0073536859612,17,0,0,
MONTSERRAT,TORREVIEJA,dry-dry,457.3761585560558,1034,63,4,0.5804415777641733,457.3761585560558,1034,976,8,0.18741999070639617
MONTSERRAT,TORREVIEJA,dry-wet,457.3761585560558,198,0,0,,457.3761585560558,198,143,3,-0.06455498738421657
MONTSERRAT,TORREVIEJA,wet-wet,457.3761585560558,30,17,1,-0.23570226039551584,457.3761585560558,30,17,1,-0.23570226039551584
MONTSERRAT,VALENCIA,dry-dry,299.9337136524067,1104,255,10,0.1985281858746806,299.9337136524067,1104,1090,15,0.11685873673072912
MONTSERRAT,VALENCIA,dry-wet,299.9337136524067,264,89,6,-0.3079189618203153,299.9337136524067,264,240,11,-0.23865038154532112
MONTSERRAT,VALENCIA,wet-wet,299.9337136524067,90,72,3,0.1094873478499461,299.9337136524067,90,88,4,0.0912377337902991
MONTSERRAT,VANDELLOS,dry-dry,107.44072374644497,1372,267,10,0.4548275825341993,107.44072374644497,1372,1259,12,0.3664002490890639
MONTSERRAT,VANDELLOS,dry-wet,107.44072374644497,262,73,5,-0.18744706580282472,107.44072374644497,262,222,10,-0.1402747144952866
MONTSERRAT,VANDELLOS,wet-wet,107.44072374644497,108,84,2,0.3022274295911287,107.44072374644497,108,98,3,0.3244116341167674
MONTSERRAT,VIMIANZO,dry-dry,908.9071491485759,1381,435,22,-0.060544654744559,908.9071491485759,1381,1381,16,-0.00929741663654785
MONTSERRAT,VIMIANZO,dry-wet,908.9071491485759,833,394,20,0.007714122551305181,908.9071491485759,833,793,19,-0.032868588091624816
MONTSERRAT,VIMIANZO,wet-wet,908.9071491485759,116,82,4,-0.02332713337424564,908.9071491485759,116,99,4,-0.03681380098665911
MONTSERRAT,ZAMORA,dry-dry,630.124864241534,1444,176,9,0.13414498130865296,630.124864241534,1444,1444,16,0.0021233509864052717
MONTSERRAT,ZAMORA,dry-wet,630.124864241534,410,101,6,-0.21405511772366623,630.124864241534,410,383,14,-0.11408766564543085
MONTSERRAT,ZAMORA,wet-wet,630.124864241534,58,47,3,-0.19826606063366592,630.124864241534,58,52,3,-0.18936203443236413
OURENSE,OVIEDO,dry-dry,198.1392317490295,769,303,13,0.3552572117950039,198.1392317490295,769,746,12,0.3065751414668418
OURENSE,OVIEDO,dry-wet,198.1392317490295,360,98,6,-0.1914910953341534,198.1392317490295,360,321,12,-0.2817376087244175
OURENSE,OVIEDO,wet-wet,198.1392317490295,187,133,4,0.2964902061305793,198.1392317490295,187,168,5,0.2441304910738537
OURENSE,PAMPLONA,dry-dry,512.2711108548466,754,157,9,0.045027506703805696,512.2711108548466,754,686,13,0.08507041002343295
OURENSE,PAMPLONA,dry-wet,512.2711108548466,269,62,3,-0.15795944142919435,512.2711108548466,269,241,13,-0.10769955190960358
OURENSE,PAMPLONA,wet-wet,512.2711108548466,93,62,3,0.14158273276397051,512.2711108548466,93,70,3,0.14794523927309186
OURENSE,PONFERRADA,dry-dry,106.6932085028858,886,474,14,0.6839983882230215,106.6932085028858,886,797,9,0.6455424797109406
OURENSE,PONFERRADA,dry-wet,106.6932085028858,122,15,1,-0.681385143869247,106.6932085028858,122,75,5,-0.6400949200002048
OURENSE,PONFERRADA,wet-wet,106.6932085028858,190,149,4,0.7120075197083886,106.6932085028858,190,178,5,0.6750056900860465
OURENSE,PORTO,dry-dry,139.29882883035052,1099,366,12,0.557337523435932,139.29882883035052,1099,1070,13,0.4666719827574936
OURENSE,PORTO,dry-wet,139.29882883035052,150,0,0,,139.29882883035052,150,101,6,-0.551411690928174
OURENSE,PORTO,wet-wet,139.29882883035052,170,116,3,0.6137471761764545,139.29882883035052,170,146,4,0.6088960484485191
OURENSE,SORIA,dry-dry,448.04142990230656,889,183,10,0.22814227962437905,448.04142990230656,889,850,15,0.16382180757794781
OURENSE,SORIA,dry-wet,448.04142990230656,329,110,7,-0.15894674607349144,448.04142990230656,329,263,11,-0.08109346952891487
OURENSE,SORIA,wet-wet,448.04142990230656,86,56,3,0.194731667329952,448.04142990230656,86,78,4,0.04119178416911993
OURENSE,TARIFA,dry-dry,728.2696456458681,646,0,0,,728.2696456458681,646,305,3,0.12991930362221138
OURENSE,TARIFA,dry-wet,728.2696456458681,108,0,0,,728.2696456458681,108,54,2,-0.15212920495944715
OURENSE,TARIFA,wet-wet,728.2696456458681,21,0,0,,728.2696456458681,21,0,0,
OURENSE,TORREVIEJA,dry-dry,776.0168458727076,726,0,0,,776.0168458727076,726,611,5,0.01145588264323311
OURENSE,TORREVIEJA,dry-wet,776.0168458727076,183,0,0,,776.0168458727076,183,66,1,0.1663687814121731
OURENSE,TORREVIEJA,wet-wet,776.0168458727076,15,0,0,,776.0168458727076,15,0,0,
OURENSE,VALENCIA,dry-dry,704.3620695761358,717,35,3,-0.13044733044733045,704.3620695761358,717,636,14,0.10016703666665533
OURENSE,VALENCIA,dry-wet,704.3620695761358,233,25,2,0.1176696810829104,704.3620695761358,233,157,8,0.04041897803533092
OURENSE,VALENCIA,wet-wet,704.3620695761358,27,13,1,-0.05773502691896257,704.3620695761358,27,13,1,-0.05773502691896257
OURENSE,VANDELLOS,dry-dry,740.909536391108,888,85,7,0.2481850331783412,740.909536391108,888,866,15,0.07622736663204929
OURENSE,VANDELLOS,dry-wet,740.909536391108,274,41,3,-0.01028986470102307,740.909536391108,274,217,10,-0.0037291116126537288
OURENSE,VANDELLOS,wet-wet,740.909536391108,35,15,1,-0.1846372364689991,740.909536391108,35,27,2,-0.10257624248277729
OURENSE,VIMIANZO,dry-dry,126.663815929313,1039,291,12,0.30157076428633156,126.663815929313,1039,887,11,0.2158816136257808
OURENSE,VIMIANZO,dry-wet,126.663815929313,330,130,9,-0.2676585348035219,126.663815929313,330,294,13,-0.29356328786571456
OURENSE,VIMIANZO,wet-wet,126.663815929313,211,160,6,0.3358385150645852,126.663815929313,211,182,5,0.3566799254334591
OURENSE,ZAMORA,dry-dry,197.46051121987787,987,269,11,0.3466739616184628,197.46051121987787,987,922,13,0.31398188159807394
OURENSE,ZAMORA,dry-wet,197.46051121987787,194,23,2,-0.5349871734495519,197.46051121987787,194,150,8,-0.5050265309489058
OURENSE,ZAMORA,wet-wet,197.46051121987787,114,70,2,0.38917521221369206,197.46051121987787,114,103,4,0.35417184872070184
OVIEDO,PAMPLONA,dry-dry,349.0842283939773,960,436,14,0.3126033015220123,349.0842283939773,960,954,15,0.2514622960828101
OVIEDO,PAMPLONA,dry-wet,349.0842283939773,453,239,13,-0.318504398541011,349.0842283939773,453,418,13,-0.30067986778207584
OVIEDO,PAMPLONA,wet-wet,349.0842283939773,246,191,6,0.308365529119893,349.0842283939773,246,239,7,0.35968619982138
OVIEDO,PONFERRADA,dry-dry,105.7779788780367,1049,493,15,0.4406081331204722,105.7779788780367,1049,1017,12,0.4318358266574748
OVIEDO,PONFERRADA,dry-wet,105.7779788780367,405,124,7,-0.2987865864913479,105.7779788780367,405,376,14,-0.314732527417279
OVIEDO,PONFERRADA,wet-wet,105.7779788780367,264,220,6,0.4370897637640998,105.7779788780367,264,239,5,0.4105488898732238
OVIEDO,PORTO,dry-dry,329.9069465626056,1133,407,19,0.28301328597144226,329.9069465626056,1133,1111,13,0.18096736262819382
OVIEDO,PORTO,dry-wet,329.9069465626056,573,224,14,-0.1773721250729117,329.9069465626056,573,523,14,-0.16103884504725813
OVIEDO,PORTO,wet-wet,329.9069465626056,175,125,5,0.26780159686085125,329.9069465626056,175,145,4,0.24398805349968783
OVIEDO,SORIA,dry-dry,328.47142618303815,1084,518,18,0.22443651429571168,328.47142618303815,1084,1084,16,0.17547928660165507
OVIEDO,SORIA,dry-wet,328.47142618303815,547,315,16,-0.19405418500040306,328.47142618303815,547,509,14,-0.21727601584446735
OVIEDO,SORIA,wet-wet,328.47142618303815,203,149,5,0.10486370658552953,328.47142618303815,203,183,5,0.15764906895661962
OVIEDO,TARIFA,dry-dry,816.4177169560978,605,0,0,,816.4177169560978,605,459,5,0.012126240304973234
OVIEDO,TARIFA,dry-wet,816.4177169560978,322,0,0,,816.4177169560978,322,121,3,-0.15296607080389568
OVIEDO,TARIFA,wet-wet,816.4177169560978,28,10,1,-0.10206207261596575,816.4177169560978,28,10,1,-0.10206207261596575
OVIEDO,TORREVIEJA,dry-dry,739.2844742188854,775,0,0,,739.2844742188854,775,646,6,0.000148780500413991
OVIEDO,TORREVIEJA,dry-wet,739.2844742188854,426,16,1,-0.3333333333333333,739.2844742188854,426,335,6,-0.011745357217027767
OVIEDO,TORREVIEJA,wet-wet,739.2844742188854,30,0,0,,739.2844742188854,30,0,0,
OVIEDO,VALENCIA,dry-dry,629.29788286108,880,207,12,0.07015700673730972,629.29788286108,880,875,15,0.06474321114272363
OVIEDO,VALENCIA,dry-wet,629.29788286108,488,172,10,-0.15173109046735278,629.29788286108,488,450,13,-0.109793473597162
OVIEDO,VALENCIA,wet-wet,629.29788286108,79,48,2,0.026027887456989963,629.29788286108,79,65,3,0.0030389723276831827
OVIEDO,VANDELLOS,dry-dry,616.2749053789473,1036,257,12,0.16437177737466527,616.2749053789473,1036,1020,14,0.01966983060034216
OVIEDO,VANDELLOS,dry-wet,616.2749053789473,547,228,13,-0.09627945143709442,616.2749053789473,547,511,13,-0.1146966044479766
OVIEDO,VANDELLOS,wet-wet,616.2749053789473,94,57,2,0.30274034807178146,616.2749053789473,94,85,4,0.2707644615762931
OVIEDO,VIMIANZO,dry-dry,259.2087761058383,1114,696,23,0.31006287452665343,259.2087761058383,1114,1093,14,0.2678592513873375
OVIEDO,VIMIANZO,dry-wet,259.2087761058383,668,390,19,-0.23252149882194872,259.2087761058383,668,620,18,-0.21642330273245736
OVIEDO,VIMIANZO,wet-wet,259.2087761058383,389,297,9,0.16697467093991603,259.2087761058383,389,372,9,0.20414632820533876
OVIEDO,ZAMORA,dry-dry,204.63855112905523,1149,319,13,0.3059364836500793,204.63855112905523,1149,1117,12,0.20038715506597615
OVIEDO,ZAMORA,dry-wet,204.63855112905523,539,155,10,-0.24564100646754874,204.63855112905523,539,482,13,-0.2517738836381629
OVIEDO,ZAMORA,wet-wet,204.63855112905523,165,124,5,0.246045939418163,204.63855112905523,165,139,4,0.28630857703296053
PAMPLONA,PONFERRADA,dry-dry,406.46655924264945,1025,274,11,0.23738131759187375,406.46655924264945,1025,1025,16,0.17243293233697915
PAMPLONA,PONFERRADA,dry-wet,406.46655924264945,338,101,6,-0.30974321217724554,406.46655924264945,338,282,12,-0.17048933612076042
PAMPLONA,PONFERRADA,wet-wet,406.46655924264945,130,96,4,0.2791607330914813,406.46655924264945,130,113,4,0.32202000406524484
PAMPLONA,PORTO,dry-dry,607.5222615218898,1043,188,9,0.13880585386183303,607.5222615218898,1043,999,15,0.07862655129816483
PAMPLONA,PORTO,dry-wet,607.5222615218898,366,95,7,-0.38103039069693917,607.5222615218898,366,314,13,-0.18171140591176543
PAMPLONA,PORTO,wet-wet,607.5222615218898,91,46,2,0.17961661895454686,607.5222615218898,91,74,4,0.10441036193489206
PAMPLONA,SORIA,dry-dry,135.18321493711682,1237,561,19,0.38670256928822655,135.18321493711682,1237,1237,16,0.407700095163727
PAMPLONA,SORIA,dry-wet,135.18321493711682,284,114,9,-0.4088548608216439,135.18321493711682,284,229,10,-0.36825879078596857
PAMPLONA,SORIA,wet-wet,135.18321493711682,185,140,4,0.45186316603748394,135.18321493711682,185,171,4,0.4468966171620682
PAMPLONA,TARIFA,dry-dry,829.2910260139029,559,0,0,,829.2910260139029,559,394,4,-0.0370481867075283
PAMPLONA,TARIFA,dry-wet,829.2910260139029,150,0,0,,829.2910260139029,150,26,1,-0.4690415759823429
PAMPLONA,TARIFA,wet-wet,829.2910260139029,17,0,0,,829.2910260139029,17,0,0,
PAMPLONA,TORREVIEJA,dry-dry,543.9662574703891,739,13,1,0.5270462766947299,543.9662574703891,739,640,6,0.055431741521966185
PAMPLONA,TORREVIEJA,dry-wet,543.9662574703891,204,0,0,,543.9662574703891,204,105,2,-0.09948519891982954
PAMPLONA,TORREVIEJA,wet-wet,543.9662574703891,18,0,0,,543.9662574703891,18,0,0,
PAMPLONA,VALENCIA,dry-dry,386.0425260268582,922,94,5,0.2736100147567618,386.0425260268582,922,922,16,0.09472995541300831
PAMPLONA,VALENCIA,dry-wet,386.0425260268582,321,87,6,0.12227558250387065,386.0425260268582,321,287,12,-0.03707451539817019
PAMPLONA,VALENCIA,wet-wet,386.0425260268582,53,31,2,0.05757513333563141,386.0425260268582,53,38,2,0.11161284690757331
PAMPLONA,VANDELLOS,dry-dry,293.08502405862976,999,149,7,0.24722732640996561,293.08502405862976,999,979,15,0.15005926014432885
PAMPLONA,VANDELLOS,dry-wet,293.08502405862976,279,43,4,-0.4298964076525974,293.08502405862976,279,232,10,-0.2692843710994201
PAMPLONA,VANDELLOS,wet-wet,293.08502405862976,81,53,2,0.4785797344382383,293.08502405862976,81,71,3,0.45300364249048414
PAMPLONA,VIMIANZO,dry-dry,603.493403223551,1195,447,19,0.1456169435487395,603.493403223551,1195,1195,16,0.14438898660585558
PAMPLONA,VIMIANZO,dry-wet,603.493403223551,643,327,19,-0.10483937797865885,603.493403223551,643,614,19,-0.12031682223710345
PAMPLONA,VIMIANZO,wet-wet,603.493403223551,211,162,7,0.14242577729030284,603.493403223551,211,191,6,0.1239498227742661
PAMPLONA,ZAMORA,dry-dry,367.3654725601395,1306,274,13,0.31068854784379546,367.3654725601395,1306,1257,13,0.1896111306663273
PAMPLONA,ZAMORA,dry-wet,367.3654725601395,346,93,6,-0.2560160290801838,367.3654725601395,346,286,11,-0.18011906138378947
PAMPLONA,ZAMORA,wet-wet,367.3654725601395,104,57,2,0.3656217555788289,367.3654725601395,104,78,3,0.33458443406386984
PONFERRADA,PORTO,dry-dry,227.03305237919082,1306,340,11,0.3200638487078131,227.03305237919082,1306,1260,13,0.29727886694958516
PONFERRADA,PORTO,dry-wet,227.03305237919082,260,65,4,-0.3171390454090475,227.03305237919082,260,213,9,-0.2015877618097578
PONFERRADA,PORTO,wet-wet,227.03305237919082,153,103,3,0.5513164051620374,227.03305237919082,153,124,3,0.5567717966371277
PONFERRADA,SORIA,dry-dry,350.40778284497753,1118,372,16,0.32103253585886177,350.40778284497753,1118,1086,15,0.22916335749239752
PONFERRADA,SORIA,dry-wet,350.40778284497753,363,146,9,-0.2689094289419565,350.40778284497753,363,330,14,-0.18712799885771056
PONFERRADA,SORIA,wet-wet,350.40778284497753,139,90,3,0.20872864732043298,350.40778284497753,139,121,4,0.1713477466334764
PONFERRADA,TARIFA,dry-dry,733.389308612728,600,0,0,,733.389308612728,600,311,6,0.030024061670083545
PONFERRADA,TARIFA,dry-wet,733.389308612728,133,0,0,,733.389308612728,133,13,1,-0.22821773229381923
PONFERRADA,TARIFA,wet-wet,733.389308612728,19,0,0,,733.389308612728,19,0,0,
PONFERRADA,TORREVIEJA,dry-dry,713.6574189462601,901,0,0,,713.6574189462601,901,764,7,0.023152592950208342
PONFERRADA,TORREVIEJA,dry-wet,713.6574189462601,221,0,0,,713.6574189462601,221,41,1,0.16306653015674283
PONFERRADA,TORREVIEJA,wet-wet,713.6574189462601,15,0,0,,713.6574189462601,15,0,0,
PONFERRADA,VALENCIA,dry-dry,625.051834320131,919,79,5,0.26245661270195814,625.051834320131,919,904,15,0.05620376496342226
PONFERRADA,VALENCIA,dry-wet,625.051834320131,268,52,4,-0.02405599498673649,625.051834320131,268,202,9,0.008084024549361597
PONFERRADA,VALENCIA,wet-wet,625.051834320131,36,16,1,0.23354968324845687,625.051834320131,36,16,1,0.23354968324845687
PONFERRADA,VANDELLOS,dry-dry,644.6636540795565,1101,81,5,0.025522965274210798,644.6636540795565,1101,1077,15,0.0732842075964392
PONFERRADA,VANDELLOS,dry-wet,644.6636540795565,328,85,7,-0.02828209759631492,644.6636540795565,328,248,10,-0.009228045609936963
PONFERRADA,VANDELLOS,wet-wet,644.6636540795565,45,23,1,0.2802242691589025,644.6636540795565,45,34,2,0.4065936034236489
PONFERRADA,VIMIANZO,dry-dry,206.98289332004413,1257,497,23,0.3076030197256924,206.98289332004413,1257,1257,16,0.17208994311165027
PONFERRADA,VIMIANZO,dry-wet,206.98289332004413,523,214,13,-0.24270404118775177,206.98289332004413,523,482,16,-0.27706420287155886
PONFERRADA,VIMIANZO,wet-wet,206.98289332004413,241,160,5,0.27124535959861806,206.98289332004413,241,226,7,0.2945437853225865
PONFERRADA,ZAMORA,dry-dry,136.70197868466016,1325,374,14,0.541905645800455,136.70197868466016,1325,1282,13,0.4368051898301835
PONFERRADA,ZAMORA,dry-wet,136.70197868466016,215,22,1,-0.8429272304235247,136.70197868466016,215,161,7,-0.6154556518385184
PONFERRADA,ZAMORA,wet-wet,136.70197868466016,157,113,3,0.40689900123785167,136.70197868466016,157,141,4,0.3497705571649943
PORTO,SORIA,dry-dry,519.3726033462698,1336,245,15,0.1278065034668313,519.3726033462698,1336,1336,16,0.05214697886864195
PORTO,SORIA,dry-wet,519.3726033462698,464,149,10,-0.0053944742092939925,519.3726033462698,464,428,15,-0.075805713282447
PORTO,SORIA,wet-wet,519.3726033462698,80,42,2,0.24211981862406243,519.3726033462698,80,58,3,0.24399624132480874
PORTO,TARIFA,dry-dry,638.7996392399266,941,0,0,,638.7996392399266,941,650,6,-0.03708084643167206
PORTO,TARIFA,dry-wet,638.7996392399266,156,0,0,,638.7996392399266,156,96,3,0.024435148380641352
PORTO,TARIFA,wet-wet,638.7996392399266,12,0,0,,638.7996392399266,12,0,0,
PORTO,TORREVIEJA,dry-dry,772.2164504147961,1334,0,0,,772.2164504147961,1334,1245,9,-0.008153126730155365
PORTO,TORREVIEJA,dry-wet,772.2164504147961,285,0,0,,772.2164504147961,285,165,3,0.0745867755390968
PORTO,TORREVIEJA,wet-wet,772.2164504147961,12,0,0,,772.2164504147961,12,0,0,
PORTO,VALENCIA,dry-dry,730.4403037146251,943,13,1,-0.18181818181818182,730.4403037146251,943,920,14,-0.02687032810915951
PORTO,VALENCIA,dry-wet,730.4403037146251,300,21,2,0.13099496641004554,730.4403037146251,300,241,10,0.047725968919319406
PORTO,VALENCIA,wet-wet,730.4403037146251,20,0,0,,730.4403037146251,20,0,0,
PORTO,VANDELLOS,dry-dry,800.4796892617657,1401,24,2,0.3098892209272966,800.4796892617657,1401,1379,15,0.01353181613405967
PORTO,VANDELLOS,dry-wet,800.4796892617657,400,86,6,-0.0465745992342663,800.4796892617657,400,356,12,0.008284108297732209
PORTO,VANDELLOS,wet-wet,800.4796892617657,35,12,1,0.3535533905932738,800.4796892617657,35,23,2,0.2050437094922789
PORTO,VIMIANZO,dry-dry,205.27483647472724,1454,598,25,0.4411494136141363,205.27483647472724,1454,1435,14,0.3641684493253497
PORTO,VIMIANZO,dry-wet,205.27483647472724,484,201,12,-0.37596428001678733,205.27483647472724,484,430,13,-0.38167363359818535
PORTO,VIMIANZO,wet-wet,205.27483647472724,277,193,6,0.33637376884952164,205.27483647472724,277,255,7,0.35120774846199715
PORTO,ZAMORA,dry-dry,247.6299619146027,1362,143,6,0.22535955959570256,247.6299619146027,1362,1325,15,0.16330666306610325
PORTO,ZAMORA,dry-wet,247.6299619146027,283,49,4,-0.14255268917446745,247.6299619146027,283,241,11,-0.28416413484306424
PORTO,ZAMORA,wet-wet,247.6299619146027,96,48,2,0.559930383665662,247.6299619146027,96,68,3,0.46811472369560375
SORIA,TARIFA,dry-dry,694.9126272193365,728,0,0,,694.9126272193365,728,678,8,0.08646061429989672
SORIA,TARIFA,dry-wet,694.9126272193365,162,0,0,,694.9126272193365,162,0,0,
SORIA,TARIFA,wet-wet,694.9126272193365,26,16,1,0.45454545454545453,694.9126272193365,26,16,1,0.45454545454545453
SORIA,TORREVIEJA,dry-dry,448.56461736700817,958,10,1,-0.11111111111111112,448.56461736700817,958,837,8,0.0021237814489088193
SORIA,TORREVIEJA,dry-wet,448.56461736700817,216,0,0,,448.56461736700817,216,138,2,0.03919621335987156
SORIA,TORREVIEJA,wet-wet,448.56461736700817,21,0,0,,448.56461736700817,21,0,0,
SORIA,VALENCIA,dry-dry,311.4245680650915,963,147,6,0.07394895922565684,311.4245680650915,963,893,14,0.1356764981754542
SORIA,VALENCIA,dry-wet,311.4245680650915,288,83,6,0.021934726409819458,311.4245680650915,288,232,10,-0.034856578255477964
SORIA,VALENCIA,wet-wet,311.4245680650915,72,46,2,0.08439064091714857,311.4245680650915,72,53,2,0.20256958464572766
SORIA,VANDELLOS,dry-dry,294.2799122527215,1193,235,9,0.35080586065509073,294.2799122527215,1193,1149,14,0.14640332235351694
SORIA,VANDELLOS,dry-wet,294.2799122527215,285,44,4,-0.10001559267772865,294.2799122527215,285,253,11,-0.3451710245266678
SORIA,VANDELLOS,wet-wet,294.2799122527215,86,66,3,0.25045702893663496,294.2799122527215,86,74,3,0.2825679483872532
SORIA,VIMIANZO,dry-dry,557.200305739203,1260,464,23,0.05413925857496034,557.200305739203,1260,1260,16,0.0425333479860673
SORIA,VIMIANZO,dry-wet,557.200305739203,794,402,22,-0.0008381289872858854,557.200305739203,794,766,20,-0.01737486229935287
SORIA,VIMIANZO,wet-wet,557.200305739203,143,85,4,0.10785223327177067,557.200305739203,143,126,6,0.11542379749363574
SORIA,ZAMORA,dry-dry,271.7560381571126,1410,306,11,0.46297583587763685,271.7560381571126,1410,1387,14,0.25636439289827234
SORIA,ZAMORA,dry-wet,271.7560381571126,311,91,6,-0.24577300016556247,271.7560381571126,311,279,12,-0.23425583390585666
SORIA,ZAMORA,wet-wet,271.7560381571126,124,97,4,0.341864335614558,271.7560381571126,124,113,4,0.31922515478970265
TARIFA,TORREVIEJA,dry-dry,485.82495470794737,656,0,0,,485.82495470794737,656,474,3,-0.021881233797885945
TARIFA,TORREVIEJA,dry-wet,485.82495470794737,60,0,0,,485.82495470794737,60,0,0,
TARIFA,TORREVIEJA,wet-wet,485.82495470794737,7,0,0,,485.82495470794737,7,0,0,
TARIFA,VALENCIA,dry-dry,600.0115551800452,593,0,0,,600.0115551800452,593,420,5,-0.014363905123191335
TARIFA,VALENCIA,dry-wet,600.0115551800452,109,0,0,,600.0115551800452,109,0,0,
TARIFA,VALENCIA,wet-wet,600.0115551800452,13,0,0,,600.0115551800452,13,0,0,
TARIFA,VANDELLOS,dry-dry,786.5750226201751,800,0,0,,786.5750226201751,800,635,5,0.06342397967681074
TARIFA,VANDELLOS,dry-wet,786.5750226201751,99,0,0,,786.5750226201751,99,0,0,
TARIFA,VANDELLOS,wet-wet,786.5750226201751,14,0,0,,786.5750226201751,14,0,0,
TARIFA,VIMIANZO,dry-dry,836.9590183426419,737,0,0,,836.9590183426419,737,479,6,-0.02052484780855301
TARIFA,VIMIANZO,dry-wet,836.9590183426419,305,0,0,,836.9590183426419,305,127,2,0.029082256729115935
TARIFA,VIMIANZO,wet-wet,836.9590183426419,25,0,0,,836.9590183426419,25,0,0,
TARIFA,ZAMORA,dry-dry,611.8722859515716,686,0,0,,611.8722859515716,686,528,4,0.012593144544543636
TARIFA,ZAMORA,dry-wet,611.8722859515716,116,10,1,-0.5091750772173156,611.8722859515716,116,65,3,-0.38844466614973433
TARIFA,ZAMORA,wet-wet,611.8722859515716,23,0,0,,611.8722859515716,23,0,0,
TORREVIEJA,VALENCIA,dry-dry,169.8382864010786,748,38,2,0.24768254174922086,169.8382864010786,748,617,5,0.14686028679044114
TORREVIEJA,VALENCIA,dry-wet,169.8382864010786,97,0,0,,169.8382864010786,97,53,1,-0.13386580668916917
TORREVIEJA,VALENCIA,wet-wet,169.8382864010786,30,15,1,0.7071067811865475,169.8382864010786,30,15,1,0.7071067811865475
TORREVIEJA,VANDELLOS,dry-dry,358.203279690541,1032,13,1,-0.08333333333333333,358.203279690541,1032,886,7,0.06686356378282876
TORREVIEJA,VANDELLOS,dry-wet,358.203279690541,143,0,0,,358.203279690541,143,85,2,0.12119364464925511
TORREVIEJA,VANDELLOS,wet-wet,358.203279690541,17,0,0,,358.203279690541,17,0,0,
TORREVIEJA,VIMIANZO,dry-dry,902.3822987500527,957,0,0,,902.3822987500527,957,806,6,-0.03184805896367481
TORREVIEJA,VIMIANZO,dry-wet,902.3822987500527,457,20,2,0.1924422784513295,902.3822987500527,457,312,6,0.11132904523779065
TORREVIEJA,VIMIANZO,wet-wet,902.3822987500527,17,0,0,,902.3822987500527,17,0,0,
TORREVIEJA,ZAMORA,dry-dry,582.362225280907,970,0,0,,582.362225280907,970,735,6,0.11134732112702336
TORREVIEJA,ZAMORA,dry-wet,582.362225280907,169,0,0,,582.362225280907,169,70,1,0.13245323570650439
TORREVIEJA,ZAMORA,wet-wet,582.362225280907,13,0,0,,582.362225280907,13,0,0,
VALENCIA,VANDELLOS,dry-dry,195.02382803981865,984,131,7,0.5949768314433055,195.02382803981865,984,943,14,0.23397628136038603
VALENCIA,VANDELLOS,dry-wet,195.02382803981865,167,12,1,-0.25819888974716115,195.02382803981865,167,109,6,-0.20124895521685346
VALENCIA,VANDELLOS,wet-wet,195.02382803981865,60,41,1,0.16413922677171103,195.02382803981865,60,41,1,0.16413922677171103
VALENCIA,VIMIANZO,dry-dry,826.7374398316697,1030,195,14,-0.032883960470438935,826.7374398316697,1030,1006,15,-0.03332901907911422
VALENCIA,VIMIANZO,dry-wet,826.7374398316697,586,193,13,0.10435153553721067,826.7374398316697,586,525,14,-0.0015684440766792478
VALENCIA,VIMIANZO,wet-wet,826.7374398316697,52,31,2,-0.06166872606974861,826.7374398316697,52,36,2,-0.16016456900761014
VALENCIA,ZAMORA,dry-dry,507.1099386270944,1123,112,6,0.16519381112690648,507.1099386270944,1123,1082,14,0.09373201983434479
VALENCIA,ZAMORA,dry-wet,507.1099386270944,248,29,2,0.06583445491007031,507.1099386270944,248,184,7,-0.20803510907940098
VALENCIA,ZAMORA,wet-wet,507.1099386270944,45,21,1,0.19364916731037085,507.1099386270944,45,31,2,0.26287469090827154
VANDELLOS,VIMIANZO,dry-dry,851.479477362233,1203,228,16,0.002072976275339157,851.479477362233,1203,1172,15,0.007395216633339497
VANDELLOS,VIMIANZO,dry-wet,851.479477362233,639,207,14,-0.07913074936341631,851.479477362233,639,570,14,-0.05491099279810695
VANDELLOS,VIMIANZO,wet-wet,851.479477362233,78,49,2,-0.1601466450181338,851.479477362233,78,57,2,-0.16274609752710925
VANDELLOS,ZAMORA,dry-dry,555.7626101277917,1214,104,6,0.05729514993162826,555.7626101277917,1214,1128,15,0.03054436481664702
VANDELLOS,ZAMORA,dry-wet,555.7626101277917,285,36,2,0.1623069546225563,555.7626101277917,285,223,9,-0.038329561339076675
VANDELLOS,ZAMORA,wet-wet,555.7626101277917,42,23,1,0.3386481059780782,555.7626101277917,42,35,2,0.4039631309728805
VIMIANZO,ZAMORA,dry-dry,321.827705472062,1461,218,12,0.10494340723226159,321.827705472062,1461,1444,15,0.04555018756021537
VIMIANZO,ZAMORA,dry-wet,321.827705472062,697,193,14,-0.1434144279173434,321.827705472062,697,655,17,-0.17152505234760226
VIMIANZO,ZAMORA,wet-wet,321.827705472062,121,64,3,-0.08231174635153976,321.827705472062,121,98,4,0.01777260654733512
