station_j,station_k,state_class,dist_exact,n_class_days_exact,n_used_exact,n_cells_exact,phi_bar_exact,dist_binned,n_class_days_binned,n_used_binned,n_cells_binned,phi_bar_binned
ALACANT/ALICANTE,AMARANTE,dry-dry,722.4169965750731,547,118,7,0.19372472937571955,722.4169965750731,547,547,16,0.16842332879380656
ALACANT/ALICANTE,AMARANTE,dry-wet,722.4169965750731,499,104,8,0.09873338898163356,722.4169965750731,499,451,20,0.027215486094347652
ALACANT/ALICANTE,AMARANTE,wet-wet,722.4169965750731,121,75,4,0.010533610389307994,722.4169965750731,121,98,4,-0.07663801068074712
ALACANT/ALICANTE,ARANJUEZ,dry-dry,323.4013395002759,878,293,14,0.25217817871914566,323.4013395002759,878,832,15,0.16958053897074887
ALACANT/ALICANTE,ARANJUEZ,dry-wet,323.4013395002759,355,146,10,-0.17567743002110547,323.4013395002759,355,313,14,-0.13319668270199553
ALACANT/ALICANTE,ARANJUEZ,wet-wet,323.4013395002759,140,94,4,0.2533779537267214,323.4013395002759,140,119,4,0.2729296238268958
ALACANT/ALICANTE,BARCELOS,dry-dry,776.0798722095955,547,123,8,-0.08582798840478496,776.0798722095955,547,547,16,0.05669094459833107
ALACANT/ALICANTE,BARCELOS,dry-wet,776.0798722095955,505,80,6,-0.007039472621124543,776.0798722095955,505,454,20,-0.029246887177586518
ALACANT/ALICANTE,BARCELOS,wet-wet,776.0798722095955,107,69,4,0.029953502419071465,776.0798722095955,107,96,5,0.013027794256482955
ALACANT/ALICANTE,BEJA,dry-dry,645.2484958319031,1019,233,12,0.10530659783803172,645.2484958319031,1019,1019,16,0.07544031847478909
ALACANT/ALICANTE,BEJA,dry-wet,645.2484958319031,470,141,7,-0.12155663019830679,645.2484958319031,470,428,17,-0.09139385803212434
ALACANT/ALICANTE,BEJA,wet-wet,645.2484958319031,130,93,5,-0.12102178170309082,645.2484958319031,130,126,6,-0.09131862302016917
ALACANT/ALICANTE,BRAGANCA,dry-dry,654.0074821361715,861,210,11,0.11821098056069392,654.0074821361715,861,861,16,0.0794914093930178
ALACANT/ALICANTE,BRAGANCA,dry-wet,654.0074821361715,610,273,18,0.04146694411807124,654.0074821361715,610,575,20,-0.02424586473483218
ALACANT/ALICANTE,BRAGANCA,wet-wet,654.0074821361715,135,83,4,0.11786607051285108,654.0074821361715,135,125,6,0.09255726795737053
ALACANT/ALICANTE,CADIZ,dry-dry,549.7244310931843,1103,239,10,0.06275768976284665,549.7244310931843,1103,1103,16,0.15062198676366184
ALACANT/ALICANTE,CADIZ,dry-wet,549.7244310931843,370,134,9,-0.12002765312918463,549.7244310931843,370,317,14,-0.08608489340507128
ALACANT/ALICANTE,CADIZ,wet-wet,549.7244310931843,128,78,3,0.012322382669103597,549.7244310931843,128,97,3,0.09404164683038048
ALACANT/ALICANTE,CAMPDEVANOL,dry-dry,483.90656470772444,850,333,15,0.24822630629566897,483.90656470772444,850,840,14,0.22938204332680057
ALACANT/ALICANTE,CAMPDEVANOL,dry-wet,483.90656470772444,519,247,13,-0.1375212749159897,483.90656470772444,519,485,15,-0.13927356514497102
ALACANT/ALICANTE,CAMPDEVANOL,wet-wet,483.90656470772444,195,154,5,0.07440017847663657,483.90656470772444,195,168,4,0.10697741527017851
ALACANT/ALICANTE,CUENCA,dry-dry,235.359069323701,1063,415,15,0.25147986316519977,235.359069323701,1063,1045,15,0.24120268771563644
ALACANT/ALICANTE,CUENCA,dry-wet,235.359069323701,504,211,12,-0.28970048924225805,235.359069323701,504,451,15,-0.21565837429116252
ALACANT/ALICANTE,CUENCA,wet-wet,235.359069323701,232,176,6,0.25353343115689353,235.359069323701,232,218,6,0.20713975764798326
ALACANT/ALICANTE,DAROCA,dry-dry,314.74959747928835,893,304,14,0.41509705040074074,314.74959747928835,893,872,14,0.31570105094393536
ALACANT/ALICANTE,DAROCA,dry-wet,314.74959747928835,410,177,11,-0.29609879005351775,314.74959747928835,410,366,15,-0.18779832408067013
ALACANT/ALICANTE,DAROCA,wet-wet,314.74959747928835,173,116,3,0.2067414043913722,314.74959747928835,173,157,5,0.188390276599665
ALACANT/ALICANTE,EXTREMO,dry-dry,785.917196969032,490,75,4,0.051015559671943114,785.917196969032,490,490,16,0.09431380983178998
ALACANT/ALICANTE,EXTREMO,dry-wet,785.917196969032,541,118,8,0.09535073854991444,785.917196969032,541,490,21,0.0263622574545018
ALACANT/ALICANTE,EXTREMO,wet-wet,785.917196969032,104,41,2,0.060962868390096986,785.917196969032,104,88,5,-0.11504474693625433
ALACANT/ALICANTE,GETAFE,dry-dry,350.6111409533631,847,310,15,0.3407024481644227,350.6111409533631,847,831,15,0.2370254421277708
ALACANT/ALICANTE,GETAFE,dry-wet,350.6111409533631,391,146,8,-0.2575309694970639,350.6111409533631,391,351,15,-0.1830953091547362
ALACANT/ALICANTE,GETAFE,wet-wet,350.6111409533631,172,114,4,0.1567121780424398,350.6111409533631,172,165,6,0.162154085516041
ALACANT/ALICANTE,LORCA,dry-dry,131.50609021423713,1438,621,19,0.5090246765287437,131.50609021423713,1438,1438,16,0.4460113549538116
ALACANT/ALICANTE,LORCA,dry-wet,131.50609021423713,249,83,6,-0.4851825420395166,131.50609021423713,249,194,8,-0.522322041328811
ALACANT/ALICANTE,LORCA,wet-wet,131.50609021423713,211,173,4,0.45711831817465415,131.50609021423713,211,199,4,0.42909694424829065
ALACANT/ALICANTE,MONTSERRAT,dry-dry,409.6572976142475,1106,424,18,0.36708041436030936,409.6572976142475,1106,1106,16,0.29927381211545256
ALACANT/ALICANTE,MONTSERRAT,dry-wet,409.6572976142475,422,166,7,-0.2334894056006048,409.6572976142475,422,392,15,-0.21748348667399386
ALACANT/ALICANTE,MONTSERRAT,wet-wet,409.6572976142475,180,143,5,0.1899262449841885,409.6572976142475,180,164,4,0.15873204817558853
ALACANT/ALICANTE,OURENSE,dry-dry,762.920366146825,641,172,11,0.2033422762138569,762.920366146825,641,602,14,0.051252792349022136
ALACANT/ALICANTE,OURENSE,dry-wet,762.920366146825,631,286,17,0.062483155156056146,762.920366146825,631,582,19,-0.03350182270188
ALACANT/ALICANTE,OURENSE,wet-wet,762.920366146825,127,68,3,0.037141611820991176,762.920366146825,127,97,4,-0.01402228418752848
ALACANT/ALICANTE,OVIEDO,dry-dry,714.7849823242314,687,254,13,-0.011108291815386953,714.7849823242314,687,673,14,0.06119710170460668
ALACANT/ALICANTE,OVIEDO,dry-wet,714.7849823242314,700,325,18,-0.1598409070232884,714.7849823242314,700,651,17,-0.1654108871738651
ALACANT/ALICANTE,OVIEDO,wet-wet,714.7849823242314,194,123,5,-0.15565503692480956,714.7849823242314,194,178,6,-0.14927117697988693
ALACANT/ALICANTE,PAMPLONA,dry-dry,503.62547941199756,784,237,11,0.22631285917225402,503.62547941199756,784,758,15,0.15822381507645505
ALACANT/ALICANTE,PAMPLONA,dry-wet,503.62547941199756,545,227,13,-0.15176699542898334,503.62547941199756,545,521,17,-0.1602534007211889
ALACANT/ALICANTE,PAMPLONA,wet-wet,503.62547941199756,157,119,5,-0.09567868474967049,503.62547941199756,157,145,5,-0.033527760442872506
ALACANT/ALICANTE,PONFERRADA,dry-dry,695.3522209424913,715,141,7,0.07449548554936605,695.3522209424913,715,658,15,0.10024650689682411
ALACANT/ALICANTE,PONFERRADA,dry-wet,695.3522209424913,566,177,10,0.10065153061543199,695.3522209424913,566,533,19,0.04058149745184819
ALACANT/ALICANTE,PONFERRADA,wet-wet,695.3522209424913,113,63,3,-0.07564790546515734,695.3522209424913,113,98,5,0.006145764121436877
ALACANT/ALICANTE,PORTO,dry-dry,767.6557535721732,820,212,14,-0.05231549465334761,767.6557535721732,820,820,16,-0.03511225874912476
ALACANT/ALICANTE,PORTO,dry-wet,767.6557535721732,708,292,16,0.10059204441069117,767.6557535721732,708,658,20,0.0991172853691255
ALACANT/ALICANTE,PORTO,wet-wet,767.6557535721732,101,56,3,-0.07657544527472139,767.6557535721732,101,92,5,-0.17129231302741843
ALACANT/ALICANTE,SORIA,dry-dry,414.431919387457,692,253,12,0.15124421513008465,414.431919387457,692,655,15,0.1109082043651704
ALACANT/ALICANTE,SORIA,dry-wet,414.431919387457,510,230,15,-0.22000459986156018,414.431919387457,510,465,17,-0.17845060375770133
ALACANT/ALICANTE,SORIA,wet-wet,414.431919387457,172,133,6,0.2634150313162816,414.431919387457,172,157,5,0.20270971896034903
ALACANT/ALICANTE,TARIFA,dry-dry,522.5995432683703,968,214,9,0.04907982266304021,522.5995432683703,968,968,16,0.07297126313846662
ALACANT/ALICANTE,TARIFA,dry-wet,522.5995432683703,379,130,8,-0.26869746402402456,522.5995432683703,379,345,15,-0.29090699366273365
ALACANT/ALICANTE,TARIFA,wet-wet,522.5995432683703,147,105,5,0.08087170448539709,522.5995432683703,147,142,6,0.06991956568100204
ALACANT/ALICANTE,TORREVIEJA,dry-dry,47.87864066936528,1244,610,17,0.6043153290954109,47.87864066936528,1244,1197,11,0.6404032489361625
ALACANT/ALICANTE,TORREVIEJA,dry-wet,47.87864066936528,163,40,3,-0.42630777183138396,47.87864066936528,163,111,5,-0.5925717264276199
ALACANT/ALICANTE,TORREVIEJA,wet-wet,47.87864066936528,203,180,4,0.6068712509268668,47.87864066936528,203,184,3,0.6104397482346077
ALACANT/ALICANTE,VALENCIA,dry-dry,123.70509196102228,1077,458,16,0.4202208212130005,123.70509196102228,1077,1045,14,0.4632335090733648
ALACANT/ALICANTE,VALENCIA,dry-wet,123.70509196102228,214,64,4,-0.4568332174299665,123.70509196102228,214,160,8,-0.36591317548290253
ALACANT/ALICANTE,VALENCIA,wet-wet,123.70509196102228,233,194,4,0.5460717921515978,123.70509196102228,233,228,5,0.5710168914723723
ALACANT/ALICANTE,VANDELLOS,dry-dry,310.34175152064387,1085,339,14,0.4221134382684698,310.34175152064387,1085,1052,15,0.34973795731715407
ALACANT/ALICANTE,VANDELLOS,dry-wet,310.34175152064387,296,89,6,-0.21048183206053392,310.34175152064387,296,249,12,-0.20413344598370234
ALACANT/ALICANTE,VANDELLOS,wet-wet,310.34175152064387,142,117,4,0.2410518888530611,310.34175152064387,142,134,4,0.21658923847177464
ALACANT/ALICANTE,VIMIANZO,dry-dry,888.6088475841793,799,262,16,0.01644986043886995,888.6088475841793,799,799,16,0.019195134201204646
ALACANT/ALICANTE,VIMIANZO,dry-wet,888.6088475841793,1057,427,24,-0.006515675247551497,888.6088475841793,1057,1022,22,0.03022297163164618
ALACANT/ALICANTE,VIMIANZO,wet-wet,888.6088475841793,180,104,5,-0.19340748490559248,888.6088475841793,180,170,7,-0.24146537022402087
ALACANT/ALICANTE,ZAMORA,dry-dry,567.0689947636466,1002,330,17,0.19931094539359331,567.0689947636466,1002,1002,16,0.12199536737036769
ALACANT/ALICANTE,ZAMORA,dry-wet,567.0689947636466,540,240,13,-0.14057913069986475,567.0689947636466,540,489,16,-0.11184830519030615
ALACANT/ALICANTE,ZAMORA,wet-wet,567.0689947636466,154,105,4,-0.1308806066222349,567.0689947636466,154,139,5,-0.10550228936661217
AMARANTE,ARANJUEZ,dry-dry,404.2806175279353,471,91,5,0.1619901762353944,404.2806175279353,471,456,14,0.2184205469298876
AMARANTE,ARANJUEZ,dry-wet,404.2806175279353,361,89,7,-0.31013229616822807,404.2806175279353,361,332,19,-0.17842016477336403
AMARANTE,ARANJUEZ,wet-wet,404.2806175279353,173,87,5,0.03563463674324172,404.2806175279353,173,158,8,0.05608221643784386
AMARANTE,BARCELOS,dry-dry,54.20497580593242,978,603,17,0.7242207413419504,54.20497580593242,978,946,12,0.701816743154746
AMARANTE,BARCELOS,dry-wet,54.20497580593242,232,88,6,-0.7377733237063051,54.20497580593242,232,181,10,-0.672145868533134
AMARANTE,BARCELOS,wet-wet,54.20497580593242,641,446,10,0.6282310781711705,54.20497580593242,641,604,9,0.6133131180999296
AMARANTE,BEJA,dry-dry,361.1845703344827,888,293,15,0.0323314446418388,361.1845703344827,888,870,15,0.11947476783784607
AMARANTE,BEJA,dry-wet,361.1845703344827,596,239,12,-0.10568720140385203,361.1845703344827,596,554,19,-0.1566992852287273
AMARANTE,BEJA,wet-wet,361.1845703344827,327,178,9,0.1223644855202351,361.1845703344827,327,304,10,0.16193219015766797
AMARANTE,BRAGANCA,dry-dry,125.37851272267845,880,411,16,0.23596851181952613,125.37851272267845,880,874,15,0.27177529055189337
AMARANTE,BRAGANCA,dry-wet,125.37851272267845,509,280,10,-0.16278604525768223,125.37851272267845,509,450,13,-0.15425581110377531
AMARANTE,BRAGANCA,wet-wet,125.37851272267845,435,259,8,0.11538083317786801,125.37851272267845,435,367,8,0.14365182134123228
AMARANTE,CADIZ,dry-dry,553.1291105674836,617,164,9,0.13679607387636855,553.1291105674836,617,591,12,0.24037967461007556
AMARANTE,CADIZ,dry-wet,553.1291105674836,394,111,7,-0.18535022782007032,553.1291105674836,394,330,14,-0.17113030643472735
AMARANTE,CADIZ,wet-wet,553.1291105674836,184,90,5,0.143950491392142,553.1291105674836,184,166,7,0.23607226494385739
AMARANTE,CAMPDEVANOL,dry-dry,855.3351234711791,548,217,11,0.05028840330565847,855.3351234711791,548,539,15,0.15822304978064242
AMARANTE,CAMPDEVANOL,dry-wet,855.3351234711791,548,229,14,0.02169691956407122,855.3351234711791,548,500,21,-0.07128097631611865
AMARANTE,CAMPDEVANOL,wet-wet,855.3351234711791,264,158,7,-0.002527573110894318,855.3351234711791,264,236,8,0.09111290818745751
AMARANTE,CUENCA,dry-dry,518.2801219233589,719,249,12,0.24891461455319208,518.2801219233589,719,668,14,0.23815497234392044
AMARANTE,CUENCA,dry-wet,518.2801219233589,505,191,10,-0.12133547882345397,518.2801219233589,505,479,21,-0.20179811752189136
AMARANTE,CUENCA,wet-wet,518.2801219233589,312,178,7,0.0852455719941929,518.2801219233589,312,311,11,0.1070249329023058
AMARANTE,DAROCA,dry-dry,557.4078630193003,533,204,10,0.299219014864159,557.4078630193003,533,521,15,0.20687478660438996
AMARANTE,DAROCA,dry-wet,557.4078630193003,456,186,11,-0.0539377502016839,557.4078630193003,456,412,19,-0.14308137449691266
AMARANTE,DAROCA,wet-wet,557.4078630193003,210,104,4,0.1749605852372536,557.4078630193003,210,173,6,0.13060438610638722
AMARANTE,EXTREMO,dry-dry,83.62039509843535,854,498,19,0.5961878047228427,83.62039509843535,854,847,15,0.5959948465966337
AMARANTE,EXTREMO,dry-wet,83.62039509843535,292,125,8,-0.4887149792482402,83.62039509843535,292,233,12,-0.490022210777273
AMARANTE,EXTREMO,wet-wet,83.62039509843535,613,403,12,0.47078940586736445,83.62039509843535,613,596,12,0.5071745370720202
AMARANTE,GETAFE,dry-dry,381.6142805359026,576,201,11,0.2971245352691398,381.6142805359026,576,542,14,0.15018089502944038
AMARANTE,GETAFE,dry-wet,381.6142805359026,372,129,9,-0.3156360989395525,381.6142805359026,372,325,16,-0.283317163902358
AMARANTE,GETAFE,wet-wet,381.6142805359026,232,103,5,0.15201768030629567,381.6142805359026,232,217,9,0.1374508708796898
AMARANTE,LORCA,dry-dry,679.3174001407024,689,94,7,0.10552888314674136,679.3174001407024,689,648,14,0.0948454703581563
AMARANTE,LORCA,dry-wet,679.3174001407024,645,175,11,0.025930335119888518,679.3174001407024,645,627,21,0.04448968855329357
AMARANTE,LORCA,wet-wet,679.3174001407024,92,36,2,-0.10022336096773157,679.3174001407024,92,86,5,-0.1767921562528493
AMARANTE,MONTSERRAT,dry-dry,826.4334290093525,640,186,9,0.16842998246197594,826.4334290093525,640,640,16,0.1561615857653461
AMARANTE,MONTSERRAT,dry-wet,826.4334290093525,517,160,10,-0.08172204674262104,826.4334290093525,517,458,20,-0.08909167702518374
AMARANTE,MONTSERRAT,wet-wet,826.4334290093525,178,107,5,0.16290802099322166,826.4334290093525,178,158,6,0.10315688569501885
AMARANTE,OURENSE,dry-dry,118.63261093482076,510,242,8,0.3569078968511075,118.63261093482076,510,472,10,0.3503223097177708
AMARANTE,OURENSE,dry-wet,118.63261093482076,347,200,8,-0.2789025043674128,118.63261093482076,347,286,9,-0.30895163915197293
AMARANTE,OURENSE,wet-wet,118.63261093482076,363,188,6,0.16304966592866935,118.63261093482076,363,336,10,0.04979132693939055
AMARANTE,OVIEDO,dry-dry,293.66277862388165,517,182,9,0.22485597172875388,293.66277862388165,517,502,13,0.1734490341816375
AMARANTE,OVIEDO,dry-wet,293.66277862388165,496,239,11,-0.16197303091580437,293.66277862388165,496,449,18,-0.20789029526571157
AMARANTE,OVIEDO,wet-wet,293.66277862388165,396,192,8,0.09026535462221129,293.66277862388165,396,373,12,0.12687104539818347
AMARANTE,PAMPLONA,dry-dry,558.1471877232595,314,134,8,0.21257326532658016,558.1471877232595,314,295,12,0.2530245330154908
AMARANTE,PAMPLONA,dry-wet,558.1471877232595,287,106,8,-0.2369822869992113,558.1471877232595,287,231,14,-0.22690595982423215
AMARANTE,PAMPLONA,wet-wet,558.1471877232595,251,136,7,0.20777475473126739,558.1471877232595,251,222,8,0.1774253428168284
AMARANTE,PONFERRADA,dry-dry,188.3911114730106,474,198,7,0.060194410627616025,188.3911114730106,474,404,9,0.11629004541486118
AMARANTE,PONFERRADA,dry-wet,188.3911114730106,316,179,7,-0.314838245478052,188.3911114730106,316,254,8,-0.32084243076653557
AMARANTE,PONFERRADA,wet-wet,188.3911114730106,285,143,6,0.0778644116264622,188.3911114730106,285,238,8,0.13661646412550674
AMARANTE,PORTO,dry-dry,51.081047811761934,871,430,11,0.07058257749207605,51.081047811761934,871,786,8,0.11123748327145232
AMARANTE,PORTO,dry-wet,51.081047811761934,549,379,12,-0.05108468867587359,51.081047811761934,549,494,12,-0.04925670856111148
AMARANTE,PORTO,wet-wet,51.081047811761934,453,253,7,0.16256004202753482,51.081047811761934,453,387,8,0.10482232208040175
AMARANTE,SORIA,dry-dry,468.41208759642063,521,205,9,0.44450873204677493,468.41208759642063,521,517,15,0.4021105277246107
AMARANTE,SORIA,dry-wet,468.41208759642063,337,137,7,-0.27174244605380815,468.41208759642063,337,287,13,-0.2342269427827767
AMARANTE,SORIA,wet-wet,468.41208759642063,288,170,7,0.22154011124171796,468.41208759642063,288,248,7,0.29038164563025837
AMARANTE,TARIFA,dry-dry,622.5347570287753,518,102,6,0.09747631801537773,622.5347570287753,518,481,12,0.1688519664769409
AMARANTE,TARIFA,dry-wet,622.5347570287753,391,73,5,-0.32906312417966255,622.5347570287753,391,307,16,-0.18867905442510927
AMARANTE,TARIFA,wet-wet,622.5347570287753,180,72,4,0.0645770971365441,622.5347570287753,180,159,8,0.06853290565666585
AMARANTE,TORREVIEJA,dry-dry,728.5825709497442,924,136,8,0.11647794801680102,728.5825709497442,924,907,15,0.028647925751673617
AMARANTE,TORREVIEJA,dry-wet,728.5825709497442,739,193,13,-0.006126495637245988,728.5825709497442,739,693,18,-0.028804860147909745
AMARANTE,TORREVIEJA,wet-wet,728.5825709497442,100,54,3,0.02329552566813132,728.5825709497442,100,83,4,0.022093258519748946
AMARANTE,VALENCIA,dry-dry,681.9591613928288,527,110,7,0.18886076020665063,681.9591613928288,527,494,15,0.147627087653775
AMARANTE,VALENCIA,dry-wet,681.9591613928288,438,79,6,0.05844739528029866,681.9591613928288,438,351,18,-0.037378671161094175
AMARANTE,VALENCIA,wet-wet,681.9591613928288,121,61,3,0.04046374269097116,681.9591613928288,121,107,5,0.036311590699146606
AMARANTE,VANDELLOS,dry-dry,749.532595129377,690,169,9,0.07469638111897574,749.532595129377,690,676,15,0.09078240681728152
AMARANTE,VANDELLOS,dry-wet,749.532595129377,513,156,11,-0.17594347650787953,749.532595129377,513,464,19,-0.20207466238548702
AMARANTE,VANDELLOS,wet-wet,749.532595129377,157,108,6,0.23599492116940762,749.532595129377,157,146,6,0.15574872762984476
AMARANTE,VIMIANZO,dry-dry,214.43889743376576,625,207,9,0.15631328196828503,214.43889743376576,625,534,11,0.1185484995407718
AMARANTE,VIMIANZO,dry-wet,214.43889743376576,511,253,13,-0.1892514302095005,214.43889743376576,511,470,17,-0.2338376516891363
AMARANTE,VIMIANZO,wet-wet,214.43889743376576,553,284,12,0.2521816092449255,214.43889743376576,553,537,12,0.2301068282487352
AMARANTE,ZAMORA,dry-dry,196.65607083453096,580,206,9,0.29384735586284544,196.65607083453096,580,536,12,0.3249204529618327
AMARANTE,ZAMORA,dry-wet,196.65607083453096,381,199,9,-0.18130897372028446,196.65607083453096,381,342,14,-0.2182623287407729
AMARANTE,ZAMORA,wet-wet,196.65607083453096,282,120,5,0.15421346771064298,196.65607083453096,282,211,7,0.2282875257757794
ARANJUEZ,BARCELOS,dry-dry,456.94386740700327,459,87,5,0.13833157952484085,456.94386740700327,459,433,14,0.18912803669107245
ARANJUEZ,BARCELOS,dry-wet,456.94386740700327,379,53,4,-0.2832087164749927,456.94386740700327,379,322,17,-0.2506781279809232
ARANJUEZ,BARCELOS,wet-wet,456.94386740700327,166,74,4,0.11950285051445261,456.94386740700327,166,147,8,0.0596856176005076
ARANJUEZ,BEJA,dry-dry,436.6998355189474,880,290,12,0.36705016920646577,436.6998355189474,880,880,16,0.35318744017689563
ARANJUEZ,BEJA,dry-wet,436.6998355189474,315,104,6,-0.19685829854987924,436.6998355189474,315,270,15,-0.21743191656565056
ARANJUEZ,BEJA,wet-wet,436.6998355189474,202,132,5,0.38188245890635486,436.6998355189474,202,190,7,0.31078979176942156
ARANJUEZ,BRAGANCA,dry-dry,330.7157646460867,772,291,16,0.2995975624655463,330.7157646460867,772,725,14,0.3346866038844536
ARANJUEZ,BRAGANCA,dry-wet,330.7157646460867,389,155,10,-0.24798947192163454,330.7157646460867,389,336,15,-0.2622893567767691
ARANJUEZ,BRAGANCA,wet-wet,330.7157646460867,231,140,6,0.22534721635447463,330.7157646460867,231,206,7,0.16210530167848722
ARANJUEZ,CADIZ,dry-dry,461.88355657159053,992,383,17,0.49451225282610783,461.88355657159053,992,973,14,0.4989395117478855
ARANJUEZ,CADIZ,dry-wet,461.88355657159053,265,74,5,-0.43231083284513416,461.88355657159053,265,196,11,-0.4200815540213785
ARANJUEZ,CADIZ,wet-wet,461.88355657159053,230,167,6,0.32722147332686813,461.88355657159053,230,191,5,0.31261778773365967
ARANJUEZ,CAMPDEVANOL,dry-dry,534.9047749260752,751,351,15,0.3236009018883995,534.9047749260752,751,747,15,0.2893446143869718
ARANJUEZ,CAMPDEVANOL,dry-wet,534.9047749260752,465,247,14,-0.23482068089503216,534.9047749260752,465,410,15,-0.12613402381813119
ARANJUEZ,CAMPDEVANOL,wet-wet,534.9047749260752,263,180,6,0.3120416415222739,534.9047749260752,263,245,7,0.3105150636147031
ARANJUEZ,CUENCA,dry-dry,120.3397979196313,965,555,18,0.5970592146800306,120.3397979196313,965,954,14,0.5841611481132877
ARANJUEZ,CUENCA,dry-wet,120.3397979196313,289,133,8,-0.4925205061195284,120.3397979196313,289,255,12,-0.5425361136053731
ARANJUEZ,CUENCA,wet-wet,120.3397979196313,389,323,8,0.4971038842747735,120.3397979196313,389,383,8,0.48044495197232584
ARANJUEZ,DAROCA,dry-dry,214.66382762625304,827,402,16,0.33514786894331167,214.66382762625304,827,801,12,0.3938339637321888
ARANJUEZ,DAROCA,dry-wet,214.66382762625304,317,128,8,-0.573465118188009,214.66382762625304,317,283,14,-0.3801255346023055
ARANJUEZ,DAROCA,wet-wet,214.66382762625304,244,173,5,0.3254618310182486,214.66382762625304,244,221,6,0.29073347658414667
ARANJUEZ,EXTREMO,dry-dry,463.58147248375593,415,77,6,0.2710503819242029,463.58147248375593,415,405,15,0.09833382893956172
ARANJUEZ,EXTREMO,dry-wet,463.58147248375593,400,59,5,-0.29785527227879854,463.58147248375593,400,360,19,-0.14935547098385718
ARANJUEZ,EXTREMO,wet-wet,463.58147248375593,146,49,3,-0.07007740415915346,463.58147248375593,146,121,7,-0.05510184781102727
ARANJUEZ,GETAFE,dry-dry,29.842957016008317,885,575,16,0.7657852984717467,29.842957016008317,885,863,12,0.747545149321356
ARANJUEZ,GETAFE,dry-wet,29.842957016008317,172,32,2,-0.6243298917658797,29.842957016008317,172,110,7,-0.4841537478751294
ARANJUEZ,GETAFE,wet-wet,29.842957016008317,319,265,7,0.6602536875170362,29.842957016008317,319,299,6,0.6368012250095386
ARANJUEZ,LORCA,dry-dry,312.81875602167975,1126,250,14,0.053906302072398014,312.81875602167975,1126,1126,16,0.10699724687833433
ARANJUEZ,LORCA,dry-wet,312.81875602167975,468,182,13,-0.24138519804960332,312.81875602167975,468,429,16,-0.23069100783256521
ARANJUEZ,LORCA,wet-wet,312.81875602167975,131,80,3,0.08648526266180316,312.81875602167975,131,110,4,0.10591587663860569
ARANJUEZ,MONTSERRAT,dry-dry,483.74183977122476,979,399,17,0.31640398744293297,483.74183977122476,979,979,16,0.3089084602441813
ARANJUEZ,MONTSERRAT,dry-wet,483.74183977122476,398,186,11,-0.24154858073357272,483.74183977122476,398,351,15,-0.2376958719242012
ARANJUEZ,MONTSERRAT,wet-wet,483.74183977122476,234,159,4,0.23037123377748853,483.74183977122476,234,215,6,0.23902564942340324
ARANJUEZ,OURENSE,dry-dry,439.5898363142306,676,213,10,0.2858341250157617,439.5898363142306,676,660,14,0.2404792667895101
ARANJUEZ,OURENSE,dry-wet,439.5898363142306,448,179,10,-0.3318033004336485,439.5898363142306,448,391,16,-0.30211991944269423
ARANJUEZ,OURENSE,wet-wet,439.5898363142306,261,154,6,0.08958640077212247,439.5898363142306,261,229,7,0.09459189297898489
ARANJUEZ,OVIEDO,dry-dry,413.3214453984977,538,231,12,0.2340595119218813,413.3214453984977,538,502,12,0.24661853793452043
ARANJUEZ,OVIEDO,dry-wet,413.3214453984977,583,307,17,-0.2247908811142921,413.3214453984977,583,537,17,-0.16894848529956324
ARANJUEZ,OVIEDO,wet-wet,413.3214453984977,280,188,7,0.12024676068581981,413.3214453984977,280,260,8,0.08983734540502063
ARANJUEZ,PAMPLONA,dry-dry,344.72106708465105,703,294,16,0.39223404610056956,344.72106708465105,703,685,13,0.39078047132481897
ARANJUEZ,PAMPLONA,dry-wet,344.72106708465105,436,219,14,-0.24457454216560373,344.72106708465105,436,387,14,-0.22246951069160126
ARANJUEZ,PAMPLONA,wet-wet,344.72106708465105,246,171,5,0.14291263178479288,344.72106708465105,246,230,7,0.1481861280121277
ARANJUEZ,PONFERRADA,dry-dry,376.975941051903,664,210,10,0.27860881956522426,376.975941051903,664,638,13,0.26617205159890406
ARANJUEZ,PONFERRADA,dry-wet,376.975941051903,376,157,9,-0.19564668301478966,376.975941051903,376,332,15,-0.25754409528708777
ARANJUEZ,PONFERRADA,wet-wet,376.975941051903,239,164,7,0.1326753863075634,376.975941051903,239,227,8,0.15432489392699436
ARANJUEZ,PORTO,dry-dry,451.91969297701263,713,159,7,0.04373311201387135,451.91969297701263,713,679,15,0.2083453872800888
ARANJUEZ,PORTO,dry-wet,451.91969297701263,459,182,11,-0.12716123171859875,451.91969297701263,459,396,17,-0.14351649436577676
ARANJUEZ,PORTO,wet-wet,451.91969297701263,219,120,5,0.06506486145051928,451.91969297701263,219,184,6,0.1324372183112411
ARANJUEZ,SORIA,dry-dry,209.8666537534825,690,306,12,0.4898388763516836,209.8666537534825,690,676,13,0.49626457851436573
ARANJUEZ,SORIA,dry-wet,209.8666537534825,308,136,9,-0.48940416467953796,209.8666537534825,308,272,13,-0.4653565127622328
ARANJUEZ,SORIA,wet-wet,209.8666537534825,305,225,7,0.4400217459515279,209.8666537534825,305,288,7,0.3849643172937622
ARANJUEZ,TARIFA,dry-dry,485.1795408589508,824,333,14,0.5449425266849733,485.1795408589508,824,804,14,0.4159626654957562
ARANJUEZ,TARIFA,dry-wet,485.1795408589508,256,69,5,-0.3812071704806051,485.1795408589508,256,215,13,-0.20260127979461043
ARANJUEZ,TARIFA,wet-wet,485.1795408589508,210,147,5,0.39403237238370786,485.1795408589508,210,181,5,0.3281538142073398
ARANJUEZ,TORREVIEJA,dry-dry,337.60440912071414,902,147,7,0.17016964486028488,337.60440912071414,902,856,13,0.2201773936511943
ARANJUEZ,TORREVIEJA,dry-wet,337.60440912071414,337,112,8,-0.2644983272309611,337.60440912071414,337,292,14,-0.14541058151603634
ARANJUEZ,TORREVIEJA,wet-wet,337.60440912071414,112,59,2,0.17139794354793467,337.60440912071414,112,97,4,0.20034560870093254
ARANJUEZ,VALENCIA,dry-dry,279.4178733912003,833,301,12,0.31050967198804635,279.4178733912003,833,833,16,0.3350689620133372
ARANJUEZ,VALENCIA,dry-wet,279.4178733912003,330,123,8,-0.24781609193904608,279.4178733912003,330,297,15,-0.19406118579023035
ARANJUEZ,VALENCIA,wet-wet,279.4178733912003,185,124,4,0.33646669050336364,279.4178733912003,185,160,4,0.32774164875912076
ARANJUEZ,VANDELLOS,dry-dry,386.29498057401196,896,305,13,0.39883680440719765,386.29498057401196,896,867,14,0.33508727899433005
ARANJUEZ,VANDELLOS,dry-wet,386.29498057401196,317,137,9,-0.13915000930507115,386.29498057401196,317,268,13,-0.2625662682111475
ARANJUEZ,VANDELLOS,wet-wet,386.29498057401196,157,114,4,0.2762813482288399,386.29498057401196,157,141,4,0.25986948652741326
ARANJUEZ,VIMIANZO,dry-dry,565.5182139725509,803,222,12,0.04761425552103629,565.5182139725509,803,795,15,0.133349853198973
ARANJUEZ,VIMIANZO,dry-wet,565.5182139725509,816,323,20,-0.16282641889622185,565.5182139725509,816,797,24,-0.13577634079675704
ARANJUEZ,VIMIANZO,wet-wet,565.5182139725509,344,196,9,0.024117988349892018,565.5182139725509,344,312,8,0.047988915764085656
ARANJUEZ,ZAMORA,dry-dry,244.76945615902187,953,457,17,0.587028892651624,244.76945615902187,953,946,15,0.4795344800891219
ARANJUEZ,ZAMORA,dry-wet,244.76945615902187,323,170,11,-0.3726460380731011,244.76945615902187,323,250,10,-0.3799443737912525
ARANJUEZ,ZAMORA,wet-wet,244.76945615902187,291,218,6,0.39734415944562923,244.76945615902187,291,273,7,0.3583365797078282
BARCELOS,BEJA,dry-dry,394.9462144858965,875,268,13,0.1301149207669415,394.9462144858965,875,875,16,0.11216971838131354
BARCELOS,BEJA,dry-wet,394.9462144858965,603,213,12,-0.1357501847275894,394.9462144858965,603,581,22,-0.16940298527224773
BARCELOS,BEJA,wet-wet,394.9462144858965,312,187,10,0.1027899259879994,394.9462144858965,312,286,10,0.11789189188861075
BARCELOS,BRAGANCA,dry-dry,158.84068706909179,861,382,15,0.2536338423668822,158.84068706909179,861,854,15,0.20363515600411358
BARCELOS,BRAGANCA,dry-wet,158.84068706909179,530,287,13,-0.13057675713451797,158.84068706909179,530,488,17,-0.16361219215428097
BARCELOS,BRAGANCA,wet-wet,158.84068706909179,413,229,8,0.0763580503801014,158.84068706909179,413,373,10,0.06923081643521223
BARCELOS,CADIZ,dry-dry,595.3643399439889,605,148,8,0.17621861080590254,595.3643399439889,605,570,11,0.1650273402529849
BARCELOS,CADIZ,dry-wet,595.3643399439889,404,106,8,-0.22659861143543006,595.3643399439889,404,358,17,-0.1883364358391918
BARCELOS,CADIZ,wet-wet,595.3643399439889,168,87,5,0.20285133852683468,595.3643399439889,168,147,7,0.2280246702129684
BARCELOS,CAMPDEVANOL,dry-dry,895.7864620392419,527,212,12,0.16279597793413011,895.7864620392419,527,527,16,0.12469148578475905
BARCELOS,CAMPDEVANOL,dry-wet,895.7864620392419,569,196,12,-0.03823820728399102,895.7864620392419,569,527,22,-0.1195634250972276
BARCELOS,CAMPDEVANOL,wet-wet,895.7864620392419,246,140,6,0.027271824546654756,895.7864620392419,246,213,7,0.013084679581081822
BARCELOS,CUENCA,dry-dry,569.6889276503039,719,252,13,0.19266926885034913,569.6889276503039,719,719,16,0.20740284678821785
BARCELOS,CUENCA,dry-wet,569.6889276503039,539,200,12,-0.13891816724385112,569.6889276503039,539,509,21,-0.1713833826448556
BARCELOS,CUENCA,wet-wet,569.6889276503039,282,176,8,0.12307437998146352,569.6889276503039,282,262,9,0.08412032304906317
BARCELOS,DAROCA,dry-dry,603.6694309161289,529,164,8,0.2386454293117305,603.6694309161289,529,529,16,0.1920527702723016
BARCELOS,DAROCA,dry-wet,603.6694309161289,466,187,11,-0.027415926041276552,603.6694309161289,466,417,18,-0.10637266586950896
BARCELOS,DAROCA,wet-wet,603.6694309161289,201,125,6,-0.006808585442832694,603.6694309161289,201,178,7,0.09365377897044629
BARCELOS,EXTREMO,dry-dry,49.40102682945533,918,522,18,0.6961210652292202,49.40102682945533,918,903,14,0.671154242194206
BARCELOS,EXTREMO,dry-wet,49.40102682945533,260,116,9,-0.5849415727135836,49.40102682945533,260,189,9,-0.5592252630983257
BARCELOS,EXTREMO,wet-wet,49.40102682945533,627,393,9,0.5709637561304368,49.40102682945533,627,598,11,0.5207342678468866
BARCELOS,GETAFE,dry-dry,433.6385065645445,544,165,9,0.2598110244020652,433.6385065645445,544,544,16,0.10900775065627058
BARCELOS,GETAFE,dry-wet,433.6385065645445,403,111,8,-0.23803323764319997,433.6385065645445,403,346,16,-0.27365760065003214
BARCELOS,GETAFE,wet-wet,433.6385065645445,212,99,5,-0.0803407030533164,433.6385065645445,212,193,9,-0.017670947091286967
BARCELOS,LORCA,dry-dry,733.4979004425483,695,95,6,-0.0023007277990081724,733.4979004425483,695,695,16,0.10167446286130617
BARCELOS,LORCA,dry-wet,733.4979004425483,633,99,7,-0.062339292354506005,733.4979004425483,633,514,17,-0.031667431056655836
BARCELOS,LORCA,wet-wet,733.4979004425483,90,51,3,0.027921176160893468,733.4979004425483,90,77,4,-0.08866366370732268
BARCELOS,MONTSERRAT,dry-dry,869.679214214432,607,134,6,0.09870280984501492,869.679214214432,607,607,16,0.051270867776833685
BARCELOS,MONTSERRAT,dry-wet,869.679214214432,540,147,9,-0.055142268813716214,869.679214214432,540,487,21,-0.10657187385307117
BARCELOS,MONTSERRAT,wet-wet,869.679214214432,160,100,5,0.08049463333672875,869.679214214432,160,134,5,0.037974695188998854
BARCELOS,OURENSE,dry-dry,108.51603210141234,496,218,8,0.3130810320808509,108.51603210141234,496,467,11,0.2928072368958958
BARCELOS,OURENSE,dry-wet,108.51603210141234,349,190,8,-0.2659083949053433,108.51603210141234,349,281,9,-0.22508629892233922
BARCELOS,OURENSE,wet-wet,108.51603210141234,352,179,6,0.3085650678323747,108.51603210141234,352,299,8,0.2433300128741541
BARCELOS,OVIEDO,dry-dry,303.03775372150017,525,193,9,0.21868420501966473,303.03775372150017,525,494,12,0.18154699771434532
BARCELOS,OVIEDO,dry-wet,303.03775372150017,487,240,13,-0.2174005106344475,303.03775372150017,487,452,18,-0.20354119143619373
BARCELOS,OVIEDO,wet-wet,303.03775372150017,386,200,10,0.16470228401566547,303.03775372150017,386,355,11,0.20334995981307052
BARCELOS,PAMPLONA,dry-dry,592.6994498625564,330,117,7,0.233753069551919,592.6994498625564,330,300,11,0.3488158494937624
BARCELOS,PAMPLONA,dry-wet,592.6994498625564,288,107,8,-0.2474596639011758,592.6994498625564,288,242,14,-0.32657319460866935
BARCELOS,PAMPLONA,wet-wet,592.6994498625564,237,119,6,0.03011674673958145,592.6994498625564,237,210,8,-0.027063219655945842
BARCELOS,PONFERRADA,dry-dry,202.54991121436774,485,200,8,0.3296021200785729,202.54991121436774,485,415,8,0.29256788880810514
BARCELOS,PONFERRADA,dry-wet,202.54991121436774,306,164,6,-0.3122249032621943,202.54991121436774,306,245,8,-0.2672173043310367
BARCELOS,PONFERRADA,wet-wet,202.54991121436774,281,148,6,0.2691602219933986,202.54991121436774,281,249,9,0.3044075501077311
BARCELOS,PORTO,dry-dry,33.53848022189384,887,365,10,0.20626268872834133,33.53848022189384,887,846,8,0.14696393842697078
BARCELOS,PORTO,dry-wet,33.53848022189384,523,365,11,-0.11781996579956973,33.53848022189384,523,474,11,-0.09638188962231785
BARCELOS,PORTO,wet-wet,33.53848022189384,458,274,7,0.07261714434486807,33.53848022189384,458,397,8,0.12223067243716669
BARCELOS,SORIA,dry-dry,510.47595095847004,501,183,9,0.47171183222998087,510.47595095847004,501,491,14,0.39920746701034343
BARCELOS,SORIA,dry-wet,510.47595095847004,364,133,8,-0.09979850190500823,510.47595095847004,364,333,16,-0.11276546057072619
BARCELOS,SORIA,wet-wet,510.47595095847004,266,159,7,0.20965242227810896,510.47595095847004,266,232,8,0.22887993453433023
BARCELOS,TARIFA,dry-dry,666.8113288261869,502,97,6,0.315169651901286,666.8113288261869,502,477,13,0.221644958986917
BARCELOS,TARIFA,dry-wet,666.8113288261869,402,70,5,-0.29855703797527866,666.8113288261869,402,319,17,-0.0962107987443598
BARCELOS,TARIFA,wet-wet,666.8113288261869,164,68,4,0.08937329185642705,666.8113288261869,164,117,5,-0.0003771927957928496
BARCELOS,TORREVIEJA,dry-dry,782.6215615097669,935,144,10,0.012901911442434907,782.6215615097669,935,911,15,0.06783143469732356
BARCELOS,TORREVIEJA,dry-wet,782.6215615097669,736,152,10,-0.046129004080911674,782.6215615097669,736,691,19,-0.034674618053668005
BARCELOS,TORREVIEJA,wet-wet,782.6215615097669,92,42,2,-0.036528254616608254,782.6215615097669,92,77,4,0.05961457699583681
BARCELOS,VALENCIA,dry-dry,733.7072218600883,505,89,5,0.14646527413348945,733.7072218600883,505,478,15,0.08628169075367319
BARCELOS,VALENCIA,dry-wet,733.7072218600883,454,84,6,-0.09502147800284308,733.7072218600883,454,411,20,-0.03405059178052887
BARCELOS,VALENCIA,wet-wet,733.7072218600883,108,60,3,0.043063415198306434,733.7072218600883,108,95,5,-0.01624780130088184
BARCELOS,VANDELLOS,dry-dry,795.6777500992627,674,156,9,0.10042157708569673,795.6777500992627,674,674,16,0.07777718525678817
BARCELOS,VANDELLOS,dry-wet,795.6777500992627,522,164,11,-0.25138551833605843,795.6777500992627,522,504,21,-0.19035994132886663
BARCELOS,VANDELLOS,wet-wet,795.6777500992627,142,88,5,0.14537457673223686,795.6777500992627,142,128,6,0.043085979745510414
BARCELOS,VIMIANZO,dry-dry,173.4419829726839,625,261,11,0.25888599482866015,173.4419829726839,625,587,12,0.21413174740132018
BARCELOS,VIMIANZO,dry-wet,173.4419829726839,488,259,14,-0.20943732226824746,173.4419829726839,488,451,17,-0.24521033480664617
BARCELOS,VIMIANZO,wet-wet,173.4419829726839,557,294,11,0.22696049936343057,173.4419829726839,557,543,12,0.22344114432569387
BARCELOS,ZAMORA,dry-dry,240.12680160839145,585,200,9,0.35766191615555015,240.12680160839145,585,577,15,0.24661519808142987
BARCELOS,ZAMORA,dry-wet,240.12680160839145,388,151,7,-0.2506776985471774,240.12680160839145,388,336,14,-0.25821694698296505
BARCELOS,ZAMORA,wet-wet,240.12680160839145,269,147,7,0.05401953355680787,240.12680160839145,269,233,8,0.12230685422269943
BEJA,BRAGANCA,dry-dry,430.8607385181245,1438,563,24,0.4203809315006864,430.8607385181245,1438,1438,16,0.35777153136827305
BEJA,BRAGANCA,dry-wet,430.8607385181245,563,253,14,-0.340044222657097,430.8607385181245,563,526,19,-0.36116480233000836
BEJA,BRAGANCA,wet-wet,430.8607385181245,442,313,10,0.384681233064355,430.8607385181245,442,428,10,0.32898187415209856
BEJA,CADIZ,dry-dry,221.52310477604246,1132,475,15,0.44803762993630214,221.52310477604246,1132,1101,13,0.43092425604856627
BEJA,CADIZ,dry-wet,221.52310477604246,242,110,8,-0.5339014852235777,221.52310477604246,242,181,9,-0.4821928909152112
BEJA,CADIZ,wet-wet,221.52310477604246,261,191,7,0.4981297437707133,221.52310477604246,261,251,7,0.4899782332880395
BEJA,CAMPDEVANOL,dry-dry,971.5264098324253,867,305,16,0.08456815103369857,971.5264098324253,867,867,16,0.058481023311089446
BEJA,CAMPDEVANOL,dry-wet,971.5264098324253,700,309,15,-0.0784198180953963,971.5264098324253,700,688,23,-0.09038435208201019
BEJA,CAMPDEVANOL,wet-wet,971.5264098324253,216,140,7,0.09561300808063464,971.5264098324253,216,192,7,0.04000672835228939
BEJA,CUENCA,dry-dry,544.681595978789,1209,527,21,0.31763813500245225,544.681595978789,1209,1209,16,0.2938486007846144
BEJA,CUENCA,dry-wet,544.681595978789,528,256,13,-0.18580971240658734,544.681595978789,528,479,16,-0.2642160738069739
BEJA,CUENCA,wet-wet,544.681595978789,340,232,8,0.16159733349468824,544.681595978789,340,335,9,0.1982108615001603
BEJA,DAROCA,dry-dry,651.0787517022701,917,330,15,0.19359888692734753,651.0787517022701,917,899,14,0.17995871949002495
BEJA,DAROCA,dry-wet,651.0787517022701,526,256,16,-0.1549742076338705,651.0787517022701,526,493,18,-0.17085951322145493
BEJA,DAROCA,wet-wet,651.0787517022701,203,125,5,0.12866111985752512,651.0787517022701,203,184,7,0.05995934160359984
BEJA,EXTREMO,dry-dry,440.49324693578575,768,203,11,0.13718077730260722,440.49324693578575,768,768,16,0.09014752445999037
BEJA,EXTREMO,dry-wet,440.49324693578575,635,245,15,-0.12761817463064742,440.49324693578575,635,587,20,-0.12769442917415202
BEJA,EXTREMO,wet-wet,440.49324693578575,308,140,7,-0.01037865366591542,440.49324693578575,308,258,8,0.060086599575284824
BEJA,GETAFE,dry-dry,437.6679412323377,968,392,14,0.4589539928338583,437.6679412323377,968,930,14,0.4265511707992586
BEJA,GETAFE,dry-wet,437.6679412323377,324,96,5,-0.3492203302521348,437.6679412323377,324,258,12,-0.293753811358422
BEJA,GETAFE,wet-wet,437.6679412323377,279,191,6,0.4351932630665509,437.6679412323377,279,255,6,0.41050697786937085
BEJA,LORCA,dry-dry,544.1541780990365,1272,252,13,0.16746209199441645,544.1541780990365,1272,1272,16,0.11073427525647865
BEJA,LORCA,dry-wet,544.1541780990365,562,200,12,-0.16853169915990546,544.1541780990365,562,541,19,-0.10367408327896609
BEJA,LORCA,wet-wet,544.1541780990365,132,73,3,0.1355042566813277,544.1541780990365,132,118,5,0.12486665631631914
BEJA,MONTSERRAT,dry-dry,918.3970126546851,1077,338,17,0.17206064800160653,918.3970126546851,1077,1077,16,0.06864310691303505
BEJA,MONTSERRAT,dry-wet,918.3970126546851,579,261,14,-0.030175346804977295,918.3970126546851,579,566,20,-0.07514748072652433
BEJA,MONTSERRAT,wet-wet,918.3970126546851,172,98,4,-0.0636756742923913,918.3970126546851,172,142,5,-0.07797717163246577
BEJA,OURENSE,dry-dry,478.10838148272,777,280,12,0.3815196361409333,478.10838148272,777,768,14,0.34232485742327184
BEJA,OURENSE,dry-wet,478.10838148272,485,198,13,-0.299057870794672,478.10838148272,485,439,17,-0.23657066126158513
BEJA,OURENSE,wet-wet,478.10838148272,361,208,8,0.2890613253025187,478.10838148272,361,356,12,0.3251976130351224
BEJA,OVIEDO,dry-dry,615.7044529368845,731,250,13,0.20664306567366772,615.7044529368845,731,670,12,0.16048910325197274
BEJA,OVIEDO,dry-wet,615.7044529368845,787,378,22,-0.05103967873624436,615.7044529368845,787,759,22,-0.06276241636676937
BEJA,OVIEDO,wet-wet,615.7044529368845,302,176,8,0.043384277214265,615.7044529368845,302,273,9,0.08990531208513024
BEJA,PAMPLONA,dry-dry,749.236086638974,687,235,12,0.28260096206602053,749.236086638974,687,660,12,0.17518594399071152
BEJA,PAMPLONA,dry-wet,749.236086638974,561,229,14,-0.07297366972493309,749.236086638974,561,525,19,-0.03452251093695908
BEJA,PAMPLONA,wet-wet,749.236086638974,219,141,6,-0.006439334202510567,749.236086638974,219,192,6,0.05666342023136178
BEJA,PONFERRADA,dry-dry,515.9345422390563,818,249,12,0.2542041207759047,515.9345422390563,818,784,13,0.2628821211528873
BEJA,PONFERRADA,dry-wet,515.9345422390563,450,207,13,-0.24961048466018693,515.9345422390563,450,383,14,-0.2691379033155169
BEJA,PONFERRADA,wet-wet,515.9345422390563,284,163,7,0.1566267099922248,515.9345422390563,284,261,8,0.15162701613261548
BEJA,PORTO,dry-dry,363.21670264981594,1373,543,23,0.3221194271723188,363.21670264981594,1373,1373,16,0.3008890495972987
BEJA,PORTO,dry-wet,363.21670264981594,667,303,16,-0.2757171416810549,363.21670264981594,667,641,22,-0.26860871569650824
BEJA,PORTO,wet-wet,363.21670264981594,429,274,9,0.2453097726080329,363.21670264981594,429,404,10,0.2292180082349775
BEJA,SORIA,dry-dry,620.0440291830206,837,319,13,0.3215005628624624,620.0440291830206,837,813,13,0.2443223040749779
BEJA,SORIA,dry-wet,620.0440291830206,477,202,11,-0.24947801867973493,620.0440291830206,477,429,15,-0.2725893529029085
BEJA,SORIA,wet-wet,620.0440291830206,291,186,7,0.1551509586014735,620.0440291830206,291,284,9,0.1738506213888174
BEJA,TARIFA,dry-dry,300.94700188637086,999,391,15,0.42680254494555225,300.94700188637086,999,943,14,0.43477936720389865
BEJA,TARIFA,dry-wet,300.94700188637086,315,129,8,-0.2773672285378918,300.94700188637086,315,266,13,-0.29232419908786117
BEJA,TARIFA,wet-wet,300.94700188637086,258,174,7,0.39680884681764583,300.94700188637086,258,240,7,0.4123399322002107
BEJA,TORREVIEJA,dry-dry,626.9216009737157,1557,316,17,0.1272548961186187,626.9216009737157,1557,1557,16,0.08495332307509969
BEJA,TORREVIEJA,dry-wet,626.9216009737157,665,246,14,-0.01405203318424075,626.9216009737157,665,625,17,-0.05515727214618247
BEJA,TORREVIEJA,wet-wet,626.9216009737157,125,81,4,-0.02994747014591513,626.9216009737157,125,109,5,0.02658383635100443
BEJA,VALENCIA,dry-dry,670.0089442478595,964,205,11,0.1848230087912505,670.0089442478595,964,900,14,0.1003629841181008
BEJA,VALENCIA,dry-wet,670.0089442478595,440,156,10,-0.10960606696382047,670.0089442478595,440,415,18,-0.05202788970119397
BEJA,VALENCIA,wet-wet,670.0089442478595,148,85,4,0.17519039767694608,670.0089442478595,148,140,6,0.16326099344621833
BEJA,VANDELLOS,dry-dry,817.1787164831283,1143,243,14,0.052550021738545775,817.1787164831283,1143,1143,16,0.13747128499448757
BEJA,VANDELLOS,dry-wet,817.1787164831283,501,187,10,-0.020030519224432847,817.1787164831283,501,481,18,-0.07092734939279788
BEJA,VANDELLOS,wet-wet,817.1787164831283,130,78,3,0.04193705466757846,817.1787164831283,130,121,5,0.052589158642654295
BEJA,VIMIANZO,dry-dry,568.3203927006623,907,318,17,0.27071213701808505,568.3203927006623,907,901,15,0.20928213427876668
BEJA,VIMIANZO,dry-wet,568.3203927006623,957,357,22,-0.0886680434509096,568.3203927006623,957,947,25,-0.11077729714266661
BEJA,VIMIANZO,wet-wet,568.3203927006623,431,223,9,0.15280565981182131,568.3203927006623,431,390,10,0.15640767346201334
BEJA,ZAMORA,dry-dry,428.66901235196895,1114,442,18,0.5238237018572598,428.66901235196895,1114,1069,15,0.40856098746501956
BEJA,ZAMORA,dry-wet,428.66901235196895,400,163,10,-0.2950208339138829,428.66901235196895,400,368,17,-0.3412001683024719
BEJA,ZAMORA,wet-wet,428.66901235196895,327,232,8,0.3132641160951399,428.66901235196895,327,300,7,0.3228960154360562
BRAGANCA,CADIZ,dry-dry,591.2441421173287,945,211,9,0.20228053918692604,591.2441421173287,945,827,13,0.2594252433550485
BRAGANCA,CADIZ,dry-wet,591.2441421173287,421,176,12,-0.2600422497693394,591.2441421173287,421,369,15,-0.2794567897980136
BRAGANCA,CADIZ,wet-wet,591.2441421173287,224,125,5,0.2722245738490575,591.2441421173287,224,203,6,0.28337688399030675
BRAGANCA,CAMPDEVANOL,dry-dry,737.2338559609224,763,299,13,0.1990882091259493,737.2338559609224,763,763,16,0.10171018374569642
BRAGANCA,CAMPDEVANOL,dry-wet,737.2338559609224,726,369,18,-0.008534148984671716,737.2338559609224,726,682,21,0.0002667953354691961
BRAGANCA,CAMPDEVANOL,wet-wet,737.2338559609224,274,160,6,-0.10035528465586452,737.2338559609224,274,261,9,-0.07135642582966592
BRAGANCA,CUENCA,dry-dry,432.7158669303208,1081,460,17,0.19141535853557676,432.7158669303208,1081,1044,15,0.2951315815162521
BRAGANCA,CUENCA,dry-wet,432.7158669303208,563,296,16,-0.2024703860705018,432.7158669303208,563,513,18,-0.19073476603422834
BRAGANCA,CUENCA,wet-wet,432.7158669303208,402,279,9,0.23228402097261588,432.7158669303208,402,376,8,0.27842556075321734
BRAGANCA,DAROCA,dry-dry,450.87818508278497,822,401,17,0.2798676205836347,450.87818508278497,822,822,16,0.22374453272179903
BRAGANCA,DAROCA,dry-wet,450.87818508278497,537,239,12,-0.20427627203153798,450.87818508278497,537,505,20,-0.15454422084217162
BRAGANCA,DAROCA,wet-wet,450.87818508278497,286,201,7,0.2669676270102052,450.87818508278497,286,264,7,0.22383610245098845
BRAGANCA,EXTREMO,dry-dry,144.04718332264275,782,332,12,0.22915989269962744,144.04718332264275,782,749,13,0.24886001410218683
BRAGANCA,EXTREMO,dry-wet,144.04718332264275,513,236,12,-0.23095042650746972,144.04718332264275,513,481,18,-0.227944593488036
BRAGANCA,EXTREMO,wet-wet,144.04718332264275,430,169,5,0.16690026867598762,144.04718332264275,430,354,9,0.0981993263072153
BRAGANCA,GETAFE,dry-dry,303.51700722728503,906,383,15,0.2962866899769771,303.51700722728503,906,887,15,0.28645794769695904
BRAGANCA,GETAFE,dry-wet,303.51700722728503,372,154,10,-0.4272655116379953,303.51700722728503,372,334,16,-0.3946992993582225
BRAGANCA,GETAFE,wet-wet,303.51700722728503,315,214,8,0.3061701790191514,303.51700722728503,315,285,7,0.2922829472212042
BRAGANCA,LORCA,dry-dry,632.034788008791,1053,203,13,0.09433153762110799,632.034788008791,1053,1019,15,0.06729641667769033
BRAGANCA,LORCA,dry-wet,632.034788008791,770,289,18,0.07882692286119933,632.034788008791,770,707,19,0.031689137789915514
BRAGANCA,LORCA,wet-wet,632.034788008791,110,81,5,-0.17087684045610252,632.034788008791,110,92,4,-0.21252543100442545
BRAGANCA,MONTSERRAT,dry-dry,712.5915308846161,948,334,17,0.1048661313595577,712.5915308846161,948,948,16,0.06542022998394155
BRAGANCA,MONTSERRAT,dry-wet,712.5915308846161,671,304,16,-0.03061584728826753,712.5915308846161,671,643,21,-0.023105329342034808
BRAGANCA,MONTSERRAT,wet-wet,712.5915308846161,198,123,5,-0.18523467832501064,712.5915308846161,198,182,6,-0.08212854349473428
BRAGANCA,OURENSE,dry-dry,108.92866052224846,849,514,16,0.6472786716616941,108.92866052224846,849,834,13,0.6099761240555848
BRAGANCA,OURENSE,dry-wet,108.92866052224846,286,135,9,-0.5934900387583119,108.92866052224846,286,234,11,-0.5540952049604857
BRAGANCA,OURENSE,wet-wet,108.92866052224846,535,360,9,0.47681385968371337,108.92866052224846,535,503,10,0.48630967766390426
BRAGANCA,OVIEDO,dry-dry,186.4182409514349,739,342,14,0.43106109928113495,186.4182409514349,739,709,12,0.35523481192103556
BRAGANCA,OVIEDO,dry-wet,186.4182409514349,613,291,15,-0.2706233836609692,186.4182409514349,613,564,19,-0.2491513638503631
BRAGANCA,OVIEDO,wet-wet,186.4182409514349,466,312,11,0.08053739557735316,186.4182409514349,466,429,9,0.14154182139214713
BRAGANCA,PAMPLONA,dry-dry,434.5720584909428,648,284,12,0.21915551346171938,434.5720584909428,648,635,13,0.2090169513644995
BRAGANCA,PAMPLONA,dry-wet,434.5720584909428,528,249,13,-0.20114795134993144,434.5720584909428,528,484,18,-0.14358943757163464
BRAGANCA,PAMPLONA,wet-wet,434.5720584909428,304,197,8,0.14495611590900312,434.5720584909428,304,282,8,0.08670640473715803
BRAGANCA,PONFERRADA,dry-dry,85.38430983920601,884,463,14,0.6363502500417614,85.38430983920601,884,851,11,0.6119104842010873
BRAGANCA,PONFERRADA,dry-wet,85.38430983920601,235,95,6,-0.47378570037122597,85.38430983920601,235,200,11,-0.5360961595843476
BRAGANCA,PONFERRADA,wet-wet,85.38430983920601,476,334,8,0.4864491228862174,85.38430983920601,476,433,8,0.502542971169052
BRAGANCA,PORTO,dry-dry,173.2717078252005,1400,817,26,0.4994010516909679,173.2717078252005,1400,1400,16,0.5169919368732205
BRAGANCA,PORTO,dry-wet,173.2717078252005,448,226,12,-0.49865384995704937,173.2717078252005,448,379,15,-0.445763337584647
BRAGANCA,PORTO,wet-wet,173.2717078252005,653,473,11,0.5117750892883318,173.2717078252005,653,622,11,0.5136870181613207
BRAGANCA,SORIA,dry-dry,353.1398767564946,820,432,15,0.40852888536158216,353.1398767564946,820,802,12,0.4354441140366462
BRAGANCA,SORIA,dry-wet,353.1398767564946,388,171,8,-0.3221488219599196,353.1398767564946,388,342,14,-0.29280960269264344
BRAGANCA,SORIA,wet-wet,353.1398767564946,404,283,9,0.34036480247819584,353.1398767564946,404,376,8,0.33160039284600373
BRAGANCA,TARIFA,dry-dry,651.3030041168986,841,202,10,0.19934451644589418,651.3030041168986,841,822,15,0.22392451660502954
BRAGANCA,TARIFA,dry-wet,651.3030041168986,453,141,9,-0.23415794024535758,651.3030041168986,453,408,19,-0.20514969720852574
BRAGANCA,TARIFA,wet-wet,651.3030041168986,231,143,7,0.27402021775001645,651.3030041168986,231,214,7,0.257351242850833
BRAGANCA,TORREVIEJA,dry-dry,667.4514050425146,1358,287,16,0.08066963741801048,667.4514050425146,1358,1358,16,0.06448722425442158
BRAGANCA,TORREVIEJA,dry-wet,667.4514050425146,857,347,20,0.06138629757550992,667.4514050425146,857,823,20,-0.0121356496471242
BRAGANCA,TORREVIEJA,wet-wet,667.4514050425146,120,71,3,0.019358234361497577,667.4514050425146,120,102,4,0.019981722228753874
BRAGANCA,VALENCIA,dry-dry,596.5755591706245,850,222,12,0.08289469860704464,596.5755591706245,850,850,16,0.11770252208215205
BRAGANCA,VALENCIA,dry-wet,596.5755591706245,530,178,11,-0.06787923834990062,596.5755591706245,530,502,20,-0.07066576350967955
BRAGANCA,VALENCIA,wet-wet,596.5755591706245,159,92,4,-0.056488257847552285,596.5755591706245,159,151,6,-0.010978965081273252
BRAGANCA,VANDELLOS,dry-dry,641.9702702886015,1018,254,12,0.1157770810919422,641.9702702886015,1018,942,14,0.1392187773343284
BRAGANCA,VANDELLOS,dry-wet,641.9702702886015,589,229,13,-0.11260004991655259,641.9702702886015,589,563,20,-0.046443694464554576
BRAGANCA,VANDELLOS,wet-wet,641.9702702886015,167,94,3,0.1636265324013592,641.9702702886015,167,159,6,0.12371364619444829
BRAGANCA,VIMIANZO,dry-dry,234.93580978932752,938,472,21,0.3461273855099136,234.93580978932752,938,924,14,0.3119408514286482
BRAGANCA,VIMIANZO,dry-wet,234.93580978932752,708,334,20,-0.2709382730748692,234.93580978932752,708,684,21,-0.3191264290017141
BRAGANCA,VIMIANZO,wet-wet,234.93580978932752,661,391,13,0.22481574617900318,234.93580978932752,661,622,11,0.23795717063915853
BRAGANCA,ZAMORA,dry-dry,89.6056573567959,1110,638,20,0.6070610913347712,89.6056573567959,1110,1089,14,0.5751115044691246
BRAGANCA,ZAMORA,dry-wet,89.6056573567959,309,141,9,-0.5517674262780786,89.6056573567959,309,268,13,-0.5072329657179269
BRAGANCA,ZAMORA,wet-wet,89.6056573567959,454,326,8,0.4651565894674898,89.6056573567959,454,420,7,0.44996319734922274
CADIZ,CAMPDEVANOL,dry-dry,963.2819400725859,881,311,14,0.10306837110445384,963.2819400725859,881,875,15,0.09737996875806094
CADIZ,CAMPDEVANOL,dry-wet,963.2819400725859,556,271,15,-0.13993612789784104,963.2819400725859,556,513,17,-0.11712860052230269
CADIZ,CAMPDEVANOL,wet-wet,963.2819400725859,215,154,7,0.062484483096446775,963.2819400725859,215,198,7,0.001920731658044418
CADIZ,CUENCA,dry-dry,535.6507685530933,1195,536,18,0.46537608069686165,535.6507685530933,1195,1176,13,0.3808158053327844
CADIZ,CUENCA,dry-wet,535.6507685530933,410,191,11,-0.3942236642104251,535.6507685530933,410,368,14,-0.3391913019536897
CADIZ,CUENCA,wet-wet,535.6507685530933,317,212,7,0.22022501434731157,535.6507685530933,317,312,9,0.2602362529999372
CADIZ,DAROCA,dry-dry,662.9000222460407,972,376,19,0.2373256830802153,662.9000222460407,972,952,14,0.24336579858201807
CADIZ,DAROCA,dry-wet,662.9000222460407,414,169,11,-0.25640558682092196,662.9000222460407,414,367,15,-0.2148581527439265
CADIZ,DAROCA,wet-wet,662.9000222460407,197,131,5,0.24595783374978464,662.9000222460407,197,156,4,0.22954918486164994
CADIZ,EXTREMO,dry-dry,636.3172506741432,554,92,5,0.08708928937442047,636.3172506741432,554,528,12,0.1969345498389284
CADIZ,EXTREMO,dry-wet,636.3172506741432,442,69,5,-0.03166900430899222,636.3172506741432,442,389,17,-0.10203728870147101
CADIZ,EXTREMO,wet-wet,636.3172506741432,154,67,4,0.08863415356887731,636.3172506741432,154,132,7,0.23814907584443867
CADIZ,GETAFE,dry-dry,476.75290326913614,959,357,15,0.4854743213619346,476.75290326913614,959,901,12,0.4297894125560268
CADIZ,GETAFE,dry-wet,476.75290326913614,293,112,8,-0.4200358904790524,476.75290326913614,293,223,11,-0.3979752981542091
CADIZ,GETAFE,wet-wet,476.75290326913614,256,180,6,0.401149946267659,476.75290326913614,256,229,6,0.325594518067587
CADIZ,LORCA,dry-dry,425.2960461605942,1437,285,13,0.21565583328847637,425.2960461605942,1437,1437,16,0.13371472909658816
CADIZ,LORCA,dry-wet,425.2960461605942,455,153,11,-0.17013403640749114,425.2960461605942,455,406,16,-0.141340463523502
CADIZ,LORCA,wet-wet,425.2960461605942,130,75,3,0.22274153790374102,425.2960461605942,130,115,5,0.28441608097965726
CADIZ,MONTSERRAT,dry-dry,899.2086026396215,1183,336,16,0.13141205482099708,899.2086026396215,1183,1183,16,0.07635498274991395
CADIZ,MONTSERRAT,dry-wet,899.2086026396215,528,236,13,-0.25394825781625807,899.2086026396215,528,507,19,-0.17424142236780554
CADIZ,MONTSERRAT,wet-wet,899.2086026396215,189,125,5,0.02686121346493345,899.2086026396215,189,173,6,0.01431869250573154
CADIZ,OURENSE,dry-dry,662.218400872485,770,161,8,0.2692890570167307,662.218400872485,770,764,15,0.20336355344765222
CADIZ,OURENSE,dry-wet,662.218400872485,514,187,12,-0.32737920725563924,662.218400872485,514,477,18,-0.24765454645059634
CADIZ,OURENSE,wet-wet,662.218400872485,257,147,6,0.06561659844433108,662.218400872485,257,230,7,0.12701765497694312
CADIZ,OVIEDO,dry-dry,762.7869596510226,774,264,14,0.11661338350186716,762.7869596510226,774,760,14,0.14214211720816314
CADIZ,OVIEDO,dry-wet,762.7869596510226,740,359,21,-0.12889927263239928,762.7869596510226,740,690,17,-0.14574852659117998
CADIZ,OVIEDO,wet-wet,762.7869596510226,268,169,7,0.05291722037259007,762.7869596510226,268,227,6,0.026993360725648254
CADIZ,PAMPLONA,dry-dry,805.9017585906898,878,340,19,0.2904610323889906,805.9017585906898,878,871,15,0.2568866631444194
CADIZ,PAMPLONA,dry-wet,805.9017585906898,605,219,11,-0.05748785281920328,805.9017585906898,605,563,17,-0.04563635336511254
CADIZ,PAMPLONA,wet-wet,805.9017585906898,236,160,6,0.10620262839203098,805.9017585906898,236,211,6,0.08405940704277462
CADIZ,PONFERRADA,dry-dry,674.972969789671,760,165,8,0.21901421959613848,674.972969789671,760,669,12,0.254213878602269
CADIZ,PONFERRADA,dry-wet,674.972969789671,471,146,8,-0.10275829314384388,674.972969789671,471,438,18,-0.1697302581238211
CADIZ,PONFERRADA,wet-wet,674.972969789671,236,147,7,0.16586887985863874,674.972969789671,236,213,7,0.15890278642014874
CADIZ,PORTO,dry-dry,566.34726285661,924,159,8,0.2516832116180722,566.34726285661,924,826,13,0.13431263641183808
CADIZ,PORTO,dry-wet,566.34726285661,517,200,11,-0.1428667279304512,566.34726285661,517,444,15,-0.15888515266408018
CADIZ,PORTO,wet-wet,566.34726285661,208,126,6,-0.030216339523779442,566.34726285661,208,186,6,0.010761965020005052
CADIZ,SORIA,dry-dry,670.7214943588078,883,367,18,0.4333206284064178,670.7214943588078,883,864,13,0.34655267747624696
CADIZ,SORIA,dry-wet,670.7214943588078,411,171,11,-0.28110029650769364,670.7214943588078,411,370,14,-0.2721260194489226
CADIZ,SORIA,wet-wet,670.7214943588078,262,188,8,0.2546349940698042,670.7214943588078,262,241,7,0.2853806455404821
CADIZ,TARIFA,dry-dry,80.03351863142868,1171,577,15,0.7039216566925761,80.03351863142868,1171,1111,11,0.6376080465212668
CADIZ,TARIFA,dry-wet,80.03351863142868,179,59,4,-0.4415039989342108,80.03351863142868,179,138,9,-0.5603031989854345
CADIZ,TARIFA,wet-wet,80.03351863142868,299,246,6,0.6310600051505283,80.03351863142868,299,281,5,0.6042747946912879
CADIZ,TORREVIEJA,dry-dry,517.7215139227709,1150,230,12,0.1741384951700686,517.7215139227709,1150,1130,15,0.18180106316862676
CADIZ,TORREVIEJA,dry-wet,517.7215139227709,341,83,6,-0.16385211903267696,517.7215139227709,341,281,12,-0.09258110781340974
CADIZ,TORREVIEJA,wet-wet,517.7215139227709,94,64,3,0.05261523089678512,517.7215139227709,94,76,3,0.1274356662374384
CADIZ,VALENCIA,dry-dry,613.3347128165052,1048,210,10,0.16742111229188847,613.3347128165052,1048,1027,15,0.13241945318544618
CADIZ,VALENCIA,dry-wet,613.3347128165052,374,133,9,-0.3056877328441327,613.3347128165052,374,320,15,-0.2879624220514586
CADIZ,VALENCIA,wet-wet,613.3347128165052,148,95,4,0.035555465150938534,613.3347128165052,148,129,5,0.0580374202510173
CADIZ,VANDELLOS,dry-dry,792.135361733422,1116,235,13,0.1536508469701833,792.135361733422,1116,1086,15,0.15747997808693293
CADIZ,VANDELLOS,dry-wet,792.135361733422,390,154,10,-0.18091717681655345,792.135361733422,390,348,15,-0.2057280821970859
CADIZ,VANDELLOS,wet-wet,792.135361733422,135,81,3,0.07663053000108731,792.135361733422,135,113,4,0.0432871464165183
CADIZ,VIMIANZO,dry-dry,767.0536111227079,953,311,16,0.195427037728119,767.0536111227079,953,939,15,0.11710755849222099
CADIZ,VIMIANZO,dry-wet,767.0536111227079,965,381,23,-0.1257139804989018,767.0536111227079,965,952,24,-0.14060916004334195
CADIZ,VIMIANZO,wet-wet,767.0536111227079,339,187,9,0.088319804407481,767.0536111227079,339,324,10,0.1558739446332426
CADIZ,ZAMORA,dry-dry,559.5875847493983,1150,484,22,0.41704354998693677,559.5875847493983,1150,1107,14,0.3703444064275124
CADIZ,ZAMORA,dry-wet,559.5875847493983,404,165,9,-0.23211099907970445,559.5875847493983,404,381,17,-0.33148497884776174
CADIZ,ZAMORA,wet-wet,559.5875847493983,284,202,7,0.3115685738247214,559.5875847493983,284,254,6,0.3071008080166046
CAMPDEVANOL,CUENCA,dry-dry,432.37580926553534,925,483,18,0.23983652207078435,432.37580926553534,925,909,14,0.2853399042118891
CAMPDEVANOL,CUENCA,dry-wet,432.37580926553534,548,323,16,-0.3264167676873597,432.37580926553534,548,523,19,-0.3073986516498103
CAMPDEVANOL,CUENCA,wet-wet,432.37580926553534,415,317,9,0.27251762079209224,432.37580926553534,415,409,9,0.256997816381312
CAMPDEVANOL,DAROCA,dry-dry,321.63614811834907,771,444,15,0.38704171117463576,321.63614811834907,771,769,15,0.39501446402677
CAMPDEVANOL,DAROCA,dry-wet,321.63614811834907,413,262,14,-0.3428627833801965,321.63614811834907,413,386,16,-0.3074389489203189
CAMPDEVANOL,DAROCA,wet-wet,321.63614811834907,352,279,8,0.3696973579553828,321.63614811834907,352,342,8,0.3650833841296319
CAMPDEVANOL,EXTREMO,dry-dry,877.6268823610054,483,174,9,0.13467359805529966,877.6268823610054,483,464,14,0.2050598220929187
CAMPDEVANOL,EXTREMO,dry-wet,877.6268823610054,541,166,10,-0.09968566166787858,877.6268823610054,541,501,22,-0.1058647377385873
CAMPDEVANOL,EXTREMO,wet-wet,877.6268823610054,253,118,5,0.08160079741120058,877.6268823610054,253,233,9,0.12977521170148199
CAMPDEVANOL,GETAFE,dry-dry,536.5420570240863,750,381,17,0.2750066232742252,536.5420570240863,750,745,15,0.21244966134883264
CAMPDEVANOL,GETAFE,dry-wet,536.5420570240863,521,288,15,-0.15775523341499506,536.5420570240863,521,473,17,-0.14182247594222872
CAMPDEVANOL,GETAFE,wet-wet,536.5420570240863,279,196,7,0.2628568283907019,536.5420570240863,279,266,8,0.2050072268437612
CAMPDEVANOL,LORCA,dry-dry,604.8174522164234,1085,317,16,0.1592670181491654,604.8174522164234,1085,1038,13,0.10077813649411659
CAMPDEVANOL,LORCA,dry-wet,604.8174522164234,734,355,18,-0.055638452524460244,604.8174522164234,734,698,16,-0.08530336352821982
CAMPDEVANOL,LORCA,wet-wet,604.8174522164234,157,96,3,0.1013727591250923,604.8174522164234,157,134,4,0.06645273348166675
CAMPDEVANOL,MONTSERRAT,dry-dry,74.97672363971473,1071,695,17,0.5807550463965941,74.97672363971473,1071,1052,13,0.5962468902175977
CAMPDEVANOL,MONTSERRAT,dry-wet,74.97672363971473,368,201,10,-0.5123708761479678,74.97672363971473,368,342,13,-0.4626148151526416
CAMPDEVANOL,MONTSERRAT,wet-wet,74.97672363971473,437,369,8,0.49636378472874115,74.97672363971473,437,419,7,0.47581270453455454
CAMPDEVANOL,OURENSE,dry-dry,824.5451288996337,582,291,13,0.1501924127148882,824.5451288996337,582,537,13,0.11913298355317345
CAMPDEVANOL,OURENSE,dry-wet,824.5451288996337,612,332,16,-0.03683845571796159,824.5451288996337,612,550,19,-0.055258036752064706
CAMPDEVANOL,OURENSE,wet-wet,824.5451288996337,315,205,8,-0.04034097007463617,824.5451288996337,315,281,8,-0.02681168694380639
CAMPDEVANOL,OVIEDO,dry-dry,667.8256272139039,631,370,14,0.2598921830738533,667.8256272139039,631,615,14,0.19074788646579466
CAMPDEVANOL,OVIEDO,dry-wet,667.8256272139039,643,391,17,-0.08902507091581269,667.8256272139039,643,602,18,-0.1609130158365459
CAMPDEVANOL,OVIEDO,wet-wet,667.8256272139039,459,346,12,0.27718126637271573,667.8256272139039,459,430,8,0.26078620424691473
CAMPDEVANOL,PAMPLONA,dry-dry,318.7496701681545,670,360,12,0.37635617692512474,318.7496701681545,670,663,15,0.42694945853388905
CAMPDEVANOL,PAMPLONA,dry-wet,318.7496701681545,491,287,13,-0.3115983960082195,318.7496701681545,491,453,17,-0.2663840923732551
CAMPDEVANOL,PAMPLONA,wet-wet,318.7496701681545,386,316,11,0.18676859867388645,318.7496701681545,386,380,9,0.17770583640835103
CAMPDEVANOL,PONFERRADA,dry-dry,720.628643357688,631,323,14,0.18082633649535806,720.628643357688,631,569,12,0.17477081712354697
CAMPDEVANOL,PONFERRADA,dry-wet,720.628643357688,567,296,14,-0.06364630317376453,720.628643357688,567,531,20,-0.0590655788037836
CAMPDEVANOL,PONFERRADA,wet-wet,720.628643357688,277,178,7,0.02380138232452245,720.628643357688,277,263,9,0.02770454990767007
CAMPDEVANOL,PORTO,dry-dry,906.1590406468866,749,329,16,-0.03555333662715206,906.1590406468866,749,749,16,0.027585943108572788
CAMPDEVANOL,PORTO,dry-wet,906.1590406468866,786,435,21,0.0011780801951099616,906.1590406468866,786,756,23,0.009019806059290687
CAMPDEVANOL,PORTO,wet-wet,906.1590406468866,277,169,7,-0.07646157549351511,906.1590406468866,277,251,8,-0.040024419128095116
CAMPDEVANOL,SORIA,dry-dry,387.4173084136961,668,391,15,0.3602435940545796,387.4173084136961,668,639,13,0.3762193790598347
CAMPDEVANOL,SORIA,dry-wet,387.4173084136961,484,298,14,-0.1603309397161939,387.4173084136961,484,452,17,-0.1803107897502672
CAMPDEVANOL,SORIA,wet-wet,387.4173084136961,348,252,8,0.14933904440048848,387.4173084136961,348,337,9,0.18507952402938704
CAMPDEVANOL,TARIFA,dry-dry,961.2019371404201,717,287,13,0.14480647294340368,961.2019371404201,717,710,15,0.12796378907600164
CAMPDEVANOL,TARIFA,dry-wet,961.2019371404201,527,263,15,-0.1772917413843736,961.2019371404201,527,498,18,-0.17829611386051622
CAMPDEVANOL,TARIFA,wet-wet,961.2019371404201,226,172,8,0.07496832307059016,961.2019371404201,226,203,6,0.049635998986057674
CAMPDEVANOL,TORREVIEJA,dry-dry,531.6989397599546,990,290,19,0.2920447428755642,531.6989397599546,990,924,12,0.18504000699991696
CAMPDEVANOL,TORREVIEJA,dry-wet,531.6989397599546,599,266,16,-0.17700783705762757,531.6989397599546,599,559,15,-0.1424866204894289
CAMPDEVANOL,TORREVIEJA,wet-wet,531.6989397599546,139,100,4,-0.1797006248858705,531.6989397599546,139,117,4,-0.13357722104954162
CAMPDEVANOL,VALENCIA,dry-dry,371.9501231758438,871,351,15,0.35020931344320344,371.9501231758438,871,853,14,0.33216064160693354
CAMPDEVANOL,VALENCIA,dry-wet,371.9501231758438,478,251,11,-0.28497875789208604,371.9501231758438,478,447,15,-0.2565486180912968
CAMPDEVANOL,VALENCIA,wet-wet,371.9501231758438,246,186,5,0.19819522203864628,371.9501231758438,246,234,6,0.22084914113876003
CAMPDEVANOL,VANDELLOS,dry-dry,177.15493704075024,944,488,17,0.4477650180425852,177.15493704075024,944,914,12,0.45612668294335523
CAMPDEVANOL,VANDELLOS,dry-wet,177.15493704075024,412,222,12,-0.48212343760760995,177.15493704075024,412,386,14,-0.4012152692167668
CAMPDEVANOL,VANDELLOS,wet-wet,177.15493704075024,278,241,7,0.3174777610640317,177.15493704075024,278,269,6,0.33694365638658363
CAMPDEVANOL,VIMIANZO,dry-dry,921.2327549660163,713,415,20,-0.004167163091645719,921.2327549660163,713,713,16,0.07453036707264478
CAMPDEVANOL,VIMIANZO,dry-wet,921.2327549660163,1008,594,29,-0.011472861739651936,921.2327549660163,1008,986,25,0.01697212758260775
CAMPDEVANOL,VIMIANZO,wet-wet,921.2327549660163,489,329,15,-0.06818360938815192,921.2327549660163,489,483,12,-0.007382064073008801
CAMPDEVANOL,ZAMORA,dry-dry,658.7984610222471,839,405,16,0.22434445357903668,658.7984610222471,839,831,15,0.20027963258477113
CAMPDEVANOL,ZAMORA,dry-wet,658.7984610222471,683,368,16,-0.02611574803346679,658.7984610222471,683,650,20,-0.05874562582055207
CAMPDEVANOL,ZAMORA,wet-wet,658.7984610222471,285,189,6,0.13207131281490433,658.7984610222471,285,271,8,0.1279424293741931
CUENCA,DAROCA,dry-dry,131.42533507353394,1026,685,18,0.4824892442610819,131.42533507353394,1026,1019,15,0.5162600823187168
CUENCA,DAROCA,dry-wet,131.42533507353394,327,183,12,-0.5210602860178168,131.42533507353394,327,281,12,-0.4536145060459708
CUENCA,DAROCA,wet-wet,131.42533507353394,440,352,8,0.5372564836919217,131.42533507353394,440,430,8,0.537414631273369
CUENCA,EXTREMO,dry-dry,571.7664461104613,653,188,9,0.19955286195138663,571.7664461104613,653,653,16,0.22499604262183376
CUENCA,EXTREMO,dry-wet,571.7664461104613,554,180,11,-0.2041947506875371,571.7664461104613,554,534,23,-0.12000841813691909
CUENCA,EXTREMO,wet-wet,571.7664461104613,285,139,6,0.07848298268388129,571.7664461104613,285,283,11,0.07030220657083967
CUENCA,GETAFE,dry-dry,137.54018635559115,1060,731,22,0.6061006004870467,137.54018635559115,1060,1026,12,0.6035144890007542
CUENCA,GETAFE,dry-wet,137.54018635559115,274,117,7,-0.6518083562370864,137.54018635559115,274,245,12,-0.6452389075744679
CUENCA,GETAFE,wet-wet,137.54018635559115,462,389,9,0.49831069691227536,137.54018635559115,462,454,8,0.4998008904909379
CUENCA,LORCA,dry-dry,271.00645499216216,1336,464,22,0.2650728405153452,271.00645499216216,1336,1327,15,0.21971604936398342
CUENCA,LORCA,dry-wet,271.00645499216216,697,306,17,-0.16135830148236235,271.00645499216216,697,676,18,-0.15578631888636563
CUENCA,LORCA,wet-wet,271.00645499216216,205,146,5,0.13082633337579277,271.00645499216216,205,195,6,0.11875209528847365
CUENCA,MONTSERRAT,dry-dry,374.7167603573681,1205,542,18,0.37592121909131415,374.7167603573681,1205,1205,16,0.3327365202527202
CUENCA,MONTSERRAT,dry-wet,374.7167603573681,523,260,12,-0.17981098214817792,374.7167603573681,523,497,17,-0.21754154218450153
CUENCA,MONTSERRAT,wet-wet,374.7167603573681,360,293,8,0.287766323971326,374.7167603573681,360,350,7,0.32227473832788334
CUENCA,OURENSE,dry-dry,540.8797259364422,786,360,15,0.3080912696509431,540.8797259364422,786,786,16,0.20147128304329762
CUENCA,OURENSE,dry-wet,540.8797259364422,553,256,12,-0.2559852532632469,540.8797259364422,553,486,17,-0.22541113840553106
CUENCA,OURENSE,wet-wet,540.8797259364422,401,256,8,0.15598745548673604,540.8797259364422,401,375,9,0.1381841010960187
CUENCA,OVIEDO,dry-dry,479.503617813958,812,430,18,0.22398419991733412,479.503617813958,812,806,15,0.22637305273732883
CUENCA,OVIEDO,dry-wet,479.503617813958,701,403,19,-0.23185590991032554,479.503617813958,701,655,19,-0.2504004660700212
CUENCA,OVIEDO,wet-wet,479.503617813958,477,351,12,0.15854840593035202,479.503617813958,477,456,9,0.15948539383217614
CUENCA,PAMPLONA,dry-dry,308.63219424047696,830,449,18,0.3691611117217692,308.63219424047696,830,830,16,0.3552667924544265
CUENCA,PAMPLONA,dry-wet,308.63219424047696,554,318,17,-0.24789428530378724,308.63219424047696,554,493,17,-0.1899426913438186
CUENCA,PAMPLONA,wet-wet,308.63219424047696,395,317,10,0.3000839366687002,308.63219424047696,395,386,8,0.25489995961079476
CUENCA,PONFERRADA,dry-dry,465.0263825421571,834,410,16,0.2914314373742256,465.0263825421571,834,822,15,0.30947256224512526
CUENCA,PONFERRADA,dry-wet,465.0263825421571,503,245,12,-0.29502033879897904,465.0263825421571,503,467,19,-0.21304110404295734
CUENCA,PONFERRADA,wet-wet,465.0263825421571,389,296,11,0.21712882208040787,465.0263825421571,389,376,9,0.2098426944019867
CUENCA,PORTO,dry-dry,567.1821488614561,1045,413,18,0.1764608554219263,567.1821488614561,1045,1045,16,0.21496153476794583
CUENCA,PORTO,dry-wet,567.1821488614561,686,336,17,-0.12450186939087406,567.1821488614561,686,661,22,-0.11949903597550479
CUENCA,PORTO,wet-wet,567.1821488614561,369,259,11,0.13419032437952966,567.1821488614561,369,350,9,0.14060469174899437
CUENCA,SORIA,dry-dry,192.20784562821694,940,543,16,0.6022848721867489,192.20784562821694,940,914,13,0.5210332184807479
CUENCA,SORIA,dry-wet,192.20784562821694,353,173,9,-0.5544539708679759,192.20784562821694,353,294,11,-0.449264377539021
CUENCA,SORIA,wet-wet,192.20784562821694,500,386,10,0.492623567157528,192.20784562821694,500,479,8,0.4809131825846989
CUENCA,TARIFA,dry-dry,543.314058633662,998,401,15,0.39015719712336416,543.314058633662,998,990,15,0.3797381354320461
CUENCA,TARIFA,dry-wet,543.314058633662,426,182,10,-0.22153548964240283,543.314058633662,426,397,17,-0.22836470136989906
CUENCA,TARIFA,wet-wet,543.314058633662,321,226,7,0.3472717304765189,543.314058633662,321,312,8,0.3465760448103161
CUENCA,TORREVIEJA,dry-dry,262.82152027625284,1274,342,17,0.1325231677469876,262.82152027625284,1274,1247,14,0.19271175606432112
CUENCA,TORREVIEJA,dry-wet,262.82152027625284,595,248,15,-0.149725545821138,262.82152027625284,595,576,17,-0.18066955926080305
CUENCA,TORREVIEJA,wet-wet,262.82152027625284,166,110,4,0.15884193993110649,262.82152027625284,166,155,5,0.13521546054302472
CUENCA,VALENCIA,dry-dry,164.3475767291076,1044,534,21,0.41704956582524094,164.3475767291076,1044,1017,14,0.4083993906272585
CUENCA,VALENCIA,dry-wet,164.3475767291076,378,161,10,-0.3718031053355326,164.3475767291076,378,355,15,-0.36481627255160287
CUENCA,VALENCIA,wet-wet,164.3475767291076,310,259,8,0.43458057220382446,164.3475767291076,310,296,6,0.414541051133863
CUENCA,VANDELLOS,dry-dry,272.5041374933283,1151,537,22,0.4075022268416757,272.5041374933283,1151,1151,16,0.3584460174417934
CUENCA,VANDELLOS,dry-wet,272.5041374933283,443,228,12,-0.3568247028642358,272.5041374933283,443,403,14,-0.34740523332297757
CUENCA,VANDELLOS,wet-wet,272.5041374933283,266,214,6,0.31284473191863077,272.5041374933283,266,261,6,0.29148535038240053
CUENCA,VIMIANZO,dry-dry,664.1938871252027,932,440,20,0.17952143819358507,664.1938871252027,932,932,16,0.14954338317863103
CUENCA,VIMIANZO,dry-wet,664.1938871252027,962,461,23,-0.1214573146179012,664.1938871252027,962,954,26,-0.12258907901963306
CUENCA,VIMIANZO,wet-wet,664.1938871252027,571,382,15,0.06832954085179767,664.1938871252027,571,537,11,0.08603492087470008
CUENCA,ZAMORA,dry-dry,343.440380730089,1135,549,17,0.4491720227230938,343.440380730089,1135,1135,16,0.41474961747653083
CUENCA,ZAMORA,dry-wet,343.440380730089,489,280,15,-0.33328427567678925,343.440380730089,489,447,16,-0.33524285095382134
CUENCA,ZAMORA,wet-wet,343.440380730089,451,356,11,0.3206994775755166,343.440380730089,451,443,9,0.33997885221831753
DAROCA,EXTREMO,dry-dry,594.9213952362923,465,145,7,0.29836090524270353,594.9213952362923,465,451,15,0.15337277779055605
DAROCA,EXTREMO,dry-wet,594.9213952362923,474,159,10,-0.11223044171264034,594.9213952362923,474,434,20,-0.13028222216990692
DAROCA,EXTREMO,wet-wet,594.9213952362923,197,105,5,0.09644194779612228,594.9213952362923,197,180,8,0.058132312589848696
DAROCA,GETAFE,dry-dry,214.91018245542134,849,471,16,0.4836401760223223,214.91018245542134,849,839,14,0.38776114874396533
DAROCA,GETAFE,dry-wet,214.91018245542134,325,146,9,-0.47273735928649113,214.91018245542134,325,281,13,-0.43232992582209623
DAROCA,GETAFE,wet-wet,214.91018245542134,315,236,6,0.3980956456734217,214.91018245542134,315,299,7,0.4054124847752035
DAROCA,LORCA,dry-dry,385.4390109784557,1070,334,18,0.28306255888565235,385.4390109784557,1070,1041,14,0.12312560287941433
DAROCA,LORCA,dry-wet,385.4390109784557,586,228,13,-0.1791889425175768,385.4390109784557,586,540,16,-0.1715475082074778
DAROCA,LORCA,wet-wet,385.4390109784557,144,96,4,-0.04982986925314838,385.4390109784557,144,132,5,0.06298768954281807
DAROCA,MONTSERRAT,dry-dry,276.3837482779679,1027,601,20,0.4032038514985004,276.3837482779679,1027,1021,15,0.39194718082433044
DAROCA,MONTSERRAT,dry-wet,276.3837482779679,412,220,11,-0.21001625194984372,276.3837482779679,412,384,15,-0.2876103829478902
DAROCA,MONTSERRAT,wet-wet,276.3837482779679,307,239,6,0.3974619394000959,276.3837482779679,307,284,6,0.42284941400365816
DAROCA,OURENSE,dry-dry,551.811062081934,646,344,14,0.2150433552199025,551.811062081934,646,627,14,0.18195108866296805
DAROCA,OURENSE,dry-wet,551.811062081934,504,270,14,-0.2651730580300586,551.811062081934,504,455,18,-0.23414680242210434
DAROCA,OURENSE,wet-wet,551.811062081934,298,207,8,-0.00720716407338967,551.811062081934,298,281,8,0.021259302825270766
DAROCA,OVIEDO,dry-dry,443.8119946032598,711,385,15,0.31271219601027406,443.8119946032598,711,694,14,0.33255643254064504
DAROCA,OVIEDO,dry-wet,443.8119946032598,522,315,15,-0.30460421766174456,443.8119946032598,522,464,14,-0.29720866859058126
DAROCA,OVIEDO,wet-wet,443.8119946032598,401,287,9,0.27308225464261615,443.8119946032598,401,383,8,0.256183634502331
DAROCA,PAMPLONA,dry-dry,190.36900257435718,818,511,18,0.47719088238177965,190.36900257435718,818,796,13,0.49062616821116356
DAROCA,PAMPLONA,dry-wet,190.36900257435718,356,197,12,-0.4488100646122114,190.36900257435718,356,310,13,-0.3810114704926296
DAROCA,PAMPLONA,wet-wet,190.36900257435718,372,297,8,0.4588664649252497,190.36900257435718,372,369,9,0.40973597397662836
DAROCA,PONFERRADA,dry-dry,459.08235989634846,740,346,14,0.2817590690079441,459.08235989634846,740,688,14,0.26917260595297526
DAROCA,PONFERRADA,dry-wet,459.08235989634846,452,199,9,-0.018438295447772274,459.08235989634846,452,426,18,-0.12988853358726601
DAROCA,PONFERRADA,wet-wet,459.08235989634846,284,182,6,0.2530028766883742,459.08235989634846,284,270,8,0.2438747743941868
DAROCA,PORTO,dry-dry,608.3649744652214,812,366,17,0.11102926575738759,608.3649744652214,812,812,16,0.11137844994775326
DAROCA,PORTO,dry-wet,608.3649744652214,624,314,17,-0.04138439860827986,608.3649744652214,624,584,20,-0.0956240647965171
DAROCA,PORTO,wet-wet,608.3649744652214,265,178,7,0.1525069084918407,608.3649744652214,265,239,7,0.08288572659677951
DAROCA,SORIA,dry-dry,115.75300736284872,765,507,14,0.6086727947585995,115.75300736284872,765,744,13,0.6029530839226225
DAROCA,SORIA,dry-wet,115.75300736284872,269,147,9,-0.5083115512639876,115.75300736284872,269,232,11,-0.48122605144945874
DAROCA,SORIA,wet-wet,115.75300736284872,399,320,8,0.48525779664039986,115.75300736284872,399,377,7,0.4700416718680412
DAROCA,TARIFA,dry-dry,673.7930290643372,822,312,12,0.2578992743939035,673.7930290643372,822,806,14,0.20442871816850752
DAROCA,TARIFA,dry-wet,673.7930290643372,400,151,9,-0.16433860067730466,673.7930290643372,400,372,17,-0.20648465150378517
DAROCA,TARIFA,wet-wet,673.7930290643372,210,133,5,0.32201401873983587,673.7930290643372,210,195,7,0.31597464898387323
DAROCA,TORREVIEJA,dry-dry,353.9576047317979,1008,246,14,0.30356589614033314,353.9576047317979,1008,946,12,0.19390702225521764
DAROCA,TORREVIEJA,dry-wet,353.9576047317979,504,215,14,-0.12733696612356163,353.9576047317979,504,465,15,-0.09056499443600083
DAROCA,TORREVIEJA,wet-wet,353.9576047317979,107,73,3,-0.12377821046308632,353.9576047317979,107,94,4,-0.06711369996016021
DAROCA,VALENCIA,dry-dry,202.0600060499945,898,449,17,0.37414868387337935,202.0600060499945,898,804,12,0.3478659937396577
DAROCA,VALENCIA,dry-wet,202.0600060499945,328,141,9,-0.36344304565069674,202.0600060499945,328,273,12,-0.404409832478967
DAROCA,VALENCIA,wet-wet,202.0600060499945,240,174,5,0.3352973506196264,202.0600060499945,240,228,6,0.33708826693759564
DAROCA,VANDELLOS,dry-dry,192.12935002265584,929,456,17,0.42296590746180546,192.12935002265584,929,903,12,0.40308914996397666
DAROCA,VANDELLOS,dry-wet,192.12935002265584,364,199,13,-0.285466304870584,192.12935002265584,364,335,14,-0.2848361950496551
DAROCA,VANDELLOS,wet-wet,192.12935002265584,219,176,5,0.3816541977979542,192.12935002265584,219,209,5,0.3008863861497634
DAROCA,VIMIANZO,dry-dry,665.9181091997569,814,400,17,0.09791506152054627,665.9181091997569,814,814,16,0.11003955332714635
DAROCA,VIMIANZO,dry-wet,665.9181091997569,845,410,21,-0.15457331561759155,665.9181091997569,845,825,23,-0.1168360498640573
DAROCA,VIMIANZO,wet-wet,665.9181091997569,446,294,12,0.10365674954257476,665.9181091997569,446,433,10,0.09763547483744976
DAROCA,ZAMORA,dry-dry,363.94512147091547,935,462,16,0.36308489814738004,363.94512147091547,935,902,14,0.28526800336559927
DAROCA,ZAMORA,dry-wet,363.94512147091547,503,271,13,-0.16351866263958478,363.94512147091547,503,479,18,-0.2398728452601477
DAROCA,ZAMORA,wet-wet,363.94512147091547,294,219,7,0.2659571869451674,363.94512147091547,294,284,8,0.2616680673148636
EXTREMO,GETAFE,dry-dry,438.37559538811104,468,135,8,0.31034034291768814,438.37559538811104,468,468,16,0.12679414307532758
EXTREMO,GETAFE,dry-wet,438.37559538811104,421,83,6,-0.2913312931614859,438.37559538811104,421,390,20,-0.193135229080103
EXTREMO,GETAFE,wet-wet,438.37559538811104,206,82,4,0.03669982659150073,438.37559538811104,206,160,7,0.07368884544330992
EXTREMO,LORCA,dry-dry,751.1837443784797,653,88,6,0.04502707871095719,751.1837443784797,653,653,16,0.06501516974951968
EXTREMO,LORCA,dry-wet,751.1837443784797,681,106,7,0.04457969799678538,751.1837443784797,681,605,19,0.015330470277092868
EXTREMO,LORCA,wet-wet,751.1837443784797,86,27,1,-0.042797648953895366,751.1837443784797,86,71,4,-0.26294549637485165
EXTREMO,MONTSERRAT,dry-dry,855.3162852926539,542,127,6,0.2228032453806223,855.3162852926539,542,542,16,0.19409497034290574
EXTREMO,MONTSERRAT,dry-wet,855.3162852926539,529,157,11,-0.052164403384475616,855.3162852926539,529,493,22,-0.05657412008365558
EXTREMO,MONTSERRAT,wet-wet,855.3162852926539,176,101,5,0.004634007052281842,855.3162852926539,176,158,7,0.042430287676965966
EXTREMO,OURENSE,dry-dry,64.68203519715652,445,232,9,0.4046438050190589,64.68203519715652,445,383,8,0.3548745915480793
EXTREMO,OURENSE,dry-wet,64.68203519715652,321,175,9,-0.3480546227984498,64.68203519715652,321,288,12,-0.2433103631996845
EXTREMO,OURENSE,wet-wet,64.68203519715652,382,193,7,0.2230055877370991,64.68203519715652,382,342,9,0.24431734171687483
EXTREMO,OVIEDO,dry-dry,262.7630837702682,490,195,10,0.2503532508372926,262.7630837702682,490,477,14,0.14828811115667567
EXTREMO,OVIEDO,dry-wet,262.7630837702682,476,212,11,-0.18967534289614937,262.7630837702682,476,433,18,-0.17461806291273163
EXTREMO,OVIEDO,wet-wet,262.7630837702682,401,208,10,0.1286515105325157,262.7630837702682,401,393,13,0.2013048379427817
EXTREMO,PAMPLONA,dry-dry,568.9701886163513,271,74,4,0.11785937303807187,568.9701886163513,271,229,10,0.31959094586954034
EXTREMO,PAMPLONA,dry-wet,568.9701886163513,268,83,6,-0.11646976304936425,568.9701886163513,268,213,13,-0.23604238665660135
EXTREMO,PAMPLONA,wet-wet,568.9701886163513,252,131,7,0.056755156943832555,568.9701886163513,252,217,8,0.09679000125616484
EXTREMO,PONFERRADA,dry-dry,167.89533229819756,442,155,6,0.4230505596995955,167.89533229819756,442,387,9,0.2972846229299725
EXTREMO,PONFERRADA,dry-wet,167.89533229819756,290,132,6,-0.32373370225562165,167.89533229819756,290,237,10,-0.26857816572875554
EXTREMO,PONFERRADA,wet-wet,167.89533229819756,296,135,6,0.23324378018967848,167.89533229819756,296,260,10,0.23625142501776145
EXTREMO,PORTO,dry-dry,82.82891707459974,823,374,13,0.21819331884006038,82.82891707459974,823,767,11,0.17282072069748217
EXTREMO,PORTO,dry-wet,82.82891707459974,515,297,11,-0.13564774930780552,82.82891707459974,515,453,13,-0.16225702334941344
EXTREMO,PORTO,wet-wet,82.82891707459974,471,258,9,0.11746015443680145,82.82891707459974,471,401,10,0.15548238373205753
EXTREMO,SORIA,dry-dry,496.0797158419938,479,185,9,0.4878145932153176,496.0797158419938,479,470,15,0.3619661984023206
EXTREMO,SORIA,dry-wet,496.0797158419938,349,125,8,-0.27178315505155365,496.0797158419938,349,301,14,-0.2887067650792782
EXTREMO,SORIA,wet-wet,496.0797158419938,275,150,7,0.26579988492673373,496.0797158419938,275,256,9,0.22059752810328642
EXTREMO,TARIFA,dry-dry,706.092912792578,450,76,5,0.06594014330777667,706.092912792578,450,398,13,0.2153646933526333
EXTREMO,TARIFA,dry-wet,706.092912792578,421,79,7,-0.24438743527587062,706.092912792578,421,370,19,-0.09448761367047309
EXTREMO,TARIFA,wet-wet,706.092912792578,146,60,4,0.05917602408513904,706.092912792578,146,111,6,0.036428904733850895
EXTREMO,TORREVIEJA,dry-dry,795.3584392799829,845,59,4,0.14862700440394241,795.3584392799829,845,823,15,0.06985349225721915
EXTREMO,TORREVIEJA,dry-wet,795.3584392799829,781,164,11,-0.018312843615487313,795.3584392799829,781,748,21,0.01685839544613483
EXTREMO,TORREVIEJA,wet-wet,795.3584392799829,89,42,2,-0.08280394681049932,795.3584392799829,89,62,3,-0.1676101586775692
EXTREMO,VALENCIA,dry-dry,736.1000516651022,474,86,5,0.2373049657111676,736.1000516651022,474,474,16,0.15937108246592985
EXTREMO,VALENCIA,dry-wet,736.1000516651022,441,75,6,-0.06967077091469351,736.1000516651022,441,375,19,-0.01660661336243212
EXTREMO,VALENCIA,wet-wet,736.1000516651022,116,59,3,0.11653045844576636,736.1000516651022,116,87,4,0.1755384443526318
EXTREMO,VANDELLOS,dry-dry,785.969387395911,652,149,9,0.1625538401764953,785.969387395911,652,652,16,0.12404620275702007
EXTREMO,VANDELLOS,dry-wet,785.969387395911,569,167,12,-0.06598292358209523,785.969387395911,569,545,21,-0.10753209024610311
EXTREMO,VANDELLOS,wet-wet,785.969387395911,145,89,5,-0.022575350220449545,785.969387395911,145,129,6,0.02568387223091149
EXTREMO,VIMIANZO,dry-dry,130.8704831301554,590,274,12,0.2781802506032233,130.8704831301554,590,559,12,0.2150133076520513
EXTREMO,VIMIANZO,dry-wet,130.8704831301554,443,239,13,-0.2009093336551035,130.8704831301554,443,411,17,-0.2555890090764579
EXTREMO,VIMIANZO,wet-wet,130.8704831301554,579,283,10,0.15873016588115094,130.8704831301554,579,556,12,0.1962563395372012
EXTREMO,ZAMORA,dry-dry,232.2182025586913,532,156,7,0.23243698579596872,232.2182025586913,532,521,15,0.23872168932959015
EXTREMO,ZAMORA,dry-wet,232.2182025586913,384,173,11,-0.2593617888728879,232.2182025586913,384,347,16,-0.2821271897756028
EXTREMO,ZAMORA,wet-wet,232.2182025586913,268,126,6,0.12617589196394557,232.2182025586913,268,242,9,0.18346466344892637
GETAFE,LORCA,dry-dry,342.6521266485664,1091,299,16,0.15186059909233435,342.6521266485664,1091,1081,15,0.16064584978539506
GETAFE,LORCA,dry-wet,342.6521266485664,516,210,13,-0.19792050363295347,342.6521266485664,516,475,16,-0.19862509989438418
GETAFE,LORCA,wet-wet,342.6521266485664,149,94,4,0.10569580826195302,342.6521266485664,149,133,5,0.07244503282294108
GETAFE,MONTSERRAT,dry-dry,488.6532105300666,1004,480,20,0.26995484887072446,488.6532105300666,1004,1004,16,0.2564929745548444
GETAFE,MONTSERRAT,dry-wet,488.6532105300666,459,241,13,-0.0966820886557225,488.6532105300666,459,430,17,-0.1328146727221633
GETAFE,MONTSERRAT,wet-wet,488.6532105300666,249,182,6,0.22637418028496983,488.6532105300666,249,231,6,0.2020321841915292
GETAFE,OURENSE,dry-dry,412.4454585493426,715,276,11,0.343222126190444,412.4454585493426,715,715,16,0.2601781065474073
GETAFE,OURENSE,dry-wet,412.4454585493426,432,206,13,-0.24261426486379956,412.4454585493426,432,410,18,-0.24755591011113545
GETAFE,OURENSE,wet-wet,412.4454585493426,299,182,7,0.2963944385036767,412.4454585493426,299,272,8,0.2509556347011599
GETAFE,OVIEDO,dry-dry,383.52033088822407,655,311,15,0.27759873456868345,383.52033088822407,655,637,12,0.22945102242674514
GETAFE,OVIEDO,dry-wet,383.52033088822407,578,321,17,-0.23605509651543244,383.52033088822407,578,544,18,-0.23413988764842902
GETAFE,OVIEDO,wet-wet,383.52033088822407,352,233,8,0.1763305853575109,383.52033088822407,352,337,9,0.15146474782273492
GETAFE,PAMPLONA,dry-dry,329.36051686188137,711,300,12,0.37840219752607834,329.36051686188137,711,700,14,0.3750395010597742
GETAFE,PAMPLONA,dry-wet,329.36051686188137,489,253,14,-0.08865031457683524,329.36051686188137,489,441,17,-0.09375732608432977
GETAFE,PAMPLONA,wet-wet,329.36051686188137,300,244,9,0.28231644671517075,329.36051686188137,300,282,7,0.253824468292612
GETAFE,PONFERRADA,dry-dry,347.7878302875474,728,323,14,0.33040419650091035,347.7878302875474,728,689,14,0.35354626960860197
GETAFE,PONFERRADA,dry-wet,347.7878302875474,374,192,13,-0.23517884294276303,347.7878302875474,374,324,15,-0.3037670762373075
GETAFE,PONFERRADA,wet-wet,347.7878302875474,302,208,7,0.24513986811696514,347.7878302875474,302,281,7,0.2594322966972279
GETAFE,PORTO,dry-dry,430.07989294675906,826,319,16,0.2778374868394645,430.07989294675906,826,826,16,0.21829821644631756
GETAFE,PORTO,dry-wet,430.07989294675906,500,181,11,-0.1893935030498807,430.07989294675906,500,467,21,-0.14962566709806419
GETAFE,PORTO,wet-wet,430.07989294675906,283,170,6,0.2809825910905437,430.07989294675906,283,257,7,0.25823696042366895
GETAFE,SORIA,dry-dry,194.23062427293388,789,453,14,0.5601352711465318,194.23062427293388,789,769,13,0.5276688832714169
GETAFE,SORIA,dry-wet,194.23062427293388,271,101,7,-0.47612935276051693,194.23062427293388,271,219,11,-0.45687022880724776
GETAFE,SORIA,wet-wet,194.23062427293388,390,309,9,0.5248750516315857,194.23062427293388,390,371,7,0.5306123509084474
GETAFE,TARIFA,dry-dry,503.93440625424194,800,366,15,0.4744262207662426,503.93440625424194,800,777,13,0.4932876956568995
GETAFE,TARIFA,dry-wet,503.93440625424194,276,98,7,-0.30982513411110846,503.93440625424194,276,210,12,-0.3109411788089923
GETAFE,TARIFA,wet-wet,503.93440625424194,280,190,6,0.3936892198174316,503.93440625424194,280,258,7,0.3774210763899828
GETAFE,TORREVIEJA,dry-dry,366.1941513723087,998,215,11,0.18942668681025274,366.1941513723087,998,918,12,0.20183147007581076
GETAFE,TORREVIEJA,dry-wet,366.1941513723087,427,139,9,-0.24836239562101373,366.1941513723087,427,402,16,-0.1507647143191283
GETAFE,TORREVIEJA,wet-wet,366.1941513723087,109,74,3,-0.09467777928543505,366.1941513723087,109,84,3,-0.02189867857685152
GETAFE,VALENCIA,dry-dry,300.38725558016614,828,320,14,0.3284097678794842,300.38725558016614,828,814,15,0.35555472779478986
GETAFE,VALENCIA,dry-wet,300.38725558016614,328,139,9,-0.4016791232175979,300.38725558016614,328,311,16,-0.3456233380708442
GETAFE,VALENCIA,wet-wet,300.38725558016614,205,141,5,0.3096146276319347,300.38725558016614,205,193,6,0.28137478005893385
GETAFE,VANDELLOS,dry-dry,394.4493920266504,936,342,15,0.37292061929635284,394.4493920266504,936,924,15,0.3290826367334504
GETAFE,VANDELLOS,dry-wet,394.4493920266504,378,152,8,-0.24277863967144234,394.4493920266504,378,344,16,-0.227549016275409
GETAFE,VANDELLOS,wet-wet,394.4493920266504,186,128,4,0.2084167685065539,394.4493920266504,186,176,5,0.1089412355449185
GETAFE,VIMIANZO,dry-dry,537.9982813583713,809,317,16,0.1093754294109732,537.9982813583713,809,799,15,0.1677832558056538
GETAFE,VIMIANZO,dry-wet,537.9982813583713,781,344,20,-0.165499456327705,537.9982813583713,781,770,24,-0.17980209657782908
GETAFE,VIMIANZO,wet-wet,537.9982813583713,419,236,10,0.1196085888206161,537.9982813583713,419,386,10,0.10038553212811965
GETAFE,ZAMORA,dry-dry,216.6030790562176,1070,540,17,0.5415842748744483,216.6030790562176,1070,1055,15,0.5450432357074858
GETAFE,ZAMORA,dry-wet,216.6030790562176,321,169,11,-0.42833069417744746,216.6030790562176,321,280,13,-0.4425067080188676
GETAFE,ZAMORA,wet-wet,216.6030790562176,372,287,8,0.4025439751755154,216.6030790562176,372,366,9,0.4042540426053089
LORCA,MONTSERRAT,dry-dry,531.9731725143124,1444,453,22,0.2558360734909649,531.9731725143124,1444,1444,16,0.22689326054895592
LORCA,MONTSERRAT,dry-wet,531.9731725143124,553,254,15,-0.256590521499141,531.9731725143124,553,503,15,-0.23893945551549595
LORCA,MONTSERRAT,wet-wet,531.9731725143124,187,130,4,0.42702036760443773,531.9731725143124,187,163,4,0.37991472803434906
LORCA,OURENSE,dry-dry,738.7044514897925,792,167,11,-0.014503707539165347,738.7044514897925,792,792,16,-0.02815868740870851
LORCA,OURENSE,dry-wet,738.7044514897925,837,357,23,0.09162104304686935,738.7044514897925,837,823,23,0.03249145418242278
LORCA,OURENSE,wet-wet,738.7044514897925,118,57,3,0.1634349030470914,738.7044514897925,118,97,5,-0.06648281685845461
LORCA,OVIEDO,dry-dry,725.6043641308303,858,206,10,0.197340648831848,725.6043641308303,858,841,14,0.11291102000463042
LORCA,OVIEDO,dry-wet,725.6043641308303,962,445,26,-0.036700045509730966,725.6043641308303,962,928,19,-0.045177171246096
LORCA,OVIEDO,wet-wet,725.6043641308303,174,112,5,0.0011017159587358874,725.6043641308303,174,152,5,-0.0038704093513279012
LORCA,PAMPLONA,dry-dry,574.15223025708,972,256,14,0.1261033389773729,574.15223025708,972,972,16,0.08742775283395952
LORCA,PAMPLONA,dry-wet,574.15223025708,725,257,13,-0.13365390852747835,574.15223025708,725,702,18,-0.08054431470890101
LORCA,PAMPLONA,wet-wet,574.15223025708,142,92,4,0.03613253156142378,574.15223025708,142,126,5,0.09202857722040499
LORCA,PONFERRADA,dry-dry,687.1777861882695,849,175,11,0.08250955593879748,687.1777861882695,849,801,15,0.04139165483924596
LORCA,PONFERRADA,dry-wet,687.1777861882695,729,243,15,0.09529124094044072,687.1777861882695,729,682,19,0.056946012791356415
LORCA,PONFERRADA,wet-wet,687.1777861882695,96,45,2,0.051904841414293974,687.1777861882695,96,85,5,-0.09760803182448533
LORCA,PORTO,dry-dry,719.8418893182059,1029,274,18,0.0013388446987254818,719.8418893182059,1029,1029,16,-0.0006497297359300145
LORCA,PORTO,dry-wet,719.8418893182059,858,280,16,0.13835474377487195,719.8418893182059,858,827,21,0.09597091403275004
LORCA,PORTO,wet-wet,719.8418893182059,97,60,4,0.08377657661098706,719.8418893182059,97,90,5,-0.0216675006901885
LORCA,SORIA,dry-dry,463.21138692365764,930,239,13,0.13045118370199618,463.21138692365764,930,921,15,0.04883159406506467
LORCA,SORIA,dry-wet,463.21138692365764,698,280,17,-0.0830458610342553,463.21138692365764,698,667,18,-0.0809441809634802
LORCA,SORIA,wet-wet,463.21138692365764,149,98,4,0.24079585597575243,463.21138692365764,149,131,5,0.14452870482713287
LORCA,TARIFA,dry-dry,393.000828128321,1228,257,11,0.18103585746559117,393.000828128321,1228,1228,16,0.19394000425565455
LORCA,TARIFA,dry-wet,393.000828128321,405,154,12,-0.266824500240283,393.000828128321,405,369,15,-0.2510564589272708
LORCA,TARIFA,wet-wet,393.000828128321,157,110,4,0.30193430758012996,393.000828128321,157,122,3,0.31717636509659247
LORCA,TORREVIEJA,dry-dry,92.9629128265286,1603,621,21,0.47841788541723235,92.9629128265286,1603,1567,14,0.4900755967756315
LORCA,TORREVIEJA,dry-wet,92.9629128265286,219,49,4,-0.6275685685730924,92.9629128265286,219,173,8,-0.6292657597813497
LORCA,TORREVIEJA,wet-wet,92.9629128265286,179,164,5,0.570417918094863,92.9629128265286,179,173,4,0.5724619297089075
LORCA,VALENCIA,dry-dry,233.25734632832993,1314,500,21,0.34682857290291746,233.25734632832993,1314,1314,16,0.3264476895134522
LORCA,VALENCIA,dry-wet,233.25734632832993,351,138,9,-0.2903599674452784,233.25734632832993,351,314,12,-0.3192876951068117
LORCA,VALENCIA,wet-wet,233.25734632832993,185,137,4,0.4383942945329113,233.25734632832993,185,167,4,0.3661297492247574
LORCA,VANDELLOS,dry-dry,428.19478759397066,1370,335,19,0.1955072304954524,428.19478759397066,1370,1370,16,0.21338435231136013
LORCA,VANDELLOS,dry-wet,428.19478759397066,443,152,9,0.04542259406990858,428.19478759397066,443,417,14,-0.0956508344152197
LORCA,VANDELLOS,wet-wet,428.19478759397066,118,74,2,0.2769678936937739,428.19478759397066,118,109,4,0.18919985185375088
LORCA,VIMIANZO,dry-dry,865.2869295532565,1046,267,17,-0.026531716506548498,865.2869295532565,1046,1046,16,-0.02381130501756627
LORCA,VIMIANZO,dry-wet,865.2869295532565,1356,434,25,0.19275875068647438,865.2869295532565,1356,1337,23,0.07201831602704874
LORCA,VIMIANZO,wet-wet,865.2869295532565,172,82,4,0.02927388852601769,865.2869295532565,172,152,6,-0.0786466366065534
LORCA,ZAMORA,dry-dry,551.8402907324325,1297,330,18,0.07904531326097158,551.8402907324325,1297,1297,16,0.046408730773059945
LORCA,ZAMORA,dry-wet,551.8402907324325,731,299,16,-0.12529206301950194,551.8402907324325,731,709,20,-0.09253170650351818
LORCA,ZAMORA,wet-wet,551.8402907324325,136,90,4,-0.10827836139008694,551.8402907324325,136,120,5,-0.17549711651456285
MONTSERRAT,OURENSE,dry-dry,805.6077124931321,774,267,11,-0.014750081353883372,805.6077124931321,774,774,16,0.07348711768485056
MONTSERRAT,OURENSE,dry-wet,805.6077124931321,697,390,21,-0.023398154269086684,805.6077124931321,697,655,19,-0.048634285466359395
MONTSERRAT,OURENSE,wet-wet,805.6077124931321,242,148,5,-0.10349539603357329,805.6077124931321,242,220,7,-0.052874003263911666
MONTSERRAT,OVIEDO,dry-dry,661.86942974353,852,412,17,0.20170839901117904,661.86942974353,852,793,13,0.14770172051654962
MONTSERRAT,OVIEDO,dry-wet,661.86942974353,736,469,23,-0.1609175237274721,661.86942974353,736,670,15,-0.14059604344108498
MONTSERRAT,OVIEDO,wet-wet,661.86942974353,337,237,8,0.13252272279302368,661.86942974353,337,314,7,0.15842100963943914
MONTSERRAT,PAMPLONA,dry-dry,317.04551951128434,932,454,18,0.24341132666190754,317.04551951128434,932,923,15,0.30178012660360315
MONTSERRAT,PAMPLONA,dry-wet,317.04551951128434,547,320,18,-0.21710059946576182,317.04551951128434,547,499,16,-0.17958026430960838
MONTSERRAT,PAMPLONA,wet-wet,317.04551951128434,318,247,8,0.30244434647400303,317.04551951128434,318,306,7,0.27568205064293877
MONTSERRAT,PONFERRADA,dry-dry,704.4850567179411,802,341,16,0.07272523161806889,704.4850567179411,802,802,16,0.11104085461864975
MONTSERRAT,PONFERRADA,dry-wet,704.4850567179411,625,321,16,-0.0383166370608134,704.4850567179411,625,586,19,-0.0035139115245007625
MONTSERRAT,PONFERRADA,wet-wet,704.4850567179411,215,149,7,-0.0031786897816090186,704.4850567179411,215,194,6,0.0027992602454130254
MONTSERRAT,PORTO,dry-dry,877.5041047929506,916,293,14,0.06959929416011403,877.5041047929506,916,916,16,0.07732102522330117
MONTSERRAT,PORTO,dry-wet,877.5041047929506,733,357,19,0.09681127961752113,877.5041047929506,733,697,21,0.030473607035337403
MONTSERRAT,PORTO,wet-wet,877.5041047929506,203,141,6,-0.07407307835817274,877.5041047929506,203,180,6,-0.03636054630221766
MONTSERRAT,SORIA,dry-dry,359.45237758100865,903,483,19,0.2368384786033411,359.45237758100865,903,894,15,0.31192366234034924
MONTSERRAT,SORIA,dry-wet,359.45237758100865,516,307,16,-0.30881484803566833,359.45237758100865,516,475,16,-0.2632083407322603
MONTSERRAT,SORIA,wet-wet,359.45237758100865,316,237,7,0.19328316338043916,359.45237758100865,316,289,6,0.20186604570976505
MONTSERRAT,TARIFA,dry-dry,894.0073536859612,1007,350,16,0.22645051044923714,894.0073536859612,1007,1007,16,0.18905348159259247
MONTSERRAT,TARIFA,dry-wet,894.0073536859612,473,207,12,-0.19200624211603814,894.0073536859612,473,446,17,-0.250205541871316
MONTSERRAT,TARIFA,wet-wet,894.0073536859612,209,145,5,0.09559404806837488,894.0073536859612,209,180,5,0.10086709439461782
MONTSERRAT,TORREVIEJA,dry-dry,457.3761585560558,1218,313,15,0.20404858657968564,457.3761585560558,1218,1163,12,0.23033606669501053
MONTSERRAT,TORREVIEJA,dry-wet,457.3761585560558,421,164,10,-0.25843428294612786,457.3761585560558,421,373,13,-0.2328308511611355
MONTSERRAT,TORREVIEJA,wet-wet,457.3761585560558,122,74,2,0.1324277295552563,457.3761585560558,122,112,4,0.16922701340157356
MONTSERRAT,VALENCIA,dry-dry,299.9337136524067,1105,491,18,0.33264407697578924,299.9337136524067,1105,1090,15,0.3469155412324699
MONTSERRAT,VALENCIA,dry-wet,299.9337136524067,391,205,11,-0.26648811148777685,299.9337136524067,391,350,14,-0.2460991782332137
MONTSERRAT,VALENCIA,wet-wet,299.9337136524067,253,200,5,0.4445047501820878,299.9337136524067,253,228,4,0.4186578325425396
MONTSERRAT,VANDELLOS,dry-dry,107.44072374644497,1207,645,20,0.5014237109448886,107.44072374644497,1207,1176,13,0.5094091283719246
MONTSERRAT,VANDELLOS,dry-wet,107.44072374644497,293,158,10,-0.5002583915245246,107.44072374644497,293,265,11,-0.5235950598925584
MONTSERRAT,VANDELLOS,wet-wet,107.44072374644497,264,212,4,0.4449952561558251,107.44072374644497,264,243,4,0.4299080866317369
MONTSERRAT,VIMIANZO,dry-dry,908.9071491485759,948,414,20,0.0013413070094770013,908.9071491485759,948,948,16,0.07926413374442542
MONTSERRAT,VIMIANZO,dry-wet,908.9071491485759,1117,623,30,0.014023213321175794,908.9071491485759,1117,1101,24,0.015083058879844643
MONTSERRAT,VIMIANZO,wet-wet,908.9071491485759,392,271,11,-0.00736400179470214,908.9071491485759,392,359,8,-0.010594067290653441
MONTSERRAT,ZAMORA,dry-dry,630.124864241534,1151,488,20,0.22824431202427675,630.124864241534,1151,1115,15,0.13297195164952147
MONTSERRAT,ZAMORA,dry-wet,630.124864241534,668,336,14,-0.08201479653041038,630.124864241534,668,632,18,-0.07179895356084987
MONTSERRAT,ZAMORA,wet-wet,630.124864241534,236,171,6,0.12567950350651083,630.124864241534,236,213,6,0.08335095434129589
OURENSE,OVIEDO,dry-dry,198.1392317490295,626,352,12,0.5426734939974098,198.1392317490295,626,607,13,0.4887871864513704
OURENSE,OVIEDO,dry-wet,198.1392317490295,409,227,13,-0.4179680056122232,198.1392317490295,409,359,15,-0.4341273411504718
OURENSE,OVIEDO,wet-wet,198.1392317490295,564,381,11,0.33954338516665716,198.1392317490295,564,536,11,0.2986415150646982
OURENSE,PAMPLONA,dry-dry,512.2711108548466,624,280,10,0.32861256591459614,512.2711108548466,624,604,13,0.3399824683741806
OURENSE,PAMPLONA,dry-wet,512.2711108548466,464,234,12,-0.28356857480280667,512.2711108548466,464,414,18,-0.20640737632404016
OURENSE,PAMPLONA,wet-wet,512.2711108548466,403,290,11,0.20577011467759626,512.2711108548466,403,399,11,0.15479661420281118
OURENSE,PONFERRADA,dry-dry,106.6932085028858,756,459,11,0.6846366752855153,106.6932085028858,756,711,9,0.673716605763205
OURENSE,PONFERRADA,dry-wet,106.6932085028858,214,86,7,-0.638026569189755,106.6932085028858,214,156,9,-0.6311613570340772
OURENSE,PONFERRADA,wet-wet,106.6932085028858,513,337,9,0.6130255990750664,106.6932085028858,513,494,11,0.590773219304923
OURENSE,PORTO,dry-dry,139.29882883035052,839,565,16,0.6822866953362788,139.29882883035052,839,831,13,0.6615337763037331
OURENSE,PORTO,dry-wet,139.29882883035052,273,127,8,-0.49564735508807284,139.29882883035052,273,218,11,-0.545230752383802
OURENSE,PORTO,wet-wet,139.29882883035052,570,378,9,0.5172510089912705,139.29882883035052,570,543,11,0.532833816830464
OURENSE,SORIA,dry-dry,448.04142990230656,608,345,14,0.36671215531704116,448.04142990230656,608,590,13,0.4281853485410054
OURENSE,SORIA,dry-wet,448.04142990230656,387,194,9,-0.3219189699405718,448.04142990230656,387,329,13,-0.24662342843216675
OURENSE,SORIA,wet-wet,448.04142990230656,400,268,9,0.23642844206351388,448.04142990230656,400,371,9,0.22333457882612598
OURENSE,TARIFA,dry-dry,728.2696456458681,609,157,8,0.2699135590368813,728.2696456458681,609,591,14,0.21223923459006824
OURENSE,TARIFA,dry-wet,728.2696456458681,494,185,12,-0.2475664013371408,728.2696456458681,494,412,16,-0.20910915749211373
OURENSE,TARIFA,wet-wet,728.2696456458681,239,140,7,0.09338865689743102,728.2696456458681,239,207,7,0.11453631842305498
OURENSE,TORREVIEJA,dry-dry,776.0168458727076,761,107,7,-0.014309583218800395,776.0168458727076,761,646,12,0.023691273972432543
OURENSE,TORREVIEJA,dry-wet,776.0168458727076,713,242,15,0.031197237597633314,776.0168458727076,713,650,19,0.004720101506906925
OURENSE,TORREVIEJA,wet-wet,776.0168458727076,89,47,3,0.05954252249098638,776.0168458727076,89,63,3,-0.053058540444985765
OURENSE,VALENCIA,dry-dry,704.3620695761358,686,188,9,0.09241947170471812,704.3620695761358,686,686,16,0.11453118798495328
OURENSE,VALENCIA,dry-wet,704.3620695761358,584,222,12,0.011941196080994278,704.3620695761358,584,546,20,0.0029913421843226168
OURENSE,VALENCIA,wet-wet,704.3620695761358,162,89,4,0.07671820428010803,704.3620695761358,162,143,6,-0.006455029285422649
OURENSE,VANDELLOS,dry-dry,740.909536391108,699,192,10,0.18469150944297655,740.909536391108,699,687,15,0.13457170479267277
OURENSE,VANDELLOS,dry-wet,740.909536391108,585,255,14,-0.16081649158316327,740.909536391108,585,548,19,-0.09977963563267025
OURENSE,VANDELLOS,wet-wet,740.909536391108,168,99,4,0.05128206970498012,740.909536391108,168,139,5,-0.017790483795460596
OURENSE,VIMIANZO,dry-dry,126.663815929313,854,541,19,0.46931754843735657,126.663815929313,854,842,14,0.5299250757451438
OURENSE,VIMIANZO,dry-wet,126.663815929313,432,217,12,-0.5124541001105789,126.663815929313,432,391,16,-0.4895157140644793
OURENSE,VIMIANZO,wet-wet,126.663815929313,778,522,15,0.4800737068098345,126.663815929313,778,761,12,0.3909610583670853
OURENSE,ZAMORA,dry-dry,197.46051121987787,846,416,14,0.5369557583442023,197.46051121987787,846,803,12,0.43611445592686565
OURENSE,ZAMORA,dry-wet,197.46051121987787,401,217,12,-0.28653884641813393,197.46051121987787,401,379,16,-0.3763704942233761
OURENSE,ZAMORA,wet-wet,197.46051121987787,455,309,9,0.3943296347572873,197.46051121987787,455,421,9,0.37828066619233297
OVIEDO,PAMPLONA,dry-dry,349.0842283939773,705,442,15,0.4495738977777485,349.0842283939773,705,681,12,0.44649817852461426
OVIEDO,PAMPLONA,dry-wet,349.0842283939773,439,251,11,-0.3725815474362516,349.0842283939773,439,395,13,-0.39033026374210356
OVIEDO,PAMPLONA,wet-wet,349.0842283939773,557,418,12,0.4123880514516655,349.0842283939773,557,536,9,0.37867768585885075
OVIEDO,PONFERRADA,dry-dry,105.7779788780367,704,432,15,0.5898518425658064,105.7779788780367,704,667,11,0.57209413159636
OVIEDO,PONFERRADA,dry-wet,105.7779788780367,395,170,10,-0.44289803898632113,105.7779788780367,395,361,16,-0.3579678765987509
OVIEDO,PONFERRADA,wet-wet,105.7779788780367,495,343,11,0.2870368513185477,105.7779788780367,495,468,10,0.3253487541442227
OVIEDO,PORTO,dry-dry,329.9069465626056,766,380,15,0.37228491175517237,329.9069465626056,766,745,13,0.3612035949115301
OVIEDO,PORTO,dry-wet,329.9069465626056,638,349,17,-0.24016020608455535,329.9069465626056,638,591,19,-0.20050251802453203
OVIEDO,PORTO,wet-wet,329.9069465626056,493,336,13,0.14739346778704004,329.9069465626056,493,461,11,0.15151148459104752
OVIEDO,SORIA,dry-dry,328.47142618303815,677,396,15,0.4215628036094791,328.47142618303815,677,663,14,0.44408411262110237
OVIEDO,SORIA,dry-wet,328.47142618303815,454,278,14,-0.32974451103384084,328.47142618303815,454,398,14,-0.3455754330822718
OVIEDO,SORIA,wet-wet,328.47142618303815,497,327,9,0.2775063226211631,328.47142618303815,497,458,9,0.3295083345503689
OVIEDO,TARIFA,dry-dry,816.4177169560978,649,239,11,0.1919840481847602,816.4177169560978,649,634,13,0.10684960246828144
OVIEDO,TARIFA,dry-wet,816.4177169560978,662,271,16,-0.13554779419830804,816.4177169560978,662,618,19,-0.09509442718343349
OVIEDO,TARIFA,wet-wet,816.4177169560978,269,182,9,0.1905352133325728,816.4177169560978,269,256,9,0.1777331505667831
OVIEDO,TORREVIEJA,dry-dry,739.2844742188854,807,192,11,0.07233154753834857,739.2844742188854,807,698,11,0.06925362443623635
OVIEDO,TORREVIEJA,dry-wet,739.2844742188854,842,336,21,-0.045205473164596194,739.2844742188854,842,792,17,-0.09228188049352473
OVIEDO,TORREVIEJA,wet-wet,739.2844742188854,130,83,4,-0.037118993943846636,739.2844742188854,130,109,4,-0.07638655797269686
OVIEDO,VALENCIA,dry-dry,629.29788286108,690,272,12,-0.02549101107661206,629.29788286108,690,683,15,0.03541522248035595
OVIEDO,VALENCIA,dry-wet,629.29788286108,665,328,17,-0.12233195670144421,629.29788286108,665,606,18,-0.11039990818453513
OVIEDO,VALENCIA,wet-wet,629.29788286108,206,131,6,-0.06583668268881197,629.29788286108,206,192,6,-0.022002092119255006
OVIEDO,VANDELLOS,dry-dry,616.2749053789473,759,252,11,0.1856089829547681,616.2749053789473,759,750,13,0.2112169454380048
OVIEDO,VANDELLOS,dry-wet,616.2749053789473,682,369,20,-0.1371087954162468,616.2749053789473,682,649,16,-0.17819879393047364
OVIEDO,VANDELLOS,wet-wet,616.2749053789473,260,177,6,0.16670440514862755,616.2749053789473,260,242,6,0.19701147098702218
OVIEDO,VIMIANZO,dry-dry,259.2087761058383,823,515,17,0.5061597629259873,259.2087761058383,823,796,13,0.47443681027776896
OVIEDO,VIMIANZO,dry-wet,259.2087761058383,650,363,17,-0.31106768238338406,259.2087761058383,650,617,20,-0.28788471064646265
OVIEDO,VIMIANZO,wet-wet,259.2087761058383,872,611,20,0.3227991455372687,259.2087761058383,872,861,13,0.2899832318852415
OVIEDO,ZAMORA,dry-dry,204.63855112905523,832,426,17,0.4327783008022543,204.63855112905523,832,806,12,0.381360044242915
OVIEDO,ZAMORA,dry-wet,204.63855112905523,615,332,17,-0.32273208820986676,204.63855112905523,615,584,18,-0.32837866658558723
OVIEDO,ZAMORA,wet-wet,204.63855112905523,457,333,11,0.221043568541585,204.63855112905523,457,445,10,0.2145166965540557
PAMPLONA,PONFERRADA,dry-dry,406.46655924264945,716,315,12,0.3292382228710393,406.46655924264945,716,709,14,0.2757684561041065
PAMPLONA,PONFERRADA,dry-wet,406.46655924264945,458,230,12,-0.26090094980702083,406.46655924264945,458,415,17,-0.2433876156936792
PAMPLONA,PONFERRADA,wet-wet,406.46655924264945,348,249,10,0.2484943032025716,406.46655924264945,348,323,8,0.20911172205636186
PAMPLONA,PORTO,dry-dry,607.5222615218898,623,274,13,0.1006265948515075,607.5222615218898,623,615,14,0.14586595690426507
PAMPLONA,PORTO,dry-wet,607.5222615218898,550,292,16,-0.09349268738983892,607.5222615218898,550,503,19,-0.048746506432058
PAMPLONA,PORTO,wet-wet,607.5222615218898,327,222,10,0.19682516894690122,607.5222615218898,327,317,10,0.12903107035921005
PAMPLONA,SORIA,dry-dry,135.18321493711682,717,424,13,0.5278419413856911,135.18321493711682,717,698,13,0.5298149674483953
PAMPLONA,SORIA,dry-wet,135.18321493711682,349,189,10,-0.4723237280836186,135.18321493711682,349,295,13,-0.40272399075223847
PAMPLONA,SORIA,wet-wet,135.18321493711682,434,330,9,0.4273866124208547,135.18321493711682,434,424,9,0.4029061634354439
PAMPLONA,TARIFA,dry-dry,829.2910260139029,711,228,12,0.1886616810255963,829.2910260139029,711,702,15,0.14253313472565915
PAMPLONA,TARIFA,dry-wet,829.2910260139029,529,218,12,-0.16391439625161824,829.2910260139029,529,499,19,-0.1671866505143188
PAMPLONA,TARIFA,wet-wet,829.2910260139029,228,173,8,0.18834918895922967,829.2910260139029,228,202,6,0.1690451999636136
PAMPLONA,TORREVIEJA,dry-dry,543.9662574703891,732,172,11,0.2873635935099704,543.9662574703891,732,685,12,0.13496487153887343
PAMPLONA,TORREVIEJA,dry-wet,543.9662574703891,573,178,11,-0.03463689806787597,543.9662574703891,573,509,14,-0.06710733176712062
PAMPLONA,TORREVIEJA,wet-wet,543.9662574703891,97,70,3,0.025818282296628477,543.9662574703891,97,79,3,-0.010736000464352186
PAMPLONA,VALENCIA,dry-dry,386.0425260268582,790,291,14,0.24885936492597174,386.0425260268582,790,768,15,0.2197902874889316
PAMPLONA,VALENCIA,dry-wet,386.0425260268582,536,260,15,-0.22902010677877835,386.0425260268582,536,508,18,-0.1778947364237473
PAMPLONA,VALENCIA,wet-wet,386.0425260268582,203,164,7,0.06995897854843637,386.0425260268582,203,184,5,0.03949161187268478
PAMPLONA,VANDELLOS,dry-dry,293.08502405862976,804,325,14,0.34148307153984925,293.08502405862976,804,804,16,0.33602470835732984
PAMPLONA,VANDELLOS,dry-wet,293.08502405862976,504,229,13,-0.23013064149712642,293.08502405862976,504,470,16,-0.22816138800589653
PAMPLONA,VANDELLOS,wet-wet,293.08502405862976,223,173,5,0.24420546399977075,293.08502405862976,223,207,5,0.21289999902777357
PAMPLONA,VIMIANZO,dry-dry,603.493403223551,782,420,18,0.14154601292110264,603.493403223551,782,751,14,0.1653101069103274
PAMPLONA,VIMIANZO,dry-wet,603.493403223551,719,386,20,-0.19560298856058494,603.493403223551,719,696,22,-0.1862510944535337
PAMPLONA,VIMIANZO,wet-wet,603.493403223551,620,426,18,0.2816887493993939,603.493403223551,620,608,11,0.18879807584561784
PAMPLONA,ZAMORA,dry-dry,367.3654725601395,928,471,19,0.3628243906140495,367.3654725601395,928,900,12,0.32808764897528747
PAMPLONA,ZAMORA,dry-wet,367.3654725601395,596,304,16,-0.19257357384731708,367.3654725601395,596,541,17,-0.1669669731570017
PAMPLONA,ZAMORA,wet-wet,367.3654725601395,358,275,9,0.3015823922650286,367.3654725601395,358,341,8,0.23010663047446542
PONFERRADA,PORTO,dry-dry,227.03305237919082,853,409,12,0.6170259575623023,227.03305237919082,853,838,14,0.5502457219058761
PONFERRADA,PORTO,dry-wet,227.03305237919082,284,125,8,-0.5424677618753382,227.03305237919082,284,240,13,-0.4784710716787694
PONFERRADA,PORTO,wet-wet,227.03305237919082,465,326,9,0.4751786201234062,227.03305237919082,465,450,11,0.5056491158901587
PONFERRADA,SORIA,dry-dry,350.40778284497753,633,390,14,0.4603081150317262,350.40778284497753,633,621,13,0.4100604094297804
PONFERRADA,SORIA,dry-wet,350.40778284497753,345,170,9,-0.46594833859972473,350.40778284497753,345,283,12,-0.43895654037743825
PONFERRADA,SORIA,wet-wet,350.40778284497753,403,266,8,0.3561998919300449,350.40778284497753,403,383,9,0.3560329905462358
PONFERRADA,TARIFA,dry-dry,733.389308612728,674,200,10,0.14331689693825359,733.389308612728,674,663,15,0.12542505354993302
PONFERRADA,TARIFA,dry-wet,733.389308612728,475,176,11,-0.11366300314699164,733.389308612728,475,433,18,-0.19128366994551618
PONFERRADA,TARIFA,wet-wet,733.389308612728,219,130,6,0.09045363285558486,733.389308612728,219,195,7,0.08134162683823445
PONFERRADA,TORREVIEJA,dry-dry,713.6574189462601,768,94,6,0.17823336903414674,713.6574189462601,768,679,12,0.020664452824133834
PONFERRADA,TORREVIEJA,dry-wet,713.6574189462601,616,199,13,0.10088082848186657,713.6574189462601,616,575,17,-0.007352436100818408
PONFERRADA,TORREVIEJA,wet-wet,713.6574189462601,75,40,2,-0.2878882804721825,713.6574189462601,75,59,3,-0.3170921851999322
PONFERRADA,VALENCIA,dry-dry,625.051834320131,697,166,9,0.16165528215403466,625.051834320131,697,680,15,0.11605780705364484
PONFERRADA,VALENCIA,dry-wet,625.051834320131,525,171,9,0.040604524961490016,625.051834320131,525,484,19,0.028624206729019115
PONFERRADA,VALENCIA,wet-wet,625.051834320131,159,102,5,-0.2499951609811046,625.051834320131,159,148,6,-0.15693237360215992
PONFERRADA,VANDELLOS,dry-dry,644.6636540795565,737,178,8,0.158958197376549,644.6636540795565,737,721,15,0.17635258487208536
PONFERRADA,VANDELLOS,dry-wet,644.6636540795565,518,209,12,0.06579098647661605,644.6636540795565,518,488,18,-0.07336394617329185
PONFERRADA,VANDELLOS,wet-wet,644.6636540795565,158,95,4,0.12531360711852563,644.6636540795565,158,137,5,0.06587736146433769
PONFERRADA,VIMIANZO,dry-dry,206.98289332004413,834,439,15,0.45487604140185944,206.98289332004413,834,814,13,0.4046712882998355
PONFERRADA,VIMIANZO,dry-wet,206.98289332004413,489,227,13,-0.44696917317393614,206.98289332004413,489,447,16,-0.42596968355975195
PONFERRADA,VIMIANZO,wet-wet,206.98289332004413,652,417,15,0.412112046249958,206.98289332004413,652,641,12,0.38676565728977796
PONFERRADA,ZAMORA,dry-dry,136.70197868466016,932,540,18,0.5860497808333629,136.70197868466016,932,921,14,0.5260122622003427
PONFERRADA,ZAMORA,dry-wet,136.70197868466016,318,171,10,-0.5426934683142871,136.70197868466016,318,267,12,-0.4814054096283942
PONFERRADA,ZAMORA,wet-wet,136.70197868466016,440,319,9,0.40080912814577696,136.70197868466016,440,412,8,0.4206056103958259
PORTO,SORIA,dry-dry,519.3726033462698,796,357,15,0.2262646050453127,519.3726033462698,796,789,15,0.19099595110887305
PORTO,SORIA,dry-wet,519.3726033462698,491,244,12,-0.24474267759320265,519.3726033462698,491,456,18,-0.18810167155808644
PORTO,SORIA,wet-wet,519.3726033462698,369,246,8,0.32692154856591976,519.3726033462698,369,328,7,0.297329972960433
PORTO,TARIFA,dry-dry,638.7996392399266,823,187,9,0.1824357741787155,638.7996392399266,823,757,14,0.14331777090743986
PORTO,TARIFA,dry-wet,638.7996392399266,540,168,9,-0.1305945335836542,638.7996392399266,540,477,19,-0.10107281961136827
PORTO,TARIFA,wet-wet,638.7996392399266,208,127,6,0.0547659568252901,638.7996392399266,208,190,7,0.022110151989399637
PORTO,TORREVIEJA,dry-dry,772.2164504147961,1327,326,21,-0.029384282156898946,772.2164504147961,1327,1304,15,-0.01964718566091
PORTO,TORREVIEJA,dry-wet,772.2164504147961,980,380,21,0.09893245108742875,772.2164504147961,980,881,18,0.062051949903724264
PORTO,TORREVIEJA,wet-wet,772.2164504147961,96,56,3,-0.1589504186399537,772.2164504147961,96,81,4,-0.23784302933363713
PORTO,VALENCIA,dry-dry,730.4403037146251,798,187,10,0.002266958189317845,730.4403037146251,798,798,16,0.04935947810106104
PORTO,VALENCIA,dry-wet,730.4403037146251,647,232,12,0.03265976423841798,730.4403037146251,647,622,22,0.0780269596073293
PORTO,VALENCIA,wet-wet,730.4403037146251,130,80,4,-0.2196297085714407,730.4403037146251,130,117,5,-0.24253976321333118
PORTO,VANDELLOS,dry-dry,800.4796892617657,970,263,15,-0.03994333327782068,800.4796892617657,970,970,16,0.06440495416101738
PORTO,VANDELLOS,dry-wet,800.4796892617657,689,313,17,0.021843066148257158,800.4796892617657,689,669,22,0.0034953739717522403
PORTO,VANDELLOS,wet-wet,800.4796892617657,150,94,4,0.14551467213010183,800.4796892617657,150,134,5,0.06942524567619801
PORTO,VIMIANZO,dry-dry,205.27483647472724,1017,612,23,0.47124828449129225,205.27483647472724,1017,989,13,0.4460900623955593
PORTO,VIMIANZO,dry-wet,205.27483647472724,601,301,17,-0.3718519619524985,205.27483647472724,601,550,16,-0.3565463678751997
PORTO,VIMIANZO,wet-wet,205.27483647472724,777,483,13,0.45054684222889324,205.27483647472724,777,765,12,0.3646939339694775
PORTO,ZAMORA,dry-dry,247.6299619146027,1020,439,17,0.38094207625287735,247.6299619146027,1020,998,15,0.3379788238966242
PORTO,ZAMORA,dry-wet,247.6299619146027,458,207,11,-0.3019657396035624,247.6299619146027,458,414,17,-0.2950243921557262
PORTO,ZAMORA,wet-wet,247.6299619146027,401,283,9,0.35559650444953106,247.6299619146027,401,365,8,0.3146757851332943
SORIA,TARIFA,dry-dry,694.9126272193365,684,268,12,0.3626731061923435,694.9126272193365,684,655,12,0.25689558092697967
SORIA,TARIFA,dry-wet,694.9126272193365,418,137,8,-0.29473655302914287,694.9126272193365,418,360,15,-0.27011906303768124
SORIA,TARIFA,wet-wet,694.9126272193365,273,189,8,0.24116035392145757,694.9126272193365,273,260,8,0.2514510269307507
SORIA,TORREVIEJA,dry-dry,448.56461736700817,863,238,15,0.182204412782738,448.56461736700817,863,819,13,0.10232334057904344
SORIA,TORREVIEJA,dry-wet,448.56461736700817,586,229,14,-0.06986209459753011,448.56461736700817,586,532,15,-0.10182282113169538
SORIA,TORREVIEJA,wet-wet,448.56461736700817,113,82,4,0.015182375258881997,448.56461736700817,113,107,5,-0.009489059567895933
SORIA,VALENCIA,dry-dry,311.4245680650915,783,322,14,0.31466397217778574,311.4245680650915,783,713,14,0.31654112975463755
SORIA,VALENCIA,dry-wet,311.4245680650915,430,183,11,-0.2677916910530334,311.4245680650915,430,370,14,-0.2026916043085245
SORIA,VALENCIA,wet-wet,311.4245680650915,227,169,6,0.2554292165274788,311.4245680650915,227,214,6,0.18324615166379002
SORIA,VANDELLOS,dry-dry,294.2799122527215,800,374,15,0.3414049824414571,294.2799122527215,800,792,15,0.38623761767510134
SORIA,VANDELLOS,dry-wet,294.2799122527215,441,196,10,-0.31259586442893367,294.2799122527215,441,403,15,-0.2707026542483599
SORIA,VANDELLOS,wet-wet,294.2799122527215,226,160,5,0.2714686725394998,294.2799122527215,226,217,6,0.2866647017276403
SORIA,VIMIANZO,dry-dry,557.200305739203,762,394,16,0.24349756821845703,557.200305739203,762,762,16,0.26971235496249024
SORIA,VIMIANZO,dry-wet,557.200305739203,692,335,16,-0.21730211051318113,557.200305739203,692,671,22,-0.20602343400578454
SORIA,VIMIANZO,wet-wet,557.200305739203,573,327,12,0.21189290491062354,557.200305739203,573,561,12,0.21145318734430682
SORIA,ZAMORA,dry-dry,271.7560381571126,900,514,17,0.4829503180945369,271.7560381571126,900,875,12,0.4511862497182244
SORIA,ZAMORA,dry-wet,271.7560381571126,382,206,12,-0.3100011175279562,271.7560381571126,382,342,13,-0.32814548390729126
SORIA,ZAMORA,wet-wet,271.7560381571126,429,334,10,0.46142055431008777,271.7560381571126,429,401,7,0.4470583350576535
TARIFA,TORREVIEJA,dry-dry,485.82495470794737,1078,240,11,0.21752705958973267,485.82495470794737,1078,1041,14,0.17305313050343368
TARIFA,TORREVIEJA,dry-wet,485.82495470794737,357,81,5,-0.3788695957512762,485.82495470794737,357,289,11,-0.22148685326096276
TARIFA,TORREVIEJA,wet-wet,485.82495470794737,113,72,3,0.39856520725532807,485.82495470794737,113,90,3,0.37883760736925587
TARIFA,VALENCIA,dry-dry,600.0115551800452,930,268,14,0.2975515210027842,600.0115551800452,930,906,15,0.2522931204988512
TARIFA,VALENCIA,dry-wet,600.0115551800452,363,113,7,-0.13329689615529366,600.0115551800452,363,332,16,-0.23175702368618195
TARIFA,VALENCIA,wet-wet,600.0115551800452,168,114,5,0.06624463935296739,600.0115551800452,168,159,6,0.09369581201281507
TARIFA,VANDELLOS,dry-dry,786.5750226201751,952,229,11,0.1488765567968698,786.5750226201751,952,933,15,0.18446748782435912
TARIFA,VANDELLOS,dry-wet,786.5750226201751,356,129,8,-0.014752934601021733,786.5750226201751,356,319,14,-0.19750698515892656
TARIFA,VANDELLOS,wet-wet,786.5750226201751,136,78,3,0.1611544823253329,786.5750226201751,136,125,5,0.15414149892173598
TARIFA,VIMIANZO,dry-dry,836.9590183426419,822,240,12,0.2090218470394768,836.9590183426419,822,807,15,0.07895808682632101
TARIFA,VIMIANZO,dry-wet,836.9590183426419,871,313,18,-0.10536399470862694,836.9590183426419,871,853,24,-0.12308657253216801
TARIFA,VIMIANZO,wet-wet,836.9590183426419,324,173,8,0.10267021928810621,836.9590183426419,324,300,9,0.11281149941520902
TARIFA,ZAMORA,dry-dry,611.8722859515716,996,438,19,0.3943231410528056,611.8722859515716,996,996,16,0.3197973446656299
TARIFA,ZAMORA,dry-wet,611.8722859515716,422,193,11,-0.27145253411682474,611.8722859515716,422,370,16,-0.24582714380786308
TARIFA,ZAMORA,wet-wet,611.8722859515716,264,193,8,0.22909326631293814,611.8722859515716,264,241,7,0.23803949961232093
TORREVIEJA,VALENCIA,dry-dry,169.8382864010786,1116,377,17,0.4644763712313018,169.8382864010786,1116,1108,15,0.3831769843686968
TORREVIEJA,VALENCIA,dry-wet,169.8382864010786,265,92,7,-0.18758795689476668,169.8382864010786,265,236,11,-0.3896765777440188
TORREVIEJA,VALENCIA,wet-wet,169.8382864010786,155,120,3,0.3823774299071299,169.8382864010786,155,137,3,0.3642523012981753
TORREVIEJA,VANDELLOS,dry-dry,358.203279690541,1304,322,16,0.3972155594198882,358.203279690541,1304,1304,16,0.295189075652434
TORREVIEJA,VANDELLOS,dry-wet,358.203279690541,330,105,8,-0.21256186752278905,358.203279690541,330,308,13,-0.24361882063397705
TORREVIEJA,VANDELLOS,wet-wet,358.203279690541,110,75,2,0.1328628409766575,358.203279690541,110,107,4,0.0942246856301658
TORREVIEJA,VIMIANZO,dry-dry,902.3822987500527,901,239,15,-0.11231902541878018,902.3822987500527,901,892,15,-0.032535084420334294
TORREVIEJA,VIMIANZO,dry-wet,902.3822987500527,1206,388,22,0.011568854288364851,902.3822987500527,1206,1172,21,0.0035606958860024246
TORREVIEJA,VIMIANZO,wet-wet,902.3822987500527,133,85,5,-0.1562538482991236,902.3822987500527,133,116,5,-0.21498627806819778
TORREVIEJA,ZAMORA,dry-dry,582.362225280907,1116,291,18,0.13663141013944455,582.362225280907,1116,1102,15,0.08427017540435977
TORREVIEJA,ZAMORA,dry-wet,582.362225280907,568,238,16,-0.06490533133697135,582.362225280907,568,509,16,-0.05157949281781578
TORREVIEJA,ZAMORA,wet-wet,582.362225280907,96,65,3,-0.10047335617246224,582.362225280907,96,78,3,-0.08118991538680995
VALENCIA,VANDELLOS,dry-dry,195.02382803981865,1085,490,18,0.3583233067923808,195.02382803981865,1085,1085,16,0.4332829909749983
VALENCIA,VANDELLOS,dry-wet,195.02382803981865,275,95,7,-0.4376828406724548,195.02382803981865,275,211,9,-0.42031880393982035
VALENCIA,VANDELLOS,wet-wet,195.02382803981865,188,155,4,0.3812367158932379,195.02382803981865,188,178,4,0.35475026920703623
VALENCIA,VIMIANZO,dry-dry,826.7374398316697,820,179,9,0.055442138995021664,826.7374398316697,820,820,16,0.05955225606781742
VALENCIA,VIMIANZO,dry-wet,826.7374398316697,972,373,21,0.08040066600363963,826.7374398316697,972,956,24,0.03346505459931535
VALENCIA,VIMIANZO,wet-wet,826.7374398316697,240,168,8,-0.1406123111605154,826.7374398316697,240,227,7,-0.07933662053770084
VALENCIA,ZAMORA,dry-dry,507.1099386270944,1030,280,13,0.2721142372102552,507.1099386270944,1030,1030,16,0.17718565876447015
VALENCIA,ZAMORA,dry-wet,507.1099386270944,480,211,11,-0.18699416858343754,507.1099386270944,480,438,16,-0.17633480103198992
VALENCIA,ZAMORA,wet-wet,507.1099386270944,191,139,6,0.02497888456788821,507.1099386270944,191,170,5,0.06425729512113411
VANDELLOS,VIMIANZO,dry-dry,851.479477362233,897,306,17,0.02132506930583128,851.479477362233,897,891,15,0.11595617484584111
VANDELLOS,VIMIANZO,dry-wet,851.479477362233,984,439,25,-0.06843429079693475,851.479477362233,984,923,20,-0.05620050525024551
VANDELLOS,VIMIANZO,wet-wet,851.479477362233,268,176,7,0.035627112259397804,851.479477362233,268,248,7,0.055395023009111484
VANDELLOS,ZAMORA,dry-dry,555.7626101277917,1090,313,14,0.19926523057556156,555.7626101277917,1090,1090,16,0.18076740651628187
VANDELLOS,ZAMORA,dry-wet,555.7626101277917,526,241,13,-0.1684624882554773,555.7626101277917,526,478,16,-0.15355197874326276
VANDELLOS,ZAMORA,wet-wet,555.7626101277917,178,125,5,0.31097159036229277,555.7626101277917,178,161,5,0.26966901515558667
VIMIANZO,ZAMORA,dry-dry,321.827705472062,1025,460,20,0.23450237545582744,321.827705472062,1025,1012,15,0.21121439934144406
VIMIANZO,ZAMORA,dry-wet,321.827705472062,845,396,20,-0.2382815648526139,321.827705472062,845,819,22,-0.26845818498429785
VIMIANZO,ZAMORA,wet-wet,321.827705472062,565,358,13,0.23560030303599233,321.827705472062,565,564,13,0.16315110814415218
